curve_id,abs_step_L,abs_step_R
1,960,62
1,959,62
1,958,62
1,957,62
1,957,63
1,956,63
1,955,63
1,954,63
1,953,63
1,952,63
1,952,64
1,951,64
1,950,64
1,949,64
1,948,64
1,947,64
1,947,65
1,946,65
1,945,65
1,945,66
1,945,67
1,944,67
1,944,68
1,944,69
1,944,70
1,944,71
1,944,72
1,944,73
1,944,74
1,944,75
1,945,75
1,945,76
1,945,77
1,945,78
1,946,78
1,946,79
1,946,80
1,947,80
1,947,81
1,947,82
1,948,82
1,948,83
1,948,84
1,948,85
1,948,86
1,948,87
1,947,87
1,947,88
1,946,88
1,945,88
1,944,88
1,943,88
1,942,88
1,942,89
1,941,89
1,940,89
1,939,89
1,938,89
1,938,90
1,937,90
1,936,90
1,935,90
1,934,90
1,933,90
1,933,91
1,932,91
1,931,91
1,930,91
1,929,91
1,929,92
1,928,92
1,927,92
1,926,92
1,925,92
1,925,93
1,924,93
1,923,93
1,922,93
1,922,94
1,921,94
1,920,94
1,919,94
1,918,94
1,918,95
1,917,95
1,916,95
1,916,96
1,916,97
1,916,98
1,916,99
1,916,100
1,916,101
1,916,102
1,916,103
1,917,103
1,917,104
1,917,105
1,918,105
1,918,106
1,918,107
1,919,107
1,919,108
1,919,109
1,919,110
1,920,110
1,920,111
1,920,112
1,921,112
1,921,113
1,921,114
1,921,115
1,921,116
1,920,116
1,919,116
1,919,117
1,918,117
1,917,117
1,916,117
1,915,117
1,915,118
1,914,118
1,913,118
1,912,118
1,912,119
1,911,119
1,910,119
1,909,119
1,908,119
1,908,120
1,908,121
1,907,121
1,907,122
1,907,123
1,907,124
1,907,125
1,907,126
1,907,127
1,907,128
1,908,128
1,908,129
1,908,130
1,909,130
1,909,131
1,909,132
1,910,132
1,910,133
1,910,134
1,911,134
1,911,135
1,911,136
1,912,136
1,912,137
1,912,138
1,912,139
1,912,140
1,912,141
1,911,141
1,911,142
1,910,142
1,909,142
1,908,142
1,907,142
1,907,143
1,906,143
1,905,143
1,904,143
1,903,143
1,903,144
1,902,144
1,901,144
1,900,144
1,900,145
1,899,145
1,898,145
1,897,145
1,897,146
1,896,146
1,895,146
1,894,146
1,894,147
1,893,147
1,892,147
1,891,147
1,891,148
1,890,148
1,889,148
1,888,148
1,888,149
1,887,149
1,886,149
1,885,149
1,885,150
1,884,150
1,883,150
1,882,150
1,882,151
1,882,152
1,882,153
1,882,154
1,882,155
1,882,156
1,882,157
1,882,158
1,882,159
1,883,159
1,883,160
1,883,161
1,884,161
1,884,162
1,884,163
1,884,164
1,885,164
1,885,165
1,885,166
1,886,166
1,886,167
1,886,168
1,886,169
1,887,169
1,887,170
1,887,171
1,887,172
1,886,172
1,885,172
1,885,173
1,884,173
1,883,173
1,882,173
1,882,174
1,881,174
1,880,174
1,879,174
1,879,175
1,878,175
1,877,175
1,876,175
1,876,176
1,875,176
1,874,176
1,874,177
1,873,177
1,872,177
1,871,177
1,871,178
1,870,178
1,869,178
1,868,178
1,868,179
1,867,179
1,866,179
1,866,180
1,865,180
1,864,180
1,863,180
1,863,181
1,862,181
1,861,181
1,861,182
1,860,182
1,859,182
1,858,182
1,858,183
1,858,184
1,857,184
1,857,185
1,857,186
1,857,187
1,857,188
1,857,189
1,857,190
1,857,191
1,857,192
1,858,192
1,858,193
1,858,194
1,859,194
1,859,195
1,859,196
1,860,196
1,860,197
1,860,198
1,861,198
1,861,199
1,861,200
1,862,200
1,862,201
1,862,202
1,862,203
1,862,204
1,861,204
1,861,205
1,860,205
1,859,205
1,859,206
1,858,206
1,857,206
1,856,206
1,856,207
1,855,207
1,854,207
1,854,208
1,853,208
1,852,208
1,851,208
1,851,209
1,850,209
1,849,209
1,849,210
1,848,210
1,847,210
1,846,210
1,846,211
1,845,211
1,844,211
1,844,212
1,843,212
1,842,212
1,842,213
1,841,213
1,840,213
1,840,214
1,839,214
1,838,214
1,837,214
1,837,215
1,836,215
1,835,215
1,835,216
1,834,216
1,833,216
1,833,217
1,832,217
1,831,217
1,831,218
1,830,218
1,829,218
1,828,218
1,828,219
1,827,219
1,826,219
1,826,220
1,825,220
1,824,220
1,824,221
1,823,221
1,822,221
1,822,222
1,821,222
1,820,222
1,820,223
1,819,223
1,818,223
1,818,224
1,817,224
1,816,224
1,816,225
1,815,225
1,814,225
1,814,226
1,813,226
1,812,226
1,812,227
1,811,227
1,810,227
1,810,228
1,809,228
1,808,228
1,808,229
1,807,229
1,806,229
1,806,230
1,805,230
1,804,230
1,804,231
1,803,231
1,802,231
1,802,232
1,802,233
1,801,233
1,801,234
1,801,235
1,801,236
1,801,237
1,801,238
1,801,239
1,801,240
1,802,240
1,802,241
1,802,242
1,803,242
1,803,243
1,803,244
1,804,244
1,804,245
1,804,246
1,805,246
1,805,247
1,805,248
1,806,248
1,806,249
1,806,250
1,806,251
1,807,251
1,807,252
1,807,253
1,806,253
1,805,253
1,805,254
1,804,254
1,804,255
1,803,255
1,803,256
1,802,256
1,801,256
1,801,257
1,800,257
1,800,258
1,799,258
1,798,258
1,798,259
1,797,259
1,796,259
1,796,260
1,795,260
1,794,260
1,793,260
1,792,260
1,792,261
1,791,261
1,790,261
1,790,262
1,790,263
1,789,263
1,789,264
1,788,264
1,787,264
1,786,264
1,785,264
1,785,265
1,784,265
1,783,265
1,783,266
1,783,267
1,782,267
1,781,267
1,781,268
1,780,268
1,780,269
1,779,269
1,778,269
1,777,269
1,776,269
1,776,270
1,775,270
1,774,270
1,774,271
1,773,271
1,773,272
1,773,273
1,772,273
1,771,273
1,771,274
1,770,274
1,769,274
1,769,275
1,768,275
1,767,275
1,766,275
1,766,276
1,765,276
1,764,276
1,764,277
1,763,277
1,763,278
1,763,279
1,762,279
1,761,279
1,761,280
1,760,280
1,759,280
1,759,281
1,758,281
1,758,282
1,757,282
1,756,282
1,755,282
1,755,283
1,754,283
1,754,284
1,753,284
1,753,285
1,752,285
1,751,285
1,751,286
1,750,286
1,749,286
1,748,286
1,748,287
1,747,287
1,747,288
1,746,288
1,746,289
1,745,289
1,745,290
1,744,290
1,744,291
1,743,291
1,742,291
1,742,292
1,741,292
1,740,292
1,739,292
1,739,293
1,738,293
1,737,293
1,737,294
1,737,295
1,736,295
1,736,296
1,735,296
1,735,297
1,734,297
1,733,297
1,732,297
1,732,298
1,731,298
1,730,298
1,730,299
1,730,300
1,729,300
1,729,301
1,728,301
1,727,301
1,727,302
1,726,302
1,726,303
1,725,303
1,724,303
1,724,304
1,723,304
1,722,304
1,721,304
1,721,305
1,720,305
1,720,306
1,719,306
1,718,306
1,717,306
1,716,306
1,715,306
1,715,305
1,715,304
1,714,304
1,714,303
1,714,302
1,713,302
1,713,301
1,713,300
1,712,300
1,712,299
1,712,298
1,711,298
1,711,297
1,711,296
1,710,296
1,710,295
1,710,294
1,709,294
1,708,294
1,707,294
1,706,294
1,705,294
1,704,294
1,703,294
1,702,294
1,701,294
1,701,295
1,700,295
1,700,296
1,699,296
1,699,297
1,698,297
1,697,297
1,697,298
1,696,298
1,696,299
1,695,299
1,695,300
1,694,300
1,693,300
1,693,301
1,692,301
1,692,302
1,691,302
1,691,303
1,690,303
1,690,304
1,689,304
1,688,304
1,688,305
1,687,305
1,687,306
1,686,306
1,686,307
1,685,307
1,684,307
1,684,308
1,683,308
1,683,309
1,682,309
1,682,310
1,681,310
1,680,310
1,679,310
1,678,310
1,677,310
1,677,309
1,677,308
1,676,308
1,676,307
1,676,306
1,675,306
1,675,305
1,675,304
1,674,304
1,674,303
1,674,302
1,673,302
1,673,301
1,673,300
1,672,300
1,671,300
1,671,299
1,670,299
1,669,299
1,668,299
1,667,299
1,666,299
1,665,299
1,665,300
1,664,300
1,663,300
1,663,301
1,662,301
1,662,302
1,661,302
1,661,303
1,660,303
1,660,304
1,659,304
1,658,304
1,658,305
1,657,305
1,656,305
1,655,305
1,655,304
1,654,304
1,654,303
1,654,302
1,653,302
1,653,301
1,653,300
1,653,299
1,652,299
1,652,298
1,652,297
1,651,297
1,651,296
1,651,295
1,650,295
1,650,294
1,649,294
1,648,294
1,647,294
1,646,294
1,645,294
1,644,294
1,643,294
1,643,295
1,642,295
1,641,295
1,641,296
1,640,296
1,640,297
1,639,297
1,639,298
1,638,298
1,638,299
1,637,299
1,637,300
1,636,300
1,635,300
1,634,300
1,633,300
1,633,299
1,632,299
1,632,298
1,632,297
1,631,297
1,631,296
1,631,295
1,630,295
1,630,294
1,630,293
1,629,293
1,629,292
1,629,291
1,628,291
1,627,291
1,626,291
1,625,291
1,625,290
1,624,290
1,623,290
1,622,290
1,621,290
1,621,291
1,620,291
1,620,292
1,619,292
1,619,293
1,618,293
1,618,294
1,617,294
1,617,295
1,616,295
1,615,295
1,615,296
1,615,297
1,615,298
1,615,299
1,614,299
1,614,300
1,614,301
1,614,302
1,614,303
1,614,304
1,614,305
1,615,305
1,615,306
1,615,307
1,616,307
1,616,308
1,616,309
1,617,309
1,617,310
1,617,311
1,618,311
1,618,312
1,618,313
1,618,314
1,618,315
1,618,316
1,618,317
1,617,317
1,617,318
1,616,318
1,615,318
1,615,319
1,614,319
1,614,320
1,613,320
1,613,321
1,612,321
1,612,322
1,611,322
1,611,323
1,610,323
1,610,324
1,609,324
1,609,325
1,609,326
1,609,327
1,608,327
1,608,328
1,608,329
1,608,330
1,608,331
1,608,332
1,608,333
1,609,333
1,609,334
1,609,335
1,610,335
1,610,336
1,610,337
1,611,337
1,611,338
1,611,339
1,612,339
1,612,340
1,612,341
1,613,341
1,613,342
1,613,343
1,613,344
1,613,345
1,612,345
1,612,346
1,611,346
1,611,347
1,610,347
1,610,348
1,609,348
1,608,348
1,608,349
1,607,349
1,607,350
1,606,350
1,606,351
1,605,351
1,605,352
1,604,352
1,604,353
1,603,353
1,603,354
1,603,355
1,603,356
1,603,357
1,603,358
1,603,359
1,603,360
1,603,361
1,603,362
1,603,363
1,604,363
1,604,364
1,605,364
1,605,365
1,605,366
1,606,366
1,606,367
1,606,368
1,607,368
1,607,369
1,607,370
1,608,370
1,608,371
1,608,372
1,608,373
1,608,374
1,607,374
1,607,375
1,606,375
1,606,376
1,605,376
1,604,376
1,604,377
1,603,377
1,603,378
1,602,378
1,602,379
1,601,379
1,601,380
1,600,380
1,600,381
1,599,381
1,599,382
1,598,382
1,598,383
1,597,383
1,597,384
1,596,384
1,596,385
1,595,385
1,595,386
1,594,386
1,594,387
1,593,387
1,593,388
1,592,388
1,592,389
1,591,389
1,591,390
1,590,390
1,590,391
1,589,391
1,589,392
1,588,392
1,588,393
1,587,393
1,587,394
1,586,394
1,586,395
1,585,395
1,585,396
1,585,397
1,585,398
1,585,399
1,585,400
1,585,401
1,585,402
1,585,403
1,585,404
1,586,404
1,586,405
1,586,406
1,587,406
1,587,407
1,588,407
1,588,408
1,588,409
1,589,409
1,589,410
1,589,411
1,590,411
1,590,412
1,590,413
1,590,414
1,590,415
1,590,416
1,589,416
1,589,417
1,588,417
1,588,418
1,588,419
1,587,419
1,587,420
1,586,420
1,586,421
1,585,421
1,585,422
1,584,422
1,584,423
1,583,423
1,583,424
1,582,424
1,582,425
1,581,425
1,581,426
1,581,427
1,581,428
1,581,429
1,581,430
1,581,431
1,581,432
1,582,432
1,582,433
1,582,434
1,583,434
1,583,435
1,584,435
1,584,436
1,584,437
1,585,437
1,585,438
1,586,438
1,586,439
1,586,440
1,587,440
1,587,441
1,587,442
1,587,443
1,587,444
1,587,445
1,587,446
1,586,446
1,586,447
1,585,447
1,585,448
1,585,449
1,584,449
1,584,450
1,583,450
1,583,451
1,582,451
1,582,452
1,581,452
1,581,453
1,580,453
1,580,454
1,579,454
1,579,455
1,578,455
1,578,456
1,577,456
1,577,457
1,576,457
1,576,458
1,575,458
1,575,459
1,574,459
1,574,460
1,573,460
1,573,461
1,572,461
1,572,462
1,571,462
1,571,463
1,570,463
1,570,464
1,569,464
1,569,465
1,568,465
1,568,466
1,568,467
1,567,467
1,567,468
1,566,468
1,566,469
1,566,470
1,565,470
1,565,471
1,565,472
1,565,473
1,565,474
1,566,474
1,566,475
1,567,475
1,567,476
1,567,477
1,568,477
1,568,478
1,569,478
1,569,479
1,569,480
1,570,480
1,570,481
1,571,481
1,571,482
1,571,483
1,571,484
1,572,484
1,572,485
1,572,486
1,572,487
1,572,488
1,572,489
1,572,490
1,571,490
1,571,491
1,570,491
1,570,492
1,569,492
1,569,493
1,568,493
1,568,494
1,567,494
1,567,495
1,566,495
1,566,496
1,565,496
1,565,497
1,565,498
1,564,498
1,564,499
1,563,499
1,563,500
1,562,500
1,562,501
1,561,501
1,561,502
1,560,502
1,560,503
1,559,503
1,559,504
1,558,504
1,558,505
1,557,505
1,557,506
1,557,507
1,556,507
1,556,508
1,555,508
1,555,509
1,554,509
1,554,510
1,553,510
1,553,511
1,552,511
1,551,511
1,551,512
1,550,512
1,549,512
1,548,512
1,548,513
1,548,514
1,548,515
1,548,516
1,549,516
1,550,516
1,550,517
1,551,517
1,551,518
1,551,519
1,552,519
1,552,520
1,553,520
1,553,521
1,554,521
1,554,522
1,554,523
1,555,523
1,555,524
1,556,524
1,556,525
1,556,526
1,557,526
1,557,527
1,558,527
1,558,528
1,559,528
1,559,529
1,559,530
1,559,531
1,559,532
1,559,533
1,559,534
1,558,534
1,558,535
1,557,535
1,557,536
1,556,536
1,556,537
1,555,537
1,555,538
1,554,538
1,554,539
1,554,540
1,553,540
1,553,541
1,552,541
1,552,542
1,551,542
1,551,543
1,550,543
1,550,544
1,549,544
1,549,545
1,549,546
1,548,546
1,548,547
1,547,547
1,547,548
1,546,548
1,546,549
1,545,549
1,545,550
1,544,550
1,544,551
1,544,552
1,543,552
1,543,553
1,542,553
1,542,554
1,541,554
1,541,555
1,540,555
1,540,556
1,540,557
1,539,557
1,539,558
1,538,558
1,538,559
1,537,559
1,537,560
1,536,560
1,536,561
1,536,562
1,535,562
1,535,563
1,534,563
1,534,564
1,533,564
1,533,565
1,532,565
1,532,566
1,532,567
1,531,567
1,531,568
1,530,568
1,530,569
1,529,569
1,529,570
1,528,570
1,528,571
1,528,572
1,527,572
1,527,573
1,526,573
1,526,574
1,525,574
1,525,575
1,525,576
1,524,576
1,524,577
1,523,577
1,523,578
1,522,578
1,522,579
1,522,580
1,521,580
1,521,581
1,520,581
1,520,582
1,519,582
1,519,583
1,518,583
1,518,584
1,518,585
1,517,585
1,517,586
1,516,586
1,516,587
1,515,587
1,515,588
1,515,589
1,514,589
1,514,590
1,513,590
1,513,591
1,513,592
1,512,592
1,512,593
1,511,593
1,511,594
1,510,594
1,510,595
1,510,596
1,509,596
1,509,597
1,508,597
1,508,598
1,507,598
1,507,599
1,507,600
1,506,600
1,506,601
1,505,601
1,505,602
1,504,602
1,504,603
1,504,604
1,503,604
1,502,604
1,501,604
1,500,604
1,500,603
1,499,603
1,499,602
1,498,602
1,498,601
1,498,600
1,497,600
1,497,599
1,496,599
1,496,598
1,495,598
1,495,597
1,495,596
1,494,596
1,494,595
1,493,595
1,493,594
1,492,594
1,491,594
1,491,593
1,490,593
1,489,593
1,488,593
1,487,593
1,487,594
1,487,595
1,486,595
1,486,596
1,485,596
1,485,597
1,485,598
1,484,598
1,484,599
1,483,599
1,483,600
1,482,600
1,482,601
1,482,602
1,481,602
1,480,602
1,480,603
1,479,603
1,478,603
1,477,603
1,476,603
1,476,602
1,475,602
1,475,601
1,474,601
1,474,600
1,474,599
1,473,599
1,473,598
1,472,598
1,472,597
1,471,597
1,471,596
1,470,596
1,470,595
1,470,594
1,469,594
1,469,593
1,468,593
1,468,592
1,467,592
1,467,591
1,466,591
1,466,590
1,466,589
1,465,589
1,465,588
1,464,588
1,464,587
1,463,587
1,463,586
1,462,586
1,462,585
1,462,584
1,461,584
1,461,583
1,460,583
1,460,582
1,459,582
1,459,581
1,458,581
1,458,580
1,458,579
1,457,579
1,457,578
1,456,578
1,456,577
1,455,577
1,455,576
1,454,576
1,454,575
1,454,574
1,453,574
1,453,573
1,452,573
1,452,572
1,451,572
1,451,571
1,450,571
1,450,570
1,450,569
1,449,569
1,449,568
1,448,568
1,448,567
1,447,567
1,447,566
1,446,566
1,446,565
1,446,564
1,445,564
1,445,563
1,444,563
1,444,562
1,443,562
1,443,561
1,442,561
1,442,560
1,442,559
1,441,559
1,441,558
1,440,558
1,440,557
1,439,557
1,439,556
1,438,556
1,438,555
1,437,555
1,437,554
1,437,553
1,436,553
1,436,552
1,435,552
1,435,551
1,434,551
1,434,550
1,433,550
1,433,549
1,432,549
1,432,548
1,432,547
1,431,547
1,431,546
1,430,546
1,430,545
1,429,545
1,429,544
1,428,544
1,428,543
1,427,543
1,427,542
1,427,541
1,426,541
1,426,540
1,425,540
1,425,539
1,424,539
1,424,538
1,423,538
1,423,537
1,423,536
1,423,535
1,423,534
1,423,533
1,423,532
1,424,532
1,424,531
1,425,531
1,425,530
1,426,530
1,426,529
1,426,528
1,427,528
1,427,527
1,428,527
1,428,526
1,429,526
1,429,525
1,429,524
1,430,524
1,430,523
1,431,523
1,431,522
1,431,521
1,431,520
1,431,519
1,431,518
1,431,517
1,431,516
1,431,515
1,430,515
1,430,514
1,429,514
1,429,513
1,428,513
1,428,512
1,427,512
1,427,511
1,427,510
1,426,510
1,426,509
1,425,509
1,425,508
1,425,507
1,425,506
1,425,505
1,425,504
1,425,503
1,426,503
1,426,502
1,427,502
1,427,501
1,428,501
1,428,500
1,429,500
1,429,499
1,429,498
1,430,498
1,430,497
1,431,497
1,431,496
1,432,496
1,432,495
1,432,494
1,432,493
1,433,493
1,433,492
1,433,491
1,433,490
1,433,489
1,433,488
1,433,487
1,433,486
1,432,486
1,432,485
1,431,485
1,431,484
1,431,483
1,430,483
1,430,482
1,429,482
1,429,481
1,428,481
1,427,481
1,426,481
1,425,481
1,424,481
1,423,481
1,423,482
1,423,483
1,422,483
1,422,484
1,421,484
1,421,485
1,420,485
1,420,486
1,420,487
1,419,487
1,419,488
1,418,488
1,418,489
1,417,489
1,417,490
1,416,490
1,416,491
1,416,492
1,415,492
1,415,493
1,414,493
1,414,494
1,413,494
1,413,495
1,413,496
1,412,496
1,412,497
1,411,497
1,411,498
1,410,498
1,410,499
1,410,500
1,409,500
1,409,501
1,408,501
1,408,502
1,407,502
1,407,503
1,407,504
1,406,504
1,406,505
1,405,505
1,405,506
1,404,506
1,404,507
1,404,508
1,403,508
1,403,509
1,402,509
1,402,510
1,401,510
1,401,511
1,401,512
1,400,512
1,400,513
1,399,513
1,399,514
1,398,514
1,398,515
1,398,516
1,397,516
1,397,517
1,396,517
1,396,518
1,395,518
1,395,519
1,395,520
1,394,520
1,394,521
1,393,521
1,393,522
1,392,522
1,392,523
1,392,524
1,391,524
1,391,525
1,390,525
1,390,526
1,390,527
1,389,527
1,389,528
1,388,528
1,388,529
1,387,529
1,387,530
1,387,531
1,386,531
1,386,532
1,385,532
1,385,533
1,384,533
1,384,534
1,384,535
1,383,535
1,383,536
1,382,536
1,382,537
1,382,538
1,381,538
1,381,539
1,380,539
1,380,540
1,379,540
1,379,541
1,379,542
1,378,542
1,378,543
1,377,543
1,377,544
1,377,545
1,376,545
1,376,546
1,375,546
1,375,547
1,375,548
1,374,548
1,374,549
1,373,549
1,373,550
1,372,550
1,372,551
1,372,552
1,371,552
1,371,553
1,370,553
1,370,554
1,370,555
1,369,555
1,369,556
1,368,556
1,368,557
1,368,558
1,367,558
1,367,559
1,366,559
1,366,560
1,366,561
1,365,561
1,365,562
1,364,562
1,364,563
1,363,563
1,363,564
1,363,565
1,362,565
1,362,566
1,361,566
1,361,567
1,361,568
1,360,568
1,360,569
1,359,569
1,359,570
1,359,571
1,358,571
1,358,572
1,357,572
1,357,573
1,357,574
1,356,574
1,356,575
1,355,575
1,355,576
1,355,577
1,354,577
1,354,578
1,353,578
1,353,579
1,353,580
1,352,580
1,352,581
1,351,581
1,351,582
1,351,583
1,350,583
1,350,584
1,349,584
1,349,585
1,349,586
1,348,586
1,348,587
1,347,587
1,347,588
1,347,589
1,346,589
1,346,590
1,345,590
1,345,591
1,345,592
1,344,592
1,344,593
1,343,593
1,343,594
1,343,595
1,342,595
1,342,596
1,342,597
1,341,597
1,341,598
1,340,598
1,340,599
1,340,600
1,339,600
1,339,601
1,338,601
1,338,602
1,338,603
1,337,603
1,337,604
1,336,604
1,336,605
1,336,606
1,335,606
1,335,607
1,334,607
1,334,608
1,334,609
1,333,609
1,333,610
1,333,611
1,332,611
1,332,612
1,331,612
1,331,613
1,331,614
1,330,614
1,330,615
1,329,615
1,329,616
1,329,617
1,328,617
1,328,618
1,328,619
1,327,619
1,327,620
1,326,620
1,326,621
1,326,622
1,325,622
1,325,623
1,325,624
1,324,624
1,324,625
1,323,625
1,323,626
1,323,627
1,322,627
1,322,628
1,321,628
1,321,629
1,321,630
1,320,630
1,320,631
1,320,632
1,319,632
1,319,633
1,318,633
1,318,634
1,318,635
1,317,635
1,317,636
1,317,637
1,316,637
1,316,638
1,315,638
1,315,639
1,315,640
1,314,640
1,314,641
1,314,642
1,313,642
1,313,643
1,313,644
1,312,644
1,311,644
1,311,645
1,311,646
1,310,646
1,310,647
1,309,647
1,308,647
1,307,647
1,306,647
1,305,647
1,304,647
1,304,646
1,303,646
1,303,645
1,302,645
1,302,644
1,301,644
1,300,644
1,300,643
1,299,643
1,298,643
1,298,642
1,297,642
1,296,642
1,295,642
1,294,642
1,294,643
1,294,644
1,293,644
1,293,645
1,292,645
1,292,646
1,292,647
1,291,647
1,291,648
1,291,649
1,290,649
1,290,650
1,289,650
1,289,651
1,289,652
1,288,652
1,288,653
1,288,654
1,287,654
1,287,655
1,287,656
1,286,656
1,286,657
1,285,657
1,285,658
1,285,659
1,284,659
1,284,660
1,284,661
1,283,661
1,283,662
1,283,663
1,282,663
1,282,664
1,281,664
1,281,665
1,281,666
1,280,666
1,280,667
1,280,668
1,279,668
1,279,669
1,279,670
1,278,670
1,278,671
1,278,672
1,277,672
1,277,673
1,276,673
1,276,674
1,276,675
1,275,675
1,275,676
1,275,677
1,274,677
1,274,678
1,274,679
1,273,679
1,273,680
1,273,681
1,272,681
1,272,682
1,272,683
1,271,683
1,271,684
1,270,684
1,270,685
1,270,686
1,269,686
1,269,687
1,269,688
1,268,688
1,268,689
1,268,690
1,267,690
1,267,691
1,267,692
1,266,692
1,266,693
1,266,694
1,265,694
1,265,695
1,265,696
1,264,696
1,264,697
1,264,698
1,263,698
1,263,699
1,263,700
1,262,700
1,262,701
1,261,701
1,261,702
1,261,703
1,260,703
1,260,704
1,260,705
1,259,705
1,259,706
1,259,707
1,258,707
1,258,708
1,258,709
1,257,709
1,257,710
1,257,711
1,256,711
1,256,712
1,256,713
1,255,713
1,255,714
1,255,715
1,254,715
1,254,716
1,254,717
1,253,717
1,253,718
1,253,719
1,252,719
1,252,720
1,252,721
1,251,721
1,251,722
1,251,723
1,250,723
1,250,724
1,250,725
1,249,725
1,249,726
1,249,727
1,248,727
1,248,728
1,248,729
1,247,729
1,247,730
1,247,731
1,246,731
1,246,732
1,246,733
1,246,734
1,245,734
1,245,735
1,245,736
1,244,736
1,244,737
1,244,738
1,243,738
1,243,739
1,243,740
1,242,740
1,242,741
1,242,742
1,241,742
1,241,743
1,241,744
1,240,744
1,240,745
1,240,746
1,239,746
1,239,747
1,239,748
1,238,748
1,238,749
1,238,750
1,238,751
1,237,751
1,237,752
1,237,753
1,236,753
1,236,754
1,236,755
1,235,755
1,235,756
1,235,757
1,234,757
1,234,758
1,234,759
1,233,759
1,233,760
1,233,761
1,233,762
1,232,762
1,232,763
1,232,764
1,231,764
1,231,765
1,231,766
1,230,766
1,230,767
1,230,768
1,229,768
1,229,769
1,229,770
1,228,770
1,227,770
1,226,770
1,225,770
1,224,770
1,223,770
1,223,769
1,222,769
1,222,768
1,221,768
1,221,767
1,220,767
1,219,767
1,219,766
1,218,766
1,218,765
1,217,765
1,216,765
1,215,765
1,214,765
1,213,765
1,213,766
1,213,767
1,212,767
1,212,768
1,212,769
1,211,769
1,211,770
1,211,771
1,210,771
1,210,772
1,210,773
1,210,774
1,209,774
1,209,775
1,209,776
1,208,776
1,208,777
1,208,778
1,207,778
1,207,779
1,206,779
1,205,779
1,204,779
1,203,779
1,202,779
1,201,779
1,200,779
1,200,778
1,199,778
1,198,778
1,198,777
1,197,777
1,197,776
1,196,776
1,195,776
1,194,776
1,193,776
1,192,776
1,191,776
1,191,777
1,190,777
1,190,778
1,190,779
1,190,780
1,189,780
1,189,781
1,189,782
1,188,782
1,188,783
1,188,784
1,187,784
1,187,785
1,187,786
1,187,787
1,186,787
1,186,788
1,186,789
1,185,789
1,185,790
1,184,790
1,183,790
1,182,790
1,181,790
1,180,790
1,179,790
1,178,790
1,177,790
1,176,790
1,176,789
1,175,789
1,175,788
1,174,788
1,173,788
1,173,787
1,172,787
1,172,786
1,171,786
1,170,786
1,170,785
1,169,785
1,169,784
1,168,784
1,167,784
1,167,783
1,166,783
1,165,783
1,165,782
1,164,782
1,164,781
1,163,781
1,162,781
1,162,780
1,161,780
1,161,779
1,160,779
1,159,779
1,159,778
1,158,778
1,157,778
1,157,777
1,156,777
1,156,776
1,155,776
1,154,776
1,154,775
1,153,775
1,152,775
1,152,774
1,151,774
1,150,774
1,150,773
1,149,773
1,149,772
1,148,772
1,147,772
1,147,771
1,146,771
1,145,771
1,145,770
1,144,770
1,143,770
1,143,769
1,142,769
1,141,769
1,141,768
1,140,768
1,139,768
1,139,767
1,138,767
1,138,766
1,137,766
1,136,766
1,136,765
1,135,765
1,134,765
1,134,764
1,133,764
1,132,764
1,132,763
1,131,763
1,130,763
1,130,762
1,129,762
1,128,762
1,128,761
1,127,761
1,126,761
1,126,760
1,125,760
1,124,760
1,124,759
1,123,759
1,122,759
1,122,758
1,121,758
1,120,758
1,119,758
1,119,757
1,118,757
1,117,757
1,117,756
1,116,756
1,115,756
1,115,755
1,114,755
1,113,755
1,113,754
1,112,754
1,111,754
1,111,753
1,110,753
1,109,753
1,109,752
1,108,752
1,107,752
1,106,752
1,106,751
1,105,751
1,104,751
1,104,750
1,103,750
1,102,750
1,102,749
1,101,749
1,100,749
1,99,749
1,99,748
1,98,748
1,97,748
1,96,748
1,96,747
1,95,747
1,94,747
1,94,746
1,93,746
1,92,746
1,92,745
1,91,745
1,90,745
1,89,745
1,89,744
1,88,744
1,87,744
1,86,744
1,86,743
1,85,743
1,84,743
1,83,743
1,83,742
1,82,742
1,81,742
1,81,741
1,80,741
1,79,741
1,78,741
1,78,740
1,77,740
1,76,740
1,75,740
1,75,739
1,74,739
1,73,739
1,72,739
1,72,738
1,71,738
1,70,738
1,69,738
1,69,737
1,68,737
1,67,737
1,66,737
1,66,736
1,65,736
1,64,736
1,63,736
1,63,735
1,62,735
1,61,735
1,60,735
1,59,735
1,59,734
1,58,734
1,57,734
1,56,734
1,56,733
1,55,733
1,54,733
1,53,733
1,52,733
1,52,732
1,51,732
1,50,732
1,49,732
1,49,731
1,48,731
1,47,731
1,46,731
1,45,731
1,45,730
1,44,730
1,43,730
1,42,730
1,41,730
1,41,729
1,40,729
1,39,729
1,38,729
1,37,729
1,37,728
1,36,728
1,35,728
1,34,728
1,33,728
1,33,727
1,32,727
1,31,727
1,30,727
1,29,727
1,29,726
1,28,726
1,27,726
1,26,726
1,25,726
1,24,726
1,24,725
1,23,725
1,22,725
1,21,725
1,20,725
1,20,724
1,19,724
1,18,724
1,17,724
1,16,724
1,15,724
1,15,723
1,14,723
1,13,723
1,12,723
1,11,723
1,10,723
1,9,723
1,9,722
1,8,722
1,7,722
1,6,722
1,5,722
1,4,722
1,3,722
1,3,721
1,2,721
1,1,721
1,0,721
1,-1,721
1,-2,721
1,-2,720
1,-3,720
1,-4,720
1,-5,720
1,-6,720
1,-7,720
1,-8,720
1,-9,720
1,-9,719
1,-10,719
1,-11,719
1,-12,719
1,-13,719
1,-14,719
1,-15,719
1,-16,719
1,-17,719
1,-17,718
1,-18,718
1,-19,718
1,-20,718
1,-21,718
1,-22,718
1,-23,718
1,-24,718
1,-25,718
1,-25,717
1,-26,717
1,-27,717
1,-28,717
1,-29,717
1,-30,717
1,-31,717
1,-32,717
1,-33,717
1,-34,717
1,-35,717
1,-35,716
1,-36,716
1,-37,716
1,-38,716
1,-39,716
1,-40,716
1,-41,716
1,-42,716
1,-43,716
1,-44,716
1,-45,716
1,-46,716
1,-47,716
1,-48,716
1,-48,715
1,-49,715
1,-50,715
1,-51,715
1,-52,715
1,-53,715
1,-54,715
1,-55,715
1,-56,715
1,-57,715
1,-58,715
1,-59,715
1,-60,715
1,-61,715
1,-62,715
1,-63,715
1,-64,715
1,-65,715
1,-66,715
1,-67,715
1,-68,715
1,-68,714
1,-69,714
1,-69,713
1,-69,712
1,-69,711
1,-69,710
1,-69,709
1,-69,708
1,-68,708
1,-68,707
1,-68,706
1,-67,706
1,-67,705
1,-67,704
1,-66,704
1,-66,703
1,-66,702
1,-65,702
1,-65,701
1,-64,701
1,-64,700
1,-64,699
1,-63,699
1,-63,698
1,-63,697
1,-62,697
1,-62,696
1,-62,695
1,-62,694
1,-62,693
1,-63,693
1,-64,693
1,-65,693
1,-66,693
1,-67,693
1,-68,693
1,-69,693
1,-70,693
1,-70,692
1,-71,692
1,-72,692
1,-73,692
1,-74,692
1,-74,691
1,-74,690
1,-74,689
1,-74,688
1,-74,687
1,-74,686
1,-73,686
1,-73,685
1,-73,684
1,-72,684
1,-72,683
1,-71,683
1,-71,682
1,-71,681
1,-70,681
1,-70,680
1,-70,679
1,-69,679
1,-69,678
1,-68,678
1,-68,677
1,-68,676
1,-68,675
1,-67,675
1,-67,674
1,-67,673
1,-67,672
1,-67,671
1,-68,671
1,-69,671
1,-70,671
1,-71,671
1,-72,671
1,-73,671
1,-74,671
1,-75,671
1,-76,671
1,-77,671
1,-78,671
1,-79,671
1,-79,670
1,-79,669
1,-79,668
1,-79,667
1,-79,666
1,-79,665
1,-79,664
1,-78,664
1,-78,663
1,-77,663
1,-77,662
1,-77,661
1,-76,661
1,-76,660
1,-75,660
1,-75,659
1,-75,658
1,-74,658
1,-74,657
1,-73,657
1,-73,656
1,-73,655
1,-72,655
1,-72,654
1,-71,654
1,-71,653
1,-71,652
1,-70,652
1,-70,651
1,-70,650
1,-69,650
1,-69,649
1,-68,649
1,-68,648
1,-68,647
1,-67,647
1,-67,646
1,-66,646
1,-66,645
1,-66,644
1,-65,644
1,-65,643
1,-64,643
1,-64,642
1,-63,642
1,-63,641
1,-63,640
1,-62,640
1,-62,639
1,-61,639
1,-61,638
1,-61,637
1,-60,637
1,-60,636
1,-59,636
1,-59,635
1,-59,634
1,-58,634
1,-58,633
1,-57,633
1,-57,632
1,-57,631
1,-56,631
1,-56,630
1,-55,630
1,-55,629
1,-55,628
1,-54,628
1,-54,627
1,-53,627
1,-53,626
1,-53,625
1,-52,625
1,-52,624
1,-51,624
1,-51,623
1,-50,623
1,-50,622
1,-50,621
1,-49,621
1,-49,620
1,-48,620
1,-48,619
1,-48,618
1,-47,618
1,-47,617
1,-46,617
1,-46,616
1,-45,616
1,-45,615
1,-45,614
1,-44,614
1,-44,613
1,-43,613
1,-43,612
1,-43,611
1,-42,611
1,-42,610
1,-41,610
1,-41,609
1,-40,609
1,-40,608
1,-40,607
1,-39,607
1,-39,606
1,-38,606
1,-38,605
1,-37,605
1,-37,604
1,-37,603
1,-36,603
1,-36,602
1,-35,602
1,-35,601
1,-35,600
1,-34,600
1,-34,599
1,-33,599
1,-33,598
1,-32,598
1,-32,597
1,-32,596
1,-31,596
1,-31,595
1,-30,595
1,-30,594
1,-29,594
1,-29,593
1,-29,592
1,-28,592
1,-28,591
1,-27,591
1,-27,590
1,-26,590
1,-26,589
1,-26,588
1,-25,588
1,-25,587
1,-24,587
1,-24,586
1,-23,586
1,-23,585
1,-23,584
1,-22,584
1,-22,583
1,-21,583
1,-21,582
1,-20,582
1,-20,581
1,-20,580
1,-19,580
1,-19,579
1,-18,579
1,-18,578
1,-17,578
1,-17,577
1,-16,577
1,-16,576
1,-16,575
1,-15,575
1,-15,574
1,-14,574
1,-14,573
1,-13,573
1,-13,572
1,-13,571
1,-12,571
1,-12,570
1,-11,570
1,-11,569
1,-10,569
1,-10,568
1,-10,567
1,-9,567
1,-9,566
1,-8,566
1,-8,565
1,-7,565
1,-7,564
1,-6,564
1,-6,563
1,-6,562
1,-5,562
1,-5,561
1,-4,561
1,-4,560
1,-3,560
1,-3,559
1,-2,559
1,-2,558
1,-2,557
1,-1,557
1,-1,556
1,0,556
1,0,555
1,1,555
1,1,554
1,2,554
1,2,553
1,2,552
1,3,552
1,3,551
1,4,551
1,4,550
1,5,550
1,5,549
1,6,549
1,6,548
1,6,547
1,7,547
1,7,546
1,8,546
1,8,545
1,9,545
1,9,544
1,10,544
1,10,543
1,10,542
1,11,542
1,11,541
1,12,541
1,12,540
1,13,540
1,13,539
1,14,539
1,14,538
1,14,537
1,15,537
1,15,536
1,16,536
1,16,535
1,17,535
1,17,534
1,18,534
1,18,533
1,18,532
1,19,532
1,19,531
1,20,531
1,20,530
1,21,530
1,21,529
1,22,529
1,22,528
1,23,527
1,23,526
1,24,526
1,24,525
1,25,525
1,25,524
1,26,524
1,26,523
1,27,523
1,27,522
1,28,522
1,28,521
1,28,520
1,29,520
1,29,519
1,30,519
1,30,518
1,31,518
1,31,517
1,32,517
1,32,516
1,32,515
1,33,515
1,33,514
1,34,514
1,34,513
1,35,513
1,35,512
1,36,512
1,36,511
1,37,511
1,37,510
1,37,509
1,38,509
1,38,508
1,39,508
1,39,507
1,40,507
1,40,506
1,41,506
1,41,505
1,42,505
1,42,504
1,43,504
1,43,503
1,43,502
1,44,502
1,44,501
1,45,501
1,45,500
1,46,500
1,46,499
1,47,499
1,47,498
1,48,498
1,48,497
1,48,496
1,49,496
1,49,495
1,50,495
1,50,494
1,51,494
1,51,493
1,52,493
1,52,492
1,53,492
1,53,491
1,54,491
1,54,490
1,54,489
1,55,489
1,55,488
1,56,488
1,56,487
1,57,487
1,57,486
1,58,486
1,58,485
1,59,485
1,59,484
1,60,484
1,60,483
1,60,482
1,61,482
1,61,481
1,62,481
1,62,480
1,63,480
1,63,479
1,64,479
1,64,478
1,65,478
1,65,477
1,66,477
1,66,476
1,66,475
1,67,475
1,67,474
1,68,474
1,68,473
1,69,473
1,69,472
1,70,472
1,70,471
1,71,471
1,71,470
1,72,470
1,72,469
1,72,468
1,73,468
1,73,467
1,74,467
1,74,466
1,75,466
1,75,465
1,76,465
1,76,464
1,77,464
1,77,463
1,78,463
1,78,462
1,79,461
1,79,460
1,80,460
1,80,459
1,81,459
1,81,458
1,82,458
1,82,457
1,83,457
1,83,456
1,84,456
1,84,455
1,85,455
1,85,454
1,85,453
1,86,453
1,86,452
1,87,452
1,87,451
1,88,451
1,88,450
1,89,450
1,89,449
1,90,449
1,90,448
1,91,448
1,91,447
1,92,447
1,92,446
1,92,445
1,93,445
1,93,444
1,94,444
1,94,443
1,95,443
1,95,442
1,96,442
1,96,441
1,97,441
1,97,440
1,98,440
1,98,439
1,99,439
1,99,438
1,99,437
1,100,437
1,100,436
1,101,436
1,101,435
1,102,435
1,102,434
1,103,434
1,103,433
1,104,433
1,104,432
1,105,432
1,105,431
1,106,431
1,106,430
1,106,429
1,107,429
1,107,428
1,108,428
1,109,427
1,109,426
1,110,426
1,110,425
1,111,425
1,111,424
1,112,424
1,112,423
1,113,423
1,113,422
1,114,422
1,114,421
1,114,420
1,115,420
1,115,419
1,116,419
1,116,418
1,117,418
1,117,417
1,118,417
1,118,416
1,119,416
1,119,415
1,120,415
1,120,414
1,121,414
1,121,413
1,121,412
1,122,412
1,122,411
1,123,411
1,123,410
1,124,410
1,124,409
1,125,409
1,125,408
1,126,408
1,126,407
1,127,407
1,127,406
1,128,406
1,128,405
1,129,405
1,129,404
1,130,403
1,130,402
1,131,402
1,131,401
1,132,401
1,132,400
1,133,400
1,133,399
1,134,399
1,134,398
1,135,398
1,135,397
1,136,397
1,136,396
1,136,395
1,137,395
1,137,394
1,138,394
1,138,393
1,139,393
1,139,392
1,140,392
1,140,391
1,141,391
1,141,390
1,142,390
1,142,389
1,143,388
1,144,388
1,144,387
1,145,386
1,145,385
1,146,385
1,146,384
1,147,384
1,147,383
1,148,383
1,148,382
1,149,382
1,149,381
1,150,381
1,150,380
1,151,380
1,151,379
1,152,379
1,152,378
1,153,377
1,154,376
1,154,375
1,155,375
1,155,374
1,156,374
1,156,373
1,157,373
1,157,372
1,158,372
1,158,371
1,159,371
1,159,370
1,160,370
1,160,369
1,161,368
1,161,367
1,162,367
1,162,366
1,163,366
1,163,365
1,164,365
1,164,364
1,165,364
1,165,363
1,166,363
1,166,362
1,167,361
1,168,360
1,169,359
1,169,358
1,170,358
1,170,357
1,171,357
1,171,356
1,172,356
1,172,355
1,173,355
1,173,354
1,174,354
1,174,353
1,175,353
1,175,352
1,176,351
1,176,350
1,177,350
1,178,349
1,178,348
1,179,348
1,179,347
1,180,347
1,180,346
1,181,346
1,181,345
1,182,345
1,182,344
1,183,343
1,183,342
1,184,342
1,184,341
1,185,341
1,185,340
1,186,340
1,186,339
1,187,339
1,187,338
1,188,338
1,188,337
1,189,337
1,189,336
1,190,335
1,190,334
1,191,334
1,191,333
1,192,333
1,192,332
1,193,332
1,193,331
1,194,331
1,194,330
1,195,330
1,195,329
1,196,328
1,197,327
1,197,326
1,198,326
1,198,325
1,199,325
1,199,324
1,200,324
1,200,323
1,201,323
1,201,322
1,202,322
1,202,321
1,203,321
1,203,320
1,204,320
1,204,319
1,205,318
1,205,317
1,206,317
1,206,316
1,207,316
1,207,315
1,208,315
1,208,314
1,209,314
1,209,313
1,210,313
1,210,312
1,211,312
1,211,311
1,212,310
1,213,309
1,213,308
1,214,308
1,214,307
1,215,307
1,215,306
1,216,306
1,216,305
1,217,305
1,217,304
1,218,303
1,219,302
1,219,301
1,220,301
1,220,300
1,221,300
1,221,299
1,222,299
1,222,298
1,223,298
1,223,297
1,224,297
1,224,296
1,225,295
1,225,294
1,226,294
1,226,293
1,227,293
1,227,292
1,228,292
1,228,291
1,229,291
1,229,290
1,230,289
1,231,288
1,232,287
1,232,286
1,233,286
1,233,285
1,234,285
1,234,284
1,235,284
1,235,283
1,236,283
1,236,282
1,237,282
1,237,281
1,238,280
1,238,279
1,239,279
1,239,278
1,240,278
1,240,277
1,241,277
1,241,276
1,242,276
1,242,275
1,243,275
1,243,274
1,244,273
1,244,272
1,245,272
1,245,271
1,246,271
1,246,270
1,247,270
1,247,269
1,248,269
1,248,268
1,249,268
1,249,267
1,250,266
1,251,265
1,251,264
1,252,264
1,252,263
1,253,262
1,253,261
1,254,260
1,254,259
1,254,258
1,254,257
1,254,256
1,254,255
1,254,254
1,253,254
1,253,253
1,252,253
1,251,253
1,250,253
1,249,253
1,249,254
1,248,254
1,248,255
1,247,255
1,247,256
1,246,257
1,245,258
1,245,259
1,244,259
1,244,260
1,243,260
1,243,261
1,242,261
1,242,262
1,241,262
1,241,263
1,240,264
1,240,265
1,239,265
1,239,266
1,238,266
1,238,267
1,237,267
1,237,268
1,236,268
1,236,269
1,235,270
1,234,271
1,233,272
1,233,273
1,232,273
1,232,274
1,231,274
1,231,275
1,230,275
1,229,275
1,228,275
1,227,275
1,226,275
1,225,275
1,224,275
1,223,275
1,222,275
1,221,275
1,220,275
1,219,275
1,218,276
1,217,277
1,216,278
1,216,279
1,215,279
1,215,280
1,214,280
1,214,281
1,213,281
1,213,282
1,212,282
1,212,283
1,211,284
1,210,285
1,209,286
1,208,287
1,208,288
1,207,288
1,207,289
1,206,289
1,206,290
1,205,290
1,205,291
1,204,292
1,203,293
1,202,294
1,202,295
1,201,295
1,201,296
1,200,296
1,200,297
1,199,297
1,198,298
1,197,298
1,196,298
1,195,298
1,194,298
1,193,298
1,192,298
1,191,298
1,190,298
1,189,298
1,188,298
1,188,297
1,187,297
1,186,297
1,186,296
1,185,296
1,185,295
1,184,295
1,184,294
1,183,294
1,182,294
1,182,293
1,181,293
1,180,293
1,180,292
1,179,292
1,179,291
1,178,291
1,177,291
1,177,290
1,176,290
1,175,290
1,175,289
1,174,289
1,174,288
1,173,288
1,172,288
1,172,287
1,171,287
1,170,287
1,170,286
1,169,286
1,168,286
1,168,285
1,167,285
1,166,285
1,166,284
1,165,284
1,164,284
1,164,283
1,163,283
1,162,283
1,161,283
1,161,282
1,160,282
1,160,281
1,160,280
1,161,279
1,162,278
1,163,277
1,164,276
1,165,275
1,166,274
1,167,273
1,168,272
1,169,271
1,170,270
1,171,269
1,172,268
1,173,267
1,174,266
1,175,265
1,175,264
1,176,264
1,177,263
1,177,262
1,178,262
1,178,261
1,179,261
1,179,260
1,180,259
1,181,258
1,182,257
1,183,256
1,184,255
1,185,254
1,186,253
1,187,252
1,187,251
1,188,250
1,188,249
1,188,248
1,188,247
1,188,246
1,188,245
1,188,244
1,188,243
1,188,242
1,189,241
1,190,240
1,191,239
1,192,238
1,193,237
1,193,236
1,194,235
1,195,234
1,196,233
1,197,232
1,198,231
1,199,230
1,200,229
1,201,228
1,202,227
1,203,226
1,204,225
1,205,224
1,205,223
1,206,223
1,206,222
1,207,221
1,208,220
1,209,219
1,210,218
1,211,217
1,212,216
1,213,215
1,214,214
1,214,213
1,215,213
1,215,212
1,216,211
1,217,210
1,218,209
1,219,208
1,220,207
1,221,206
1,222,205
1,223,204
1,224,203
1,224,202
1,225,201
1,226,200
1,227,199
1,228,198
1,229,197
1,230,196
1,231,195
1,231,194
1,232,193
1,233,192
1,234,191
1,235,190
1,236,189
1,237,188
1,237,187
1,238,187
1,238,186
1,239,185
1,240,184
1,241,183
1,242,182
1,243,181
1,244,180
1,244,179
1,245,178
1,246,177
1,247,176
1,248,175
1,249,174
1,250,173
1,250,172
1,251,171
1,252,170
1,253,169
1,254,168
1,255,167
1,255,166
1,256,165
1,257,164
1,258,163
1,259,162
1,260,161
1,260,160
1,261,159
1,262,158
1,263,157
1,264,156
1,264,155
1,265,154
1,266,153
1,267,152
1,268,151
1,269,150
1,269,149
1,270,148
1,271,147
1,272,146
1,273,145
1,273,144
1,274,143
1,275,142
1,276,141
1,277,140
1,277,139
1,278,138
1,279,137
1,280,136
1,281,135
1,281,134
1,282,133
1,283,132
1,284,131
1,285,130
1,285,129
1,286,128
1,287,127
1,288,126
1,288,125
1,289,124
1,290,123
1,291,122
1,292,121
1,292,120
1,293,119
1,294,118
1,295,117
1,295,116
1,296,115
1,297,114
1,298,113
1,298,112
1,299,111
1,300,110
1,301,109
1,301,108
1,302,107
1,303,106
1,304,105
1,304,104
1,305,103
1,306,102
1,307,101
1,307,100
1,308,99
1,309,98
1,310,97
1,310,96
1,311,95
1,312,94
1,313,93
1,313,92
1,314,91
1,315,90
1,315,89
1,316,88
1,317,87
1,318,86
1,318,85
1,319,84
1,320,83
1,321,81
1,322,80
1,323,79
1,323,78
1,324,77
1,325,76
1,326,74
1,327,73
1,328,71
1,329,70
1,330,69
1,330,68
1,331,67
1,332,66
1,332,65
1,333,64
1,334,63
1,335,62
1,335,61
1,336,60
1,337,59
1,337,58
1,338,57
1,339,56
1,339,55
1,340,54
1,341,53
1,341,52
1,342,51
1,343,50
1,343,49
1,344,48
1,345,47
1,345,46
1,346,45
1,347,44
1,347,43
1,348,42
1,349,40
1,350,39
1,351,38
1,351,37
1,352,36
1,353,35
1,353,34
1,354,33
1,355,31
1,356,30
1,357,28
1,358,27
1,359,25
1,360,24
1,360,23
1,361,22
1,362,20
1,363,19
1,364,17
1,365,16
1,365,15
1,366,14
1,367,12
1,368,11
1,368,10
1,369,9
1,370,7
1,371,6
1,371,5
1,372,4
1,373,3
1,373,2
1,374,1
1,375,-1
1,376,-2
1,376,-3
1,377,-4
1,378,-6
1,379,-7
1,379,-8
1,380,-9
1,381,-11
1,382,-13
1,383,-14
1,383,-15
1,384,-16
1,385,-18
1,386,-19
1,386,-20
1,387,-21
1,387,-22
1,388,-23
1,389,-25
1,390,-25
1,391,-25
1,391,-24
1,391,-23
1,391,-22
1,391,-21
1,391,-20
1,391,-19
1,391,-18
1,391,-17
1,392,-17
1,393,-18
1,393,-19
1,394,-20
1,394,-21
1,395,-22
1,396,-24
1,397,-25
1,397,-26
1,398,-27
1,398,-28
1,399,-29
1,400,-31
1,401,-32
1,401,-33
1,402,-34
1,402,-35
1,403,-36
1,404,-38
1,405,-39
1,405,-40
1,406,-41
1,406,-42
1,407,-43
1,408,-45
1,409,-46
1,409,-47
1,410,-48
1,410,-49
1,411,-50
1,411,-51
1,412,-52
1,412,-53
1,413,-54
1,414,-56
1,415,-57
1,415,-58
1,416,-59
1,416,-60
1,417,-61
1,417,-62
1,418,-63
1,418,-64
1,419,-65
1,420,-67
1,421,-69
1,422,-71
1,423,-73
1,424,-75
1,425,-77
1,426,-79
1,427,-81
1,428,-83
1,429,-85
1,430,-87
1,431,-89
1,432,-91
1,433,-93
1,434,-95
1,435,-97
1,436,-99
1,437,-101
1,438,-103
1,439,-105
1,440,-107
1,441,-109
1,442,-110
1,442,-109
1,442,-108
1,442,-107
1,442,-106
1,442,-105
1,442,-104
1,441,-102
1,441,-101
1,441,-100
1,441,-99
1,441,-98
1,440,-96
1,440,-95
1,440,-94
1,440,-93
1,439,-91
1,439,-90
1,439,-89
1,439,-88
1,438,-86
1,438,-85
1,438,-84
1,439,-86
1,440,-88
1,441,-90
1,442,-92
1,443,-94
1,444,-96
1,445,-98
1,446,-100
1,447,-101
1,447,-102
1,448,-103
1,448,-104
1,449,-105
1,449,-106
1,450,-107
1,450,-108
1,451,-109
1,451,-110
1,452,-111
1,452,-112
1,453,-113
1,453,-114
1,454,-115
1,454,-116
1,455,-117
1,455,-118
1,456,-119
1,457,-121
1,457,-122
1,458,-123
1,458,-124
1,459,-126
1,460,-127
1,461,-129
1,461,-128
1,462,-130
1,462,-129
1,462,-128
1,462,-127
1,462,-126
1,462,-125
1,461,-123
1,461,-122
1,461,-121
1,461,-120
1,460,-118
1,460,-117
1,460,-116
1,460,-115
1,460,-114
1,460,-113
1,459,-111
1,459,-110
1,459,-109
1,459,-108
1,459,-107
1,459,-106
1,460,-107
1,461,-108
1,462,-110
1,463,-112
1,464,-113
1,464,-114
1,465,-115
1,465,-116
1,466,-117
1,466,-118
1,467,-119
1,467,-120
1,468,-121
1,468,-122
1,469,-123
1,469,-124
1,470,-125
1,470,-126
1,471,-127
1,472,-129
1,473,-131
1,474,-133
1,475,-135
1,476,-137
1,477,-139
1,478,-141
1,479,-143
1,480,-145
1,480,-146
1,481,-147
1,481,-148
1,482,-149
1,482,-150
1,483,-151
1,483,-152
1,484,-153
1,484,-154
1,485,-155
1,485,-156
1,486,-157
1,486,-158
1,487,-160
1,488,-162
1,489,-164
1,490,-166
1,491,-168
1,492,-170
1,493,-172
1,494,-174
1,494,-175
1,495,-176
1,495,-177
1,496,-179
1,497,-181
1,498,-183
1,498,-182
1,499,-184
1,500,-186
1,501,-188
1,502,-190
1,502,-189
1,502,-188
1,502,-187
1,502,-186
1,502,-185
1,502,-184
1,502,-183
1,502,-182
1,502,-181
1,502,-180
1,502,-179
1,502,-178
1,502,-177
1,502,-176
1,502,-175
1,502,-174
1,501,-173
1,501,-172
1,501,-171
1,501,-170
1,501,-169
1,501,-168
1,501,-167
1,501,-166
1,501,-165
1,501,-164
1,502,-164
1,503,-164
1,504,-165
1,504,-166
1,505,-167
1,505,-168
1,506,-169
1,506,-170
1,507,-171
1,507,-172
1,508,-173
1,508,-174
1,509,-174
1,509,-175
1,509,-176
1,510,-176
1,510,-177
1,510,-178
1,511,-179
1,511,-180
1,512,-180
1,512,-181
1,512,-182
1,513,-182
1,513,-183
1,513,-184
1,514,-185
1,514,-186
1,515,-187
1,515,-188
1,516,-189
1,516,-190
1,517,-191
1,517,-192
1,518,-192
1,519,-192
1,519,-191
1,519,-190
1,519,-189
1,519,-188
1,519,-187
1,519,-186
1,519,-185
1,519,-184
1,519,-183
1,518,-182
1,518,-181
1,518,-180
1,518,-179
1,518,-178
1,518,-177
1,518,-176
1,518,-175
1,518,-174
1,518,-173
1,517,-173
1,517,-172
1,517,-171
1,517,-170
1,517,-169
1,518,-169
1,519,-169
1,520,-169
1,520,-170
1,521,-170
1,521,-171
1,522,-172
1,522,-173
1,523,-174
1,523,-175
1,524,-175
1,524,-176
1,524,-177
1,525,-177
1,525,-178
1,526,-179
1,526,-180
1,527,-181
1,527,-182
1,527,-183
1,528,-183
1,528,-184
1,529,-185
1,530,-186
1,530,-187
1,530,-188
1,531,-188
1,531,-189
1,531,-190
1,532,-190
1,532,-191
1,532,-192
1,533,-192
1,534,-192
1,535,-192
1,535,-191
1,535,-190
1,535,-189
1,535,-188
1,535,-187
1,535,-186
1,535,-185
1,535,-184
1,535,-183
1,535,-182
1,534,-181
1,534,-180
1,534,-179
1,534,-178
1,534,-177
1,534,-176
1,534,-175
1,534,-174
1,534,-173
1,534,-172
1,534,-171
1,535,-171
1,536,-171
1,537,-171
1,537,-172
1,538,-173
1,538,-174
1,539,-174
1,539,-175
1,539,-176
1,540,-176
1,540,-177
1,541,-178
1,541,-179
1,542,-179
1,542,-180
1,542,-181
1,543,-181
1,543,-182
1,544,-183
1,544,-184
1,545,-185
1,545,-186
1,546,-186
1,546,-187
1,546,-188
1,547,-188
1,547,-189
1,548,-190
1,548,-191
1,549,-192
1,549,-193
1,550,-193
1,550,-194
1,550,-195
1,551,-195
1,551,-196
1,552,-197
1,552,-198
1,552,-199
1,553,-199
1,553,-200
1,554,-200
1,554,-201
1,554,-202
1,555,-202
1,555,-203
1,556,-204
1,556,-205
1,557,-206
1,557,-207
1,558,-207
1,558,-208
1,558,-209
1,559,-209
1,559,-210
1,559,-211
1,560,-211
1,560,-212
1,561,-213
1,561,-214
1,562,-214
1,562,-215
1,562,-216
1,563,-216
1,563,-217
1,563,-218
1,564,-218
1,564,-219
1,564,-220
1,565,-220
1,565,-221
1,566,-221
1,566,-222
1,566,-223
1,566,-224
1,566,-225
1,567,-225
1,567,-226
1,567,-227
1,567,-228
1,568,-228
1,568,-229
1,568,-230
1,568,-231
1,569,-231
1,569,-232
1,569,-233
1,569,-234
1,569,-235
1,569,-236
1,569,-237
1,569,-238
1,569,-239
1,569,-240
1,569,-241
1,569,-242
1,570,-242
1,570,-243
1,570,-244
1,570,-245
1,570,-246
1,570,-247
1,570,-248
1,570,-249
1,570,-250
1,570,-251
1,570,-252
1,570,-253
1,570,-254
1,570,-255
1,571,-255
1,571,-256
1,571,-257
1,571,-258
1,571,-259
1,571,-260
1,571,-261
1,571,-262
1,571,-263
1,571,-264
1,571,-265
1,571,-266
1,572,-266
1,572,-267
1,572,-268
1,572,-269
1,573,-269
1,573,-270
1,573,-271
1,574,-271
1,574,-272
1,574,-273
1,575,-273
1,575,-274
1,575,-275
1,576,-275
1,576,-276
1,576,-277
1,577,-277
1,577,-278
1,577,-279
1,578,-279
1,578,-280
1,578,-281
1,579,-281
1,579,-282
1,579,-283
1,580,-283
1,580,-284
1,580,-285
1,581,-285
1,581,-286
1,581,-287
1,582,-287
1,582,-288
1,582,-289
1,583,-289
1,583,-290
1,584,-290
1,584,-291
1,584,-292
1,585,-292
1,585,-293
1,585,-294
1,586,-294
1,586,-295
1,586,-296
1,587,-296
1,587,-297
1,587,-298
1,587,-300
1,588,-300
1,588,-301
1,588,-303
1,589,-304
1,589,-305
1,589,-306
1,589,-307
1,590,-308
1,590,-309
1,590,-310
1,590,-311
1,590,-312
1,590,-313
1,590,-314
1,590,-315
1,590,-316
1,590,-317
1,590,-318
1,590,-319
1,590,-320
1,590,-321
1,590,-322
1,590,-323
1,590,-324
1,590,-325
1,590,-326
1,591,-326
1,591,-327
1,591,-328
1,591,-329
1,591,-330
1,591,-331
1,591,-332
1,591,-333
1,591,-334
1,591,-335
1,591,-336
1,591,-337
1,591,-338
1,591,-339
1,591,-340
1,591,-341
1,591,-342
1,591,-343
1,591,-344
1,591,-345
1,591,-346
1,591,-347
1,591,-348
1,592,-348
1,592,-349
1,592,-350
1,592,-351
1,592,-352
1,592,-353
1,592,-354
1,592,-355
1,592,-356
1,593,-356
1,593,-357
1,593,-358
1,594,-358
1,594,-359
1,594,-360
1,594,-361
1,595,-361
1,595,-362
1,595,-363
1,596,-363
1,596,-364
1,596,-365
1,597,-365
1,597,-366
1,597,-367
1,598,-367
1,598,-368
1,598,-369
1,598,-370
1,599,-370
1,599,-371
1,599,-372
1,600,-372
1,600,-373
1,600,-374
1,601,-374
1,601,-375
1,601,-376
1,602,-376
1,602,-377
1,602,-378
1,602,-379
1,603,-379
1,603,-380
1,603,-381
1,604,-381
1,604,-382
1,604,-383
1,605,-383
1,605,-385
1,606,-386
1,606,-387
1,606,-388
1,606,-390
1,607,-390
1,607,-391
1,607,-393
1,607,-394
1,608,-395
1,608,-396
1,608,-398
1,608,-399
1,608,-400
1,608,-401
1,608,-402
1,608,-403
1,608,-404
1,608,-405
1,608,-406
1,608,-407
1,608,-408
1,608,-409
1,608,-410
1,608,-411
1,608,-412
1,608,-413
1,608,-414
1,608,-415
1,608,-416
1,608,-417
1,608,-418
1,608,-419
1,608,-420
1,608,-421
1,608,-422
1,608,-423
1,608,-424
1,608,-425
1,608,-426
1,608,-427
1,608,-428
1,608,-429
1,608,-430
1,608,-431
1,608,-432
1,608,-433
1,608,-434
1,608,-435
1,608,-436
1,608,-437
1,608,-438
1,608,-439
1,608,-440
1,608,-441
1,608,-442
1,608,-443
1,608,-444
1,608,-445
1,608,-446
1,608,-447
1,608,-448
1,608,-449
1,608,-450
1,608,-451
1,608,-452
1,608,-453
1,608,-454
1,608,-455
1,608,-456
1,608,-457
1,608,-459
1,608,-460
1,608,-461
1,608,-462
1,608,-463
1,608,-464
1,608,-465
1,608,-466
1,608,-467
1,608,-468
1,609,-468
1,609,-469
1,609,-470
1,609,-471
1,610,-471
1,610,-472
1,610,-474
1,610,-475
1,610,-477
1,610,-478
1,611,-478
1,611,-479
1,611,-480
1,611,-481
1,612,-481
1,612,-482
1,612,-483
1,612,-484
1,613,-484
1,613,-485
1,613,-486
1,613,-487
1,614,-487
1,614,-488
1,614,-489
1,615,-489
1,615,-490
1,615,-491
1,615,-493
1,616,-493
1,616,-494
1,616,-495
1,617,-495
1,617,-496
1,617,-497
1,617,-498
1,618,-498
1,618,-499
1,618,-500
1,619,-500
1,619,-501
1,619,-502
1,619,-503
1,620,-503
1,620,-504
1,620,-505
1,621,-505
1,621,-506
1,621,-508
1,621,-509
1,622,-509
1,622,-510
1,623,-510
1,623,-511
1,623,-513
1,623,-514
1,624,-514
1,624,-515
1,624,-516
1,625,-516
1,625,-518
1,625,-519
1,626,-519
1,626,-521
1,627,-521
1,627,-522
1,627,-524
1,628,-524
1,628,-525
1,629,-526
1,629,-527
1,629,-528
1,630,-528
1,630,-529
1,630,-530
1,631,-530
1,631,-531
1,631,-532
1,631,-533
1,632,-533
1,632,-534
1,632,-535
1,632,-536
1,633,-536
1,633,-537
1,633,-538
1,634,-538
1,634,-539
1,634,-540
1,635,-540
1,635,-541
1,635,-542
1,636,-542
1,636,-543
1,636,-544
1,636,-545
1,637,-545
1,637,-546
1,637,-547
1,638,-547
1,638,-548
1,639,-548
1,639,-549
1,639,-550
1,639,-551
1,640,-551
1,640,-553
1,641,-553
1,641,-554
1,641,-555
1,642,-555
1,642,-556
1,642,-557
1,643,-557
1,643,-558
1,643,-560
1,644,-560
1,644,-561
1,645,-561
1,645,-562
1,645,-563
1,645,-564
1,646,-564
1,646,-565
1,647,-565
1,647,-566
1,647,-567
1,648,-567
1,648,-568
1,648,-569
1,649,-569
1,649,-570
1,649,-571
1,650,-571
1,650,-572
1,651,-572
1,651,-573
1,651,-575
1,652,-575
1,652,-576
1,653,-576
1,653,-577
1,654,-577
1,654,-578
1,654,-579
1,654,-580
1,655,-580
1,655,-581
1,656,-581
1,656,-582
1,657,-582
1,657,-583
1,657,-584
1,658,-584
1,658,-585
1,659,-585
1,659,-586
1,659,-587
1,660,-587
1,660,-588
1,660,-589
1,661,-589
1,661,-590
1,662,-590
1,662,-591
1,663,-591
1,663,-592
1,663,-593
1,664,-593
1,664,-594
1,664,-595
1,665,-595
1,665,-596
1,666,-596
1,666,-597
1,667,-597
1,667,-598
1,667,-599
1,668,-599
1,668,-600
1,669,-600
1,669,-601
1,670,-601
1,670,-602
1,671,-602
1,671,-603
1,672,-603
1,672,-604
1,673,-604
1,673,-605
1,673,-606
1,674,-606
1,674,-607
1,675,-607
1,675,-608
1,676,-608
1,676,-609
1,677,-609
1,677,-610
1,678,-610
1,678,-611
1,679,-611
1,679,-612
1,680,-612
1,680,-613
1,681,-613
1,681,-614
1,682,-614
1,682,-615
1,683,-615
1,683,-616
1,683,-617
1,684,-617
1,684,-618
1,685,-618
1,686,-618
1,686,-619
1,687,-619
1,687,-620
1,688,-620
1,688,-621
1,689,-621
1,689,-622
1,690,-622
1,690,-623
1,691,-623
1,692,-623
1,692,-624
1,693,-624
1,693,-625
1,694,-625
1,695,-625
1,695,-626
1,696,-626
1,696,-627
1,697,-627
1,698,-627
1,698,-628
1,699,-628
1,699,-629
1,700,-629
1,701,-629
1,701,-630
1,702,-630
1,702,-631
1,703,-631
1,704,-631
1,704,-632
1,705,-632
1,706,-632
1,706,-633
1,707,-633
1,708,-633
1,708,-634
1,709,-634
1,709,-635
1,710,-635
1,711,-635
1,712,-635
1,713,-635
1,713,-636
1,714,-636
1,715,-636
1,715,-637
1,716,-637
1,717,-637
1,717,-638
1,718,-638
1,719,-638
1,720,-638
1,720,-639
1,721,-639
1,722,-639
1,723,-639
1,723,-640
1,724,-640
1,725,-640
1,726,-640
1,726,-641
1,727,-641
1,728,-641
1,729,-641
1,730,-641
1,730,-642
1,731,-642
1,732,-642
1,733,-642
1,734,-642
1,735,-642
1,735,-643
1,736,-643
1,737,-643
1,738,-643
1,739,-643
1,740,-643
1,740,-644
1,741,-644
1,742,-644
1,743,-644
1,744,-644
1,745,-644
1,746,-644
1,747,-644
1,748,-644
1,748,-645
1,749,-645
1,750,-645
1,751,-645
1,752,-645
1,753,-645
1,754,-645
1,755,-645
1,756,-645
1,757,-644
1,758,-643
1,759,-641
1,760,-640
1,761,-639
1,762,-638
1,763,-637
1,764,-635
1,765,-634
1,766,-633
1,767,-632
1,768,-630
1,769,-629
1,770,-628
1,771,-627
1,772,-625
1,773,-624
1,774,-623
1,775,-621
1,776,-620
1,777,-619
1,778,-617
1,779,-616
1,780,-615
1,781,-614
1,782,-612
1,783,-611
1,784,-610
1,785,-608
1,786,-607
1,792,-599
1,793,-597
1,794,-596
1,794,-594
1,795,-594
1,795,-593
1,796,-593
1,796,-592
1,797,-592
1,797,-591
1,798,-590
1,798,-589
1,799,-589
1,799,-588
1,800,-587
1,801,-586
1,802,-585
1,803,-583
1,804,-582
1,805,-580
1,806,-579
1,807,-577
1,808,-576
1,809,-574
1,810,-573
1,811,-571
1,812,-570
1,813,-568
1,814,-567
1,815,-565
1,816,-564
1,817,-562
1,818,-561
1,819,-559
1,820,-558
1,822,-555
1,823,-553
1,824,-552
1,825,-550
1,825,-549
1,826,-549
1,826,-548
1,826,-547
1,827,-547
1,827,-546
1,827,-545
1,828,-545
1,828,-544
1,829,-544
1,829,-543
1,829,-542
1,830,-542
1,830,-541
1,831,-541
1,832,-539
1,833,-537
1,834,-536
1,835,-534
1,836,-532
1,837,-531
1,838,-529
1,839,-528
1,840,-526
1,841,-524
1,842,-523
1,843,-521
1,844,-519
1,845,-518
1,849,-511
1,850,-509
1,851,-507
1,852,-506
1,852,-505
1,853,-504
1,853,-503
1,854,-502
1,855,-500
1,856,-499
1,857,-497
1,858,-495
1,859,-493
1,860,-491
1,861,-490
1,862,-488
1,863,-486
1,864,-484
1,865,-482
1,866,-481
1,866,-480
1,867,-479
1,867,-478
1,868,-477
1,868,-476
1,868,-475
1,869,-475
1,869,-474
1,869,-473
1,869,-472
1,870,-472
1,870,-471
1,870,-470
1,871,-470
1,871,-469
1,872,-469
1,872,-468
1,873,-468
1,873,-467
1,873,-466
1,874,-466
1,875,-464
1,876,-462
1,877,-460
1,878,-458
1,879,-456
1,880,-454
1,880,-453
1,880,-452
1,881,-452
1,881,-451
1,881,-450
1,882,-450
1,882,-449
1,883,-449
1,883,-448
1,883,-447
1,883,-446
1,883,-445
1,883,-444
1,883,-443
1,883,-442
1,883,-441
1,883,-440
1,883,-439
1,883,-438
1,884,-438
1,885,-438
1,886,-438
1,887,-438
1,888,-438
1,888,-437
1,889,-437
1,889,-436
1,889,-435
1,890,-435
1,890,-434
1,891,-433
1,891,-432
1,892,-431
1,893,-429
1,893,-428
1,893,-427
1,894,-427
1,894,-426
1,894,-425
1,895,-425
1,895,-424
1,895,-423
1,896,-423
1,896,-422
1,896,-421
1,896,-420
1,896,-419
1,896,-418
1,896,-417
1,896,-416
1,896,-415
1,896,-414
1,896,-413
1,896,-412
1,896,-411
1,896,-410
1,896,-409
1,896,-408
1,897,-408
1,897,-407
1,898,-407
1,898,-406
1,899,-406
1,900,-406
1,901,-406
1,902,-406
1,903,-406
1,904,-406
1,904,-405
1,904,-404
1,905,-404
1,905,-403
1,906,-402
1,906,-401
1,907,-400
1,907,-399
1,907,-398
1,908,-398
1,908,-397
1,908,-396
1,909,-396
1,909,-395
1,909,-394
1,910,-394
1,910,-393
1,910,-392
1,910,-391
1,910,-390
1,910,-389
1,910,-388
1,910,-387
1,910,-386
1,910,-385
1,910,-384
1,910,-383
1,910,-382
1,910,-381
1,910,-380
1,910,-379
1,910,-378
1,910,-377
1,910,-376
1,910,-375
1,910,-374
1,910,-373
1,910,-372
1,910,-371
1,910,-370
1,910,-369
1,910,-368
1,910,-367
1,910,-366
1,910,-365
1,910,-364
1,910,-363
1,910,-362
1,910,-361
1,910,-360
1,910,-359
1,910,-358
1,910,-357
1,910,-356
1,910,-355
1,910,-354
1,910,-353
1,910,-352
1,910,-351
1,910,-350
1,910,-349
1,910,-348
1,910,-347
1,910,-346
1,910,-345
1,909,-345
1,909,-344
1,909,-343
1,909,-342
1,909,-341
1,909,-340
1,909,-339
1,909,-338
1,909,-337
1,909,-336
1,909,-335
1,909,-334
1,909,-333
1,909,-332
1,909,-331
1,909,-330
1,909,-329
1,909,-328
1,909,-327
1,909,-326
1,909,-325
1,909,-324
1,909,-323
1,909,-322
1,908,-322
1,908,-321
1,907,-321
1,906,-321
1,905,-321
1,904,-321
1,903,-321
1,902,-321
1,901,-321
1,901,-320
1,900,-320
1,899,-320
1,898,-320
1,897,-320
1,896,-320
1,895,-320
1,895,-319
1,894,-319
1,894,-318
1,894,-317
1,894,-316
1,894,-315
1,893,-315
1,893,-314
1,893,-313
1,893,-312
1,893,-311
1,893,-310
1,893,-309
1,893,-308
1,893,-307
1,893,-306
1,893,-305
1,893,-304
1,893,-303
1,893,-302
1,893,-301
1,893,-300
1,893,-299
1,893,-298
1,893,-297
1,893,-296
1,893,-295
1,893,-294
1,893,-293
1,893,-292
1,893,-291
1,893,-290
1,893,-289
1,893,-288
1,893,-287
1,893,-286
1,893,-285
1,893,-284
1,893,-283
1,893,-282
1,893,-281
1,893,-280
1,893,-279
1,893,-278
1,893,-277
1,893,-276
1,893,-275
1,893,-274
1,893,-273
1,893,-272
1,893,-271
1,893,-270
1,893,-269
1,893,-268
1,893,-267
1,892,-267
1,891,-267
1,890,-267
1,890,-266
1,889,-266
1,889,-265
1,888,-265
1,887,-265
1,886,-265
1,886,-264
1,885,-264
1,884,-264
1,883,-264
1,882,-264
1,882,-263
1,881,-263
1,880,-263
1,879,-263
1,879,-262
1,878,-262
1,878,-261
1,878,-260
1,877,-260
1,877,-259
1,877,-258
1,877,-257
1,877,-256
1,877,-255
1,877,-254
1,877,-253
1,877,-252
1,877,-251
1,877,-250
1,877,-249
1,877,-248
1,877,-247
1,877,-246
1,877,-245
1,877,-244
1,877,-243
1,877,-242
1,877,-241
1,877,-240
1,877,-239
1,877,-238
1,876,-238
1,875,-238
1,875,-237
1,875,-236
1,874,-236
1,873,-236
1,872,-236
1,871,-236
1,871,-235
1,870,-235
1,869,-235
1,868,-235
1,868,-234
1,867,-234
1,866,-234
1,865,-234
1,865,-233
1,864,-233
1,863,-233
1,863,-232
1,863,-231
1,862,-231
1,862,-230
1,862,-229
1,862,-228
1,862,-227
1,862,-226
1,862,-225
1,862,-224
1,862,-223
1,862,-222
1,862,-221
1,862,-220
1,862,-219
1,862,-218
1,862,-217
1,862,-216
1,862,-215
1,862,-214
1,862,-213
1,862,-212
1,862,-211
1,862,-210
1,862,-209
1,862,-208
1,861,-208
1,861,-207
1,860,-207
1,859,-207
1,858,-207
1,858,-206
1,857,-206
1,856,-206
1,855,-206
1,855,-205
1,854,-205
1,853,-205
1,852,-205
1,852,-204
1,851,-204
1,850,-204
1,850,-203
1,849,-203
1,848,-203
1,848,-202
1,848,-201
1,847,-201
1,847,-200
1,847,-199
1,847,-198
1,847,-197
1,847,-196
1,847,-195
1,847,-194
1,847,-193
1,847,-192
1,847,-191
1,847,-190
1,847,-189
1,847,-188
1,847,-187
1,847,-186
1,847,-185
1,847,-184
1,847,-183
1,847,-182
1,847,-181
1,847,-180
1,847,-179
1,847,-178
1,846,-178
1,846,-177
1,845,-177
1,844,-177
1,843,-177
1,843,-176
1,842,-176
1,841,-176
1,841,-175
1,840,-175
1,839,-175
1,838,-175
1,838,-174
1,837,-174
1,836,-174
1,836,-173
1,835,-173
1,834,-173
1,834,-172
1,833,-172
1,833,-171
1,833,-170
1,833,-169
1,833,-168
1,833,-167
1,833,-166
1,833,-165
1,833,-164
1,833,-163
1,833,-162
1,833,-161
1,833,-160
1,833,-159
1,833,-158
1,833,-157
1,833,-156
1,833,-155
1,833,-154
1,833,-153
1,833,-152
1,833,-151
1,833,-150
1,833,-149
1,833,-148
1,833,-147
1,833,-146
1,833,-145
1,833,-144
1,833,-143
1,833,-142
1,833,-141
1,833,-140
1,833,-139
1,833,-138
1,833,-137
1,833,-136
1,833,-135
1,833,-134
1,833,-133
1,833,-132
1,833,-131
1,833,-130
1,833,-129
1,833,-128
1,833,-127
1,833,-126
1,833,-125
1,833,-124
1,833,-123
1,833,-122
1,833,-121
1,833,-120
1,833,-119
1,834,-119
1,834,-118
1,834,-117
1,834,-116
1,834,-115
1,834,-114
1,834,-113
1,834,-112
1,834,-111
1,834,-110
1,834,-109
1,834,-108
1,834,-107
1,834,-106
1,834,-105
1,835,-105
1,835,-104
1,835,-103
1,835,-102
1,835,-101
1,835,-100
1,835,-99
1,835,-98
1,835,-97
1,835,-96
1,835,-95
1,836,-95
1,836,-94
1,836,-93
1,836,-92
1,836,-91
1,836,-90
1,836,-89
1,836,-88
1,836,-87
1,836,-86
1,836,-85
1,836,-84
1,837,-84
1,837,-83
1,837,-82
1,837,-81
1,837,-80
1,837,-79
1,837,-78
1,837,-77
1,837,-76
1,837,-75
1,838,-75
1,838,-74
1,838,-73
1,838,-72
1,838,-71
1,838,-70
1,838,-69
1,838,-68
1,838,-67
1,838,-66
1,839,-66
1,839,-65
1,839,-64
1,839,-63
1,839,-62
1,839,-61
1,840,-61
1,840,-60
1,841,-60
1,842,-60
1,843,-60
1,844,-60
1,845,-60
1,846,-60
1,847,-60
1,848,-60
1,849,-60
1,850,-60
1,851,-60
1,851,-61
1,852,-61
1,853,-61
1,854,-61
1,855,-61
1,856,-61
1,856,-60
1,856,-59
1,856,-58
1,856,-57
1,856,-56
1,856,-55
1,857,-55
1,857,-54
1,857,-53
1,857,-52
1,857,-51
1,857,-50
1,857,-49
1,857,-48
1,858,-48
1,858,-47
1,858,-46
1,859,-46
1,859,-45
1,860,-45
1,861,-45
1,862,-45
1,863,-45
1,864,-45
1,865,-45
1,866,-45
1,867,-45
1,868,-45
1,869,-45
1,870,-45
1,871,-45
1,871,-46
1,872,-46
1,873,-46
1,874,-46
1,875,-46
1,875,-45
1,875,-44
1,875,-43
1,875,-42
1,875,-41
1,876,-41
1,876,-40
1,876,-39
1,876,-38
1,876,-37
1,876,-36
1,876,-35
1,877,-35
1,877,-34
1,877,-33
1,877,-32
1,877,-31
1,878,-31
1,878,-30
1,879,-30
1,880,-30
1,881,-30
1,882,-30
1,883,-30
1,884,-30
1,885,-30
1,886,-30
1,887,-30
1,888,-30
1,889,-30
1,890,-30
1,891,-30
1,892,-30
1,893,-30
1,894,-30
1,895,-30
1,895,-29
1,895,-28
1,895,-27
1,895,-26
1,896,-26
1,896,-25
1,896,-24
1,896,-23
1,896,-22
1,896,-21
1,897,-21
1,897,-20
1,897,-19
1,897,-18
1,897,-17
1,898,-17
1,898,-16
1,898,-15
1,899,-15
1,899,-14
1,900,-14
1,901,-14
1,902,-14
1,903,-14
1,904,-14
1,905,-14
1,906,-14
1,907,-14
1,908,-14
1,909,-14
1,910,-14
1,911,-14
1,912,-14
1,913,-14
1,914,-14
1,915,-14
1,916,-14
1,916,-13
1,916,-12
1,916,-11
1,917,-11
1,917,-10
1,917,-9
1,917,-8
1,917,-7
1,918,-7
1,918,-6
1,918,-5
1,918,-4
1,918,-3
1,919,-3
1,919,-2
1,919,-1
1,919,0
1,919,1
1,920,1
1,920,2
1,920,3
1,920,4
1,920,5
1,921,5
1,921,6
1,921,7
1,921,8
1,922,8
1,922,9
1,922,10
1,922,11
1,922,12
1,923,12
1,923,13
1,923,14
1,923,15
1,924,15
1,924,16
1,924,17
1,924,18
1,924,19
1,925,19
1,925,20
1,925,21
1,926,21
1,926,22
1,926,23
1,927,23
1,928,23
1,929,23
1,930,23
1,931,23
1,932,23
1,933,23
1,934,23
1,935,23
1,936,23
1,937,23
1,938,23
1,939,23
1,940,23
1,941,23
1,942,23
1,943,23
1,944,23
1,945,23
1,945,24
1,945,25
1,945,26
1,946,26
1,946,27
1,946,28
1,946,29
1,947,29
1,947,30
1,947,31
1,947,32
1,948,32
1,948,33
1,948,34
1,948,35
1,949,35
1,949,36
1,949,37
1,950,37
1,950,38
1,950,39
1,950,40
1,951,40
1,951,41
1,951,42
1,951,43
1,952,43
1,952,44
1,952,45
1,952,46
1,953,46
1,953,47
1,953,48
1,954,48
1,954,49
1,954,50
1,954,51
1,955,51
1,955,52
1,955,53
1,956,53
1,956,54
1,956,55
1,956,56
1,957,56
1,957,57
1,957,58
1,958,58
1,958,59
3,958,61
3,958,60
3,958,59
3,958,58
3,958,57
3,958,56
3,957,56
3,957,55
3,957,54
3,957,53
3,956,53
3,956,52
3,956,51
3,955,51
3,955,50
3,955,49
3,954,49
3,954,48
3,954,47
3,954,46
3,953,46
3,953,45
3,953,44
3,953,43
3,952,43
3,952,42
3,952,41
3,952,40
3,951,40
3,951,39
3,951,38
3,950,38
3,950,37
3,950,36
3,950,35
3,949,35
3,949,34
3,949,33
3,949,32
3,948,32
3,948,31
3,948,30
3,948,29
3,947,29
3,947,28
3,947,27
3,947,26
3,946,26
3,946,25
3,945,25
3,944,25
3,943,25
3,942,25
3,941,25
3,940,25
3,939,25
3,938,25
3,937,25
3,936,25
3,935,25
3,934,25
3,933,25
3,932,25
3,931,25
3,930,25
3,929,25
3,928,25
3,927,25
3,927,24
3,927,23
3,926,23
3,926,22
3,926,21
3,926,20
3,926,19
3,925,19
3,925,18
3,925,17
3,925,16
3,924,16
3,924,15
3,924,14
3,924,13
3,924,12
3,923,12
3,923,11
3,923,10
3,923,9
3,922,9
3,922,8
3,922,7
3,922,6
3,922,5
3,921,5
3,921,4
3,921,3
3,921,2
3,920,2
3,920,1
3,920,0
3,920,-1
3,920,-2
3,919,-2
3,919,-3
3,919,-4
3,919,-5
3,919,-6
3,918,-6
3,918,-7
3,918,-8
3,918,-9
3,918,-10
3,917,-10
3,917,-11
3,916,-11
3,916,-12
3,915,-12
3,914,-12
3,913,-12
3,912,-12
3,911,-12
3,910,-12
3,909,-12
3,908,-12
3,907,-12
3,906,-12
3,905,-12
3,904,-12
3,903,-12
3,902,-12
3,901,-12
3,900,-12
3,899,-12
3,899,-13
3,899,-14
3,899,-15
3,899,-16
3,898,-16
3,898,-17
3,898,-18
3,898,-19
3,898,-20
3,897,-20
3,897,-21
3,897,-22
3,897,-23
3,897,-24
3,897,-25
3,896,-25
3,896,-26
3,896,-27
3,896,-28
3,895,-28
3,894,-28
3,893,-28
3,893,-29
3,892,-29
3,891,-29
3,890,-29
3,889,-29
3,888,-29
3,887,-29
3,886,-29
3,885,-29
3,884,-29
3,883,-29
3,882,-29
3,881,-29
3,881,-28
3,880,-28
3,879,-28
3,878,-28
3,878,-29
3,878,-30
3,878,-31
3,878,-32
3,878,-33
3,877,-33
3,877,-34
3,877,-35
3,877,-36
3,877,-37
3,877,-38
3,877,-39
3,876,-39
3,876,-40
3,876,-41
3,876,-42
3,876,-43
3,875,-43
3,875,-44
3,874,-44
3,874,-45
3,873,-45
3,872,-45
3,871,-45
3,870,-45
3,869,-45
3,868,-45
3,867,-45
3,866,-45
3,865,-45
3,864,-45
3,863,-45
3,863,-44
3,862,-44
3,861,-44
3,860,-44
3,859,-44
3,859,-45
3,858,-45
3,858,-46
3,858,-47
3,858,-48
3,858,-49
3,858,-50
3,858,-51
3,858,-52
3,857,-52
3,857,-53
3,857,-54
3,857,-55
3,857,-56
3,857,-57
3,857,-58
3,856,-58
3,856,-59
3,855,-59
3,855,-60
3,854,-60
3,853,-60
3,852,-60
3,851,-60
3,850,-60
3,849,-60
3,848,-60
3,847,-60
3,846,-60
3,845,-60
3,844,-60
3,844,-59
3,843,-59
3,842,-59
3,841,-59
3,840,-59
3,840,-60
3,840,-61
3,840,-62
3,839,-62
3,839,-63
3,839,-64
3,839,-65
3,839,-66
3,839,-67
3,839,-68
3,839,-69
3,839,-70
3,838,-70
3,838,-71
3,838,-72
3,838,-73
3,838,-74
3,838,-75
3,838,-76
3,838,-77
3,838,-78
3,838,-79
3,837,-79
3,837,-80
3,837,-81
3,837,-82
3,837,-83
3,837,-84
3,837,-85
3,837,-86
3,837,-87
3,837,-88
3,836,-88
3,836,-89
3,836,-90
3,836,-91
3,836,-92
3,836,-93
3,836,-94
3,836,-95
3,836,-96
3,836,-97
3,836,-98
3,836,-99
3,835,-99
3,835,-100
3,835,-101
3,835,-102
3,835,-103
3,835,-104
3,835,-105
3,835,-106
3,835,-107
3,835,-108
3,835,-109
3,835,-110
3,835,-111
3,834,-111
3,834,-112
3,834,-113
3,834,-114
3,834,-115
3,834,-116
3,834,-117
3,834,-118
3,834,-119
3,834,-120
3,834,-121
3,834,-122
3,834,-123
3,834,-124
3,834,-125
3,833,-125
3,833,-126
3,833,-127
3,833,-128
3,833,-129
3,833,-130
3,833,-131
3,833,-132
3,833,-133
3,833,-134
3,833,-135
3,833,-136
3,833,-137
3,833,-138
3,833,-139
3,833,-140
3,833,-141
3,833,-142
3,832,-142
3,832,-143
3,832,-144
3,832,-145
3,832,-146
3,832,-147
3,832,-148
3,832,-149
3,832,-150
3,832,-151
3,832,-152
3,832,-153
3,832,-154
3,832,-155
3,832,-156
3,832,-157
3,832,-158
3,832,-159
3,832,-160
3,832,-161
3,832,-162
3,832,-163
3,832,-164
3,831,-164
3,831,-165
3,831,-166
3,831,-167
3,831,-168
3,831,-169
3,832,-169
3,832,-170
3,833,-170
3,834,-170
3,835,-170
3,835,-171
3,836,-171
3,837,-171
3,837,-172
3,838,-172
3,839,-172
3,839,-173
3,840,-173
3,841,-173
3,842,-173
3,842,-174
3,843,-174
3,843,-175
3,844,-175
3,844,-176
3,844,-177
3,845,-177
3,845,-178
3,845,-179
3,845,-180
3,845,-181
3,845,-182
3,845,-183
3,845,-184
3,845,-185
3,845,-186
3,845,-187
3,845,-188
3,845,-189
3,845,-190
3,845,-191
3,845,-192
3,845,-193
3,845,-194
3,845,-195
3,845,-196
3,845,-197
3,845,-198
3,845,-199
3,846,-199
3,846,-200
3,847,-200
3,848,-200
3,849,-200
3,849,-201
3,850,-201
3,851,-201
3,852,-201
3,852,-202
3,853,-202
3,854,-202
3,854,-203
3,855,-203
3,856,-203
3,857,-203
3,857,-204
3,858,-204
3,859,-204
3,859,-205
3,859,-206
3,860,-206
3,860,-207
3,860,-208
3,860,-209
3,860,-210
3,860,-211
3,860,-212
3,860,-213
3,860,-214
3,860,-215
3,860,-216
3,860,-217
3,860,-218
3,860,-219
3,860,-220
3,860,-221
3,860,-222
3,860,-223
3,860,-224
3,860,-225
3,860,-226
3,860,-227
3,860,-228
3,860,-229
3,861,-229
3,861,-230
3,862,-230
3,863,-230
3,864,-230
3,864,-231
3,865,-231
3,866,-231
3,867,-231
3,868,-231
3,868,-232
3,869,-232
3,870,-232
3,871,-232
3,871,-233
3,872,-233
3,873,-233
3,873,-234
3,874,-234
3,874,-235
3,874,-236
3,875,-236
3,875,-237
3,875,-238
3,875,-239
3,875,-240
3,875,-241
3,875,-242
3,875,-243
3,875,-244
3,875,-245
3,875,-246
3,875,-247
3,875,-248
3,875,-249
3,875,-250
3,875,-251
3,875,-252
3,875,-253
3,875,-254
3,875,-255
3,875,-256
3,875,-257
3,875,-258
3,875,-259
3,876,-259
3,877,-259
3,877,-260
3,878,-260
3,879,-260
3,880,-260
3,881,-260
3,882,-260
3,882,-261
3,883,-261
3,884,-261
3,885,-261
3,886,-261
3,886,-262
3,887,-262
3,887,-263
3,888,-263
3,889,-263
3,890,-263
3,890,-264
3,890,-265
3,890,-266
3,890,-267
3,890,-268
3,890,-269
3,890,-270
3,890,-271
3,890,-272
3,890,-273
3,890,-274
3,890,-275
3,890,-276
3,890,-277
3,890,-278
3,891,-278
3,891,-279
3,891,-280
3,891,-281
3,891,-282
3,891,-283
3,891,-284
3,891,-285
3,891,-286
3,891,-287
3,891,-288
3,891,-289
3,891,-290
3,891,-291
3,891,-292
3,891,-293
3,891,-294
3,891,-295
3,891,-296
3,891,-297
3,891,-298
3,891,-299
3,891,-300
3,891,-301
3,891,-302
3,891,-303
3,891,-304
3,891,-305
3,891,-306
3,891,-307
3,891,-308
3,891,-309
3,891,-310
3,891,-311
3,891,-312
3,891,-313
3,891,-314
3,892,-314
3,892,-315
3,892,-316
3,893,-316
3,894,-316
3,895,-316
3,895,-317
3,896,-317
3,897,-317
3,898,-317
3,899,-317
3,900,-317
3,901,-317
3,902,-317
3,902,-318
3,903,-318
3,904,-318
3,905,-318
3,906,-318
3,906,-319
3,906,-320
3,907,-320
3,907,-321
3,907,-322
3,907,-323
3,907,-324
3,907,-325
3,907,-326
3,907,-327
3,907,-328
3,907,-329
3,907,-330
3,907,-331
3,907,-332
3,907,-333
3,907,-334
3,907,-335
3,907,-336
3,907,-337
3,907,-338
3,907,-339
3,907,-340
3,907,-341
3,907,-342
3,907,-343
3,907,-344
3,907,-345
3,907,-346
3,907,-347
3,907,-348
3,907,-349
3,908,-349
3,908,-350
3,908,-351
3,908,-352
3,908,-353
3,908,-354
3,908,-355
3,908,-356
3,908,-357
3,908,-358
3,908,-359
3,908,-360
3,908,-361
3,908,-362
3,908,-363
3,908,-364
3,908,-365
3,908,-366
3,908,-367
3,908,-368
3,908,-369
3,908,-370
3,908,-371
3,908,-372
3,908,-373
3,909,-373
3,909,-374
3,909,-375
3,909,-376
3,909,-377
3,909,-378
3,909,-379
3,909,-380
3,909,-381
3,909,-382
3,909,-383
3,909,-384
3,909,-385
3,909,-386
3,909,-387
3,909,-388
3,909,-389
3,909,-390
3,909,-391
3,909,-392
3,909,-393
3,909,-394
3,909,-395
3,909,-396
3,908,-396
3,908,-397
3,908,-398
3,907,-398
3,907,-399
3,906,-399
3,905,-399
3,905,-400
3,904,-400
3,903,-400
3,902,-400
3,901,-400
3,900,-400
3,899,-400
3,898,-400
3,898,-401
3,897,-401
3,897,-402
3,897,-403
3,896,-403
3,896,-404
3,896,-405
3,896,-406
3,896,-407
3,896,-408
3,896,-409
3,896,-410
3,896,-411
3,896,-412
3,896,-413
3,896,-414
3,896,-415
3,896,-416
3,896,-417
3,896,-418
3,896,-419
3,896,-420
3,896,-421
3,896,-422
3,896,-423
3,895,-423
3,895,-424
3,895,-425
3,894,-425
3,894,-426
3,894,-427
3,893,-427
3,893,-428
3,893,-429
3,892,-429
3,892,-430
3,891,-430
3,891,-431
3,890,-431
3,889,-431
3,888,-431
3,887,-431
3,886,-431
3,885,-431
3,884,-431
3,883,-431
3,883,-432
3,883,-433
3,883,-434
3,883,-435
3,883,-436
3,883,-437
3,883,-438
3,883,-439
3,883,-440
3,883,-441
3,883,-442
3,883,-443
3,883,-444
3,883,-445
3,883,-446
3,883,-447
3,883,-448
3,883,-449
3,882,-450
3,881,-451
3,881,-452
3,880,-453
3,880,-454
3,879,-455
3,879,-456
3,878,-456
3,878,-457
3,878,-458
3,877,-458
3,877,-459
3,877,-460
3,876,-460
3,876,-461
3,875,-461
3,875,-462
3,874,-462
3,873,-462
3,873,-463
3,872,-463
3,871,-463
3,870,-463
3,870,-464
3,870,-465
3,869,-465
3,869,-466
3,869,-467
3,869,-468
3,869,-469
3,869,-470
3,869,-471
3,869,-472
3,869,-473
3,869,-474
3,869,-475
3,868,-476
3,868,-477
3,867,-478
3,867,-479
3,866,-480
3,866,-481
3,865,-482
3,864,-483
3,864,-484
3,863,-485
3,863,-486
3,862,-486
3,862,-487
3,862,-488
3,861,-488
3,861,-489
3,861,-490
3,860,-490
3,860,-491
3,859,-491
3,859,-492
3,859,-493
3,858,-493
3,858,-494
3,858,-495
3,857,-495
3,857,-496
3,857,-497
3,856,-497
3,856,-498
3,856,-499
3,855,-499
3,855,-500
3,854,-501
3,854,-502
3,853,-503
3,853,-504
3,852,-505
3,852,-506
3,850,-509
3,849,-511
3,847,-514
3,846,-515
3,846,-516
3,845,-517
3,845,-518
3,844,-519
3,843,-520
3,843,-521
3,842,-522
3,842,-523
3,841,-523
3,841,-524
3,840,-525
3,840,-526
3,839,-526
3,839,-527
3,839,-528
3,838,-528
3,838,-529
3,837,-529
3,837,-530
3,837,-531
3,836,-531
3,836,-532
3,835,-532
3,835,-533
3,835,-534
3,834,-534
3,833,-534
3,833,-535
3,832,-535
3,831,-535
3,831,-536
3,830,-536
3,830,-537
3,829,-537
3,829,-538
3,828,-538
3,828,-539
3,827,-539
3,827,-540
3,827,-541
3,827,-542
3,827,-543
3,827,-544
3,827,-545
3,827,-546
3,827,-547
3,826,-548
3,826,-549
3,825,-550
3,824,-551
3,824,-552
3,823,-553
3,822,-554
3,822,-555
3,821,-556
3,820,-557
3,820,-558
3,819,-559
3,818,-560
3,818,-561
3,817,-562
3,816,-562
3,816,-563
3,816,-564
3,815,-564
3,815,-565
3,814,-565
3,814,-566
3,814,-567
3,813,-567
3,813,-568
3,812,-568
3,812,-569
3,812,-570
3,811,-570
3,811,-571
3,810,-571
3,810,-572
3,810,-573
3,809,-573
3,809,-574
3,808,-574
3,808,-575
3,808,-576
3,807,-576
3,807,-577
3,806,-577
3,805,-577
3,805,-578
3,804,-578
3,804,-579
3,803,-579
3,803,-580
3,802,-580
3,801,-580
3,801,-581
3,801,-582
3,800,-582
3,799,-582
3,798,-582
3,798,-583
3,798,-584
3,797,-584
3,797,-585
3,796,-585
3,796,-586
3,796,-587
3,796,-588
3,796,-589
3,796,-590
3,796,-591
3,796,-592
3,796,-593
3,795,-593
3,795,-594
3,794,-595
3,794,-596
3,793,-597
3,792,-598
3,792,-599
3,791,-600
3,790,-601
3,789,-602
3,789,-603
3,788,-604
3,787,-605
3,786,-606
3,786,-607
3,785,-607
3,785,-608
3,784,-609
3,784,-610
3,783,-610
3,783,-611
3,782,-611
3,782,-612
3,781,-613
3,781,-614
3,780,-614
3,780,-615
3,779,-615
3,779,-616
3,778,-616
3,778,-617
3,777,-618
3,777,-619
3,776,-619
3,776,-620
3,775,-620
3,775,-621
3,774,-621
3,774,-622
3,774,-623
3,773,-623
3,773,-624
3,772,-624
3,772,-625
3,771,-625
3,771,-626
3,771,-627
3,770,-627
3,770,-628
3,769,-628
3,769,-629
3,768,-629
3,768,-630
3,767,-630
3,767,-631
3,766,-631
3,766,-632
3,765,-632
3,765,-633
3,764,-633
3,764,-634
3,763,-634
3,763,-635
3,762,-635
3,762,-636
3,761,-636
3,760,-636
3,760,-637
3,759,-637
3,759,-638
3,758,-638
3,758,-639
3,757,-639
3,756,-639
3,756,-640
3,755,-640
3,755,-641
3,754,-641
3,754,-642
3,753,-642
3,752,-642
3,751,-642
3,750,-642
3,749,-642
3,748,-642
3,747,-642
3,746,-642
3,745,-642
3,744,-642
3,743,-642
3,742,-642
3,741,-642
3,740,-642
3,739,-642
3,738,-642
3,737,-642
3,736,-642
3,735,-642
3,734,-642
3,733,-642
3,732,-642
3,731,-642
3,730,-642
3,729,-642
3,728,-642
3,727,-642
3,726,-642
3,725,-642
3,724,-642
3,723,-642
3,722,-642
3,721,-642
3,720,-642
3,719,-642
3,718,-642
3,717,-642
3,716,-642
3,715,-642
3,715,-641
3,714,-641
3,713,-641
3,712,-641
3,711,-641
3,711,-640
3,710,-640
3,710,-639
3,709,-639
3,708,-639
3,708,-638
3,707,-638
3,706,-638
3,705,-638
3,705,-637
3,704,-637
3,704,-636
3,703,-636
3,703,-635
3,702,-635
3,701,-635
3,701,-634
3,700,-634
3,699,-634
3,699,-633
3,698,-633
3,697,-633
3,697,-632
3,696,-632
3,696,-631
3,695,-631
3,694,-631
3,694,-630
3,693,-630
3,693,-629
3,692,-629
3,692,-628
3,691,-628
3,691,-627
3,690,-627
3,689,-627
3,689,-626
3,688,-626
3,688,-625
3,687,-625
3,687,-624
3,686,-624
3,686,-623
3,685,-623
3,685,-622
3,684,-622
3,684,-621
3,683,-621
3,682,-621
3,682,-620
3,681,-620
3,681,-619
3,680,-619
3,680,-618
3,679,-618
3,679,-617
3,678,-617
3,678,-616
3,677,-616
3,677,-615
3,676,-615
3,676,-614
3,675,-614
3,675,-613
3,675,-612
3,674,-612
3,674,-611
3,673,-611
3,673,-610
3,672,-610
3,672,-609
3,671,-609
3,671,-608
3,670,-608
3,670,-607
3,669,-607
3,669,-606
3,669,-605
3,668,-605
3,668,-604
3,667,-604
3,667,-603
3,667,-602
3,666,-602
3,666,-601
3,665,-601
3,665,-600
3,664,-600
3,664,-599
3,664,-598
3,663,-598
3,663,-597
3,662,-597
3,662,-596
3,661,-596
3,661,-595
3,660,-595
3,660,-594
3,660,-593
3,660,-592
3,659,-592
3,659,-591
3,658,-591
3,658,-590
3,657,-590
3,657,-589
3,657,-588
3,657,-587
3,656,-587
3,656,-586
3,655,-586
3,655,-585
3,654,-585
3,654,-584
3,654,-583
3,653,-583
3,653,-582
3,653,-581
3,652,-581
3,652,-580
3,652,-579
3,651,-579
3,651,-578
3,650,-578
3,650,-577
3,650,-575
3,649,-575
3,649,-574
3,648,-574
3,648,-573
3,648,-571
3,647,-571
3,647,-570
3,646,-570
3,646,-569
3,645,-569
3,645,-568
3,645,-567
3,645,-566
3,644,-566
3,644,-564
3,644,-563
3,643,-563
3,643,-562
3,642,-562
3,642,-561
3,642,-560
3,641,-560
3,641,-559
3,641,-558
3,640,-558
3,640,-557
3,640,-556
3,639,-556
3,639,-555
3,639,-554
3,639,-553
3,638,-553
3,638,-552
3,637,-552
3,637,-551
3,637,-550
3,637,-549
3,636,-549
3,636,-548
3,636,-546
3,635,-546
3,635,-545
3,634,-545
3,634,-544
3,634,-543
3,634,-542
3,633,-542
3,633,-541
3,633,-540
3,632,-540
3,632,-538
3,632,-537
3,631,-537
3,631,-536
3,631,-534
3,630,-534
3,630,-533
3,629,-533
3,629,-532
3,629,-531
3,629,-530
3,628,-530
3,628,-529
3,628,-528
3,627,-528
3,627,-527
3,627,-526
3,627,-525
3,626,-525
3,626,-524
3,626,-523
3,625,-523
3,625,-522
3,625,-521
3,625,-520
3,624,-520
3,624,-519
3,624,-518
3,624,-517
3,623,-517
3,623,-516
3,623,-515
3,622,-515
3,622,-514
3,622,-513
3,622,-512
3,621,-512
3,621,-511
3,621,-510
3,620,-510
3,620,-509
3,620,-508
3,620,-507
3,619,-507
3,619,-506
3,619,-505
3,619,-504
3,618,-504
3,618,-503
3,618,-502
3,617,-502
3,617,-501
3,617,-500
3,617,-499
3,616,-499
3,616,-497
3,616,-496
3,615,-496
3,615,-495
3,615,-494
3,615,-493
3,614,-493
3,614,-492
3,614,-491
3,613,-491
3,613,-490
3,613,-489
3,613,-488
3,612,-488
3,612,-486
3,612,-485
3,611,-485
3,611,-484
3,611,-482
3,611,-481
3,611,-479
3,611,-478
3,610,-478
3,610,-477
3,610,-476
3,610,-474
3,609,-474
3,609,-473
3,609,-472
3,609,-471
3,609,-469
3,609,-467
3,609,-466
3,609,-465
3,609,-464
3,609,-463
3,609,-462
3,609,-461
3,609,-460
3,609,-459
3,609,-458
3,609,-457
3,609,-456
3,609,-455
3,609,-454
3,609,-453
3,609,-452
3,609,-451
3,609,-450
3,609,-449
3,609,-448
3,609,-447
3,609,-446
3,609,-445
3,609,-444
3,609,-443
3,609,-442
3,609,-441
3,609,-440
3,609,-439
3,609,-438
3,609,-437
3,609,-436
3,610,-436
3,610,-435
3,610,-434
3,610,-433
3,610,-432
3,610,-431
3,610,-430
3,610,-429
3,610,-428
3,610,-427
3,610,-426
3,610,-425
3,610,-424
3,610,-423
3,610,-422
3,610,-421
3,610,-420
3,610,-419
3,610,-418
3,610,-417
3,610,-416
3,610,-415
3,610,-414
3,610,-413
3,610,-412
3,610,-411
3,610,-410
3,610,-409
3,610,-408
3,610,-407
3,610,-406
3,610,-405
3,610,-403
3,610,-402
3,609,-401
3,609,-400
3,609,-399
3,609,-398
3,608,-398
3,608,-397
3,608,-396
3,608,-394
3,607,-394
3,607,-393
3,607,-392
3,607,-391
3,606,-391
3,606,-390
3,606,-389
3,605,-389
3,605,-388
3,605,-387
3,604,-387
3,604,-386
3,604,-385
3,604,-384
3,603,-384
3,603,-383
3,603,-382
3,602,-382
3,602,-381
3,602,-380
3,601,-380
3,601,-379
3,601,-378
3,601,-377
3,600,-377
3,600,-376
3,600,-375
3,599,-375
3,599,-374
3,599,-373
3,598,-373
3,598,-372
3,598,-371
3,597,-371
3,597,-370
3,597,-369
3,596,-369
3,596,-368
3,596,-367
3,596,-366
3,595,-366
3,595,-365
3,595,-364
3,595,-363
3,594,-363
3,594,-361
3,594,-360
3,594,-359
3,594,-358
3,594,-357
3,594,-356
3,594,-355
3,594,-354
3,594,-353
3,594,-352
3,594,-351
3,594,-350
3,594,-349
3,594,-348
3,594,-347
3,594,-346
3,594,-345
3,594,-344
3,593,-344
3,593,-343
3,593,-342
3,593,-341
3,593,-340
3,593,-339
3,593,-338
3,593,-337
3,593,-336
3,593,-335
3,593,-334
3,593,-333
3,593,-332
3,593,-331
3,593,-330
3,593,-329
3,593,-328
3,593,-327
3,593,-326
3,593,-325
3,593,-324
3,593,-323
3,593,-322
3,593,-321
3,593,-320
3,592,-320
3,592,-319
3,592,-318
3,592,-317
3,592,-316
3,592,-315
3,592,-314
3,592,-313
3,592,-312
3,591,-312
3,591,-311
3,591,-310
3,591,-309
3,591,-308
3,590,-307
3,590,-306
3,590,-305
3,589,-305
3,589,-304
3,589,-303
3,588,-303
3,588,-302
3,588,-301
3,587,-301
3,587,-300
3,587,-299
3,586,-299
3,586,-298
3,586,-297
3,585,-297
3,585,-296
3,585,-295
3,584,-295
3,584,-294
3,584,-293
3,583,-293
3,583,-292
3,583,-291
3,582,-291
3,582,-290
3,582,-289
3,581,-289
3,581,-288
3,581,-287
3,580,-287
3,580,-286
3,580,-285
3,579,-285
3,579,-284
3,579,-283
3,578,-283
3,578,-282
3,578,-281
3,577,-281
3,577,-280
3,577,-279
3,576,-279
3,576,-278
3,576,-276
3,575,-276
3,575,-275
3,575,-274
3,575,-273
3,575,-272
3,574,-272
3,574,-271
3,574,-270
3,574,-269
3,574,-268
3,574,-267
3,574,-266
3,574,-265
3,574,-264
3,574,-263
3,574,-262
3,574,-261
3,573,-261
3,573,-260
3,573,-259
3,573,-258
3,573,-257
3,573,-256
3,573,-255
3,573,-254
3,573,-253
3,573,-252
3,573,-251
3,573,-250
3,573,-249
3,573,-248
3,573,-247
3,573,-246
3,572,-246
3,572,-245
3,572,-244
3,572,-243
3,572,-242
3,572,-241
3,572,-240
3,572,-239
3,572,-238
3,573,-238
3,574,-238
3,575,-238
3,575,-239
3,576,-239
3,576,-240
3,576,-241
3,577,-241
3,577,-242
3,578,-242
3,578,-243
3,578,-244
3,579,-244
3,579,-245
3,579,-246
3,580,-246
3,580,-247
3,580,-248
3,581,-248
3,581,-249
3,581,-250
3,582,-250
3,582,-251
3,583,-251
3,583,-252
3,583,-253
3,584,-253
3,584,-254
3,584,-255
3,585,-255
3,585,-256
3,586,-256
3,586,-257
3,586,-258
3,587,-258
3,587,-259
3,587,-260
3,588,-260
3,588,-261
3,589,-261
3,589,-262
3,589,-263
3,590,-263
3,590,-264
3,590,-265
3,591,-265
3,591,-266
3,591,-267
3,592,-267
3,592,-268
3,592,-269
3,593,-269
3,593,-270
3,594,-270
3,594,-271
3,594,-272
3,595,-272
3,595,-273
3,595,-274
3,596,-274
3,596,-275
3,596,-276
3,597,-276
3,597,-277
3,598,-277
3,598,-278
3,598,-279
3,599,-279
3,599,-280
3,599,-281
3,600,-281
3,600,-282
3,601,-282
3,601,-283
3,601,-284
3,602,-284
3,602,-285
3,602,-286
3,603,-287
3,603,-288
3,603,-289
3,603,-290
3,604,-290
3,604,-291
3,604,-292
3,604,-293
3,604,-294
3,604,-295
3,604,-296
3,604,-297
3,604,-298
3,604,-299
3,604,-300
3,605,-300
3,605,-301
3,605,-302
3,605,-303
3,605,-304
3,605,-305
3,605,-306
3,605,-307
3,605,-308
3,605,-309
3,605,-310
3,605,-311
3,605,-312
3,605,-313
3,605,-314
3,605,-315
3,605,-316
3,605,-317
3,606,-317
3,606,-318
3,606,-319
3,606,-320
3,606,-321
3,606,-322
3,606,-323
3,606,-324
3,606,-325
3,606,-326
3,606,-327
3,606,-328
3,606,-329
3,606,-330
3,606,-331
3,606,-332
3,606,-333
3,607,-333
3,607,-334
3,607,-335
3,607,-336
3,607,-337
3,608,-337
3,608,-338
3,608,-339
3,609,-339
3,609,-340
3,610,-340
3,610,-341
3,610,-342
3,611,-342
3,611,-343
3,611,-344
3,612,-344
3,612,-345
3,612,-346
3,613,-346
3,613,-347
3,613,-348
3,614,-348
3,614,-349
3,614,-350
3,615,-350
3,615,-351
3,615,-352
3,616,-352
3,616,-353
3,616,-354
3,617,-354
3,617,-355
3,618,-355
3,618,-356
3,618,-357
3,619,-357
3,619,-358
3,619,-359
3,620,-359
3,620,-360
3,620,-361
3,621,-361
3,621,-362
3,621,-363
3,622,-363
3,622,-364
3,622,-365
3,623,-365
3,623,-366
3,624,-366
3,624,-367
3,624,-368
3,625,-368
3,625,-369
3,625,-370
3,626,-370
3,626,-371
3,626,-372
3,627,-372
3,627,-373
3,627,-374
3,628,-374
3,628,-375
3,629,-375
3,629,-376
3,629,-377
3,630,-377
3,630,-378
3,630,-379
3,631,-379
3,631,-380
3,631,-381
3,632,-381
3,632,-382
3,632,-383
3,633,-383
3,633,-384
3,634,-384
3,634,-385
3,634,-386
3,635,-386
3,635,-387
3,636,-387
3,636,-388
3,636,-389
3,636,-390
3,637,-390
3,637,-391
3,638,-391
3,638,-392
3,638,-393
3,639,-393
3,639,-394
3,640,-394
3,640,-395
3,640,-396
3,641,-396
3,641,-397
3,641,-398
3,642,-398
3,642,-399
3,642,-400
3,643,-400
3,643,-401
3,644,-401
3,644,-402
3,644,-403
3,645,-403
3,645,-404
3,645,-405
3,646,-405
3,646,-406
3,647,-406
3,647,-407
3,647,-408
3,648,-408
3,648,-409
3,649,-409
3,649,-410
3,649,-411
3,650,-411
3,650,-412
3,650,-413
3,651,-413
3,651,-414
3,652,-414
3,652,-415
3,652,-416
3,653,-416
3,653,-417
3,654,-417
3,654,-418
3,654,-419
3,655,-419
3,656,-419
3,656,-418
3,656,-417
3,656,-416
3,656,-415
3,656,-414
3,656,-413
3,656,-412
3,656,-411
3,656,-410
3,656,-409
3,656,-408
3,656,-407
3,656,-406
3,656,-405
3,656,-404
3,656,-403
3,656,-402
3,656,-401
3,656,-400
3,656,-399
3,656,-398
3,656,-397
3,656,-396
3,656,-395
3,656,-394
3,656,-393
3,656,-392
3,656,-391
3,656,-390
3,656,-389
3,656,-388
3,656,-387
3,656,-386
3,656,-385
3,656,-384
3,656,-383
3,656,-382
3,656,-381
3,656,-380
3,656,-379
3,657,-379
3,658,-379
3,659,-379
3,660,-379
3,661,-379
3,662,-379
3,662,-380
3,663,-380
3,663,-381
3,664,-381
3,664,-382
3,664,-383
3,665,-383
3,665,-384
3,666,-384
3,666,-385
3,666,-386
3,667,-386
3,667,-387
3,668,-387
3,668,-388
3,669,-388
3,670,-388
3,671,-388
3,671,-387
3,671,-386
3,671,-385
3,671,-384
3,671,-383
3,671,-382
3,671,-381
3,671,-380
3,671,-379
3,671,-378
3,671,-377
3,671,-376
3,671,-375
3,671,-374
3,671,-373
3,671,-372
3,671,-371
3,671,-370
3,671,-369
3,671,-368
3,671,-367
3,671,-366
3,671,-365
3,671,-364
3,671,-363
3,671,-362
3,671,-361
3,671,-360
3,671,-359
3,671,-358
3,671,-357
3,671,-356
3,671,-355
3,672,-355
3,673,-355
3,674,-355
3,675,-355
3,676,-355
3,677,-355
3,677,-356
3,678,-356
3,678,-357
3,679,-357
3,679,-358
3,679,-359
3,680,-359
3,680,-360
3,681,-360
3,681,-361
3,682,-361
3,682,-362
3,683,-362
3,683,-363
3,684,-363
3,685,-363
3,685,-362
3,685,-361
3,685,-360
3,685,-359
3,685,-358
3,685,-357
3,685,-356
3,685,-355
3,685,-354
3,685,-353
3,685,-352
3,685,-351
3,685,-350
3,685,-349
3,685,-348
3,685,-347
3,685,-346
3,685,-345
3,685,-344
3,685,-343
3,685,-342
3,685,-341
3,685,-340
3,685,-339
3,685,-338
3,685,-337
3,684,-337
3,684,-336
3,684,-335
3,684,-334
3,684,-333
3,684,-332
3,685,-332
3,686,-332
3,687,-332
3,688,-332
3,689,-332
3,690,-332
3,690,-333
3,691,-333
3,691,-334
3,692,-334
3,692,-335
3,693,-335
3,693,-336
3,694,-336
3,694,-337
3,695,-337
3,696,-337
3,697,-337
3,697,-338
3,698,-338
3,699,-338
3,699,-337
3,699,-336
3,699,-335
3,699,-334
3,699,-333
3,699,-332
3,699,-331
3,699,-330
3,699,-329
3,699,-328
3,699,-327
3,699,-326
3,699,-325
3,699,-324
3,699,-323
3,699,-322
3,699,-321
3,699,-320
3,699,-319
3,699,-318
3,699,-317
3,699,-316
3,699,-315
3,699,-314
3,699,-313
3,699,-312
3,699,-311
3,700,-311
3,701,-311
3,702,-311
3,703,-311
3,704,-311
3,705,-311
3,706,-311
3,706,-312
3,707,-312
3,707,-313
3,708,-313
3,708,-314
3,709,-314
3,709,-315
3,710,-315
3,710,-316
3,711,-316
3,711,-317
3,712,-317
3,713,-317
3,713,-316
3,713,-315
3,713,-314
3,713,-313
3,713,-312
3,713,-311
3,713,-310
3,713,-309
3,713,-308
3,713,-307
3,713,-306
3,713,-305
3,713,-304
3,713,-303
3,713,-302
3,713,-301
3,713,-300
3,713,-299
3,713,-298
3,713,-297
3,713,-296
3,713,-295
3,713,-294
3,713,-293
3,713,-292
3,713,-291
3,713,-290
3,713,-289
3,713,-288
3,713,-287
3,713,-286
3,713,-285
3,713,-284
3,712,-284
3,712,-283
3,712,-282
3,712,-281
3,712,-280
3,712,-279
3,712,-278
3,712,-277
3,712,-276
3,712,-275
3,712,-274
3,712,-273
3,712,-272
3,712,-271
3,712,-270
3,712,-269
3,712,-268
3,712,-267
3,712,-266
3,712,-265
3,712,-264
3,712,-263
3,712,-262
3,711,-262
3,711,-261
3,711,-260
3,711,-259
3,711,-258
3,712,-258
3,713,-258
3,714,-258
3,715,-258
3,716,-258
3,717,-258
3,717,-259
3,718,-259
3,718,-260
3,719,-260
3,719,-261
3,720,-261
3,721,-261
3,721,-262
3,722,-262
3,722,-263
3,723,-263
3,723,-264
3,724,-264
3,725,-264
3,726,-264
3,726,-263
3,726,-262
3,726,-261
3,726,-260
3,726,-259
3,726,-258
3,726,-257
3,726,-256
3,726,-255
3,726,-254
3,726,-253
3,726,-252
3,726,-251
3,726,-250
3,726,-249
3,726,-248
3,726,-247
3,726,-246
3,726,-245
3,726,-244
3,726,-243
3,726,-242
3,726,-241
3,726,-240
3,726,-239
3,726,-238
3,726,-237
3,726,-236
3,726,-235
3,726,-234
3,725,-234
3,725,-233
3,725,-232
3,725,-231
3,725,-230
3,725,-229
3,725,-228
3,725,-227
3,725,-226
3,725,-225
3,725,-224
3,725,-223
3,725,-222
3,725,-221
3,725,-220
3,725,-219
3,725,-218
3,725,-217
3,725,-216
3,725,-215
3,725,-214
3,725,-213
3,725,-212
3,725,-211
3,725,-210
3,725,-209
3,725,-208
3,725,-207
3,725,-206
3,725,-205
3,725,-204
3,725,-203
3,725,-202
3,724,-202
3,724,-201
3,724,-200
3,724,-199
3,724,-198
3,724,-197
3,724,-196
3,724,-195
3,724,-194
3,724,-193
3,724,-192
3,724,-191
3,724,-190
3,724,-189
3,724,-188
3,724,-187
3,724,-186
3,724,-185
3,724,-184
3,724,-183
3,724,-182
3,724,-181
3,724,-180
3,724,-179
3,724,-178
3,724,-177
3,724,-176
3,724,-175
3,724,-174
3,724,-173
3,724,-172
3,724,-171
3,724,-170
3,724,-169
3,724,-168
3,724,-167
3,724,-166
3,724,-165
3,724,-164
3,724,-163
3,724,-162
3,724,-161
3,724,-160
3,725,-160
3,725,-159
3,726,-159
3,727,-159
3,728,-159
3,729,-159
3,730,-159
3,731,-159
3,731,-160
3,732,-160
3,732,-161
3,733,-161
3,734,-161
3,734,-162
3,735,-162
3,735,-163
3,736,-163
3,736,-164
3,737,-164
3,738,-164
3,738,-163
3,738,-162
3,738,-161
3,738,-160
3,738,-159
3,738,-158
3,738,-157
3,738,-156
3,738,-155
3,738,-154
3,738,-153
3,738,-152
3,738,-151
3,738,-150
3,738,-149
3,738,-148
3,738,-147
3,738,-146
3,738,-145
3,738,-144
3,738,-143
3,738,-142
3,738,-141
3,738,-140
3,738,-139
3,738,-138
3,738,-137
3,738,-136
3,738,-135
3,738,-134
3,738,-133
3,738,-132
3,738,-131
3,738,-130
3,738,-129
3,738,-128
3,738,-127
3,738,-126
3,738,-125
3,738,-124
3,738,-123
3,738,-122
3,738,-121
3,738,-120
3,738,-119
3,738,-118
3,738,-117
3,738,-116
3,738,-115
3,738,-114
3,739,-114
3,739,-113
3,739,-112
3,739,-111
3,739,-110
3,739,-109
3,739,-108
3,739,-107
3,739,-106
3,739,-105
3,739,-104
3,739,-103
3,739,-102
3,739,-101
3,739,-100
3,739,-99
3,739,-98
3,739,-97
3,739,-96
3,739,-95
3,739,-94
3,739,-93
3,739,-92
3,739,-91
3,739,-90
3,739,-89
3,739,-88
3,740,-88
3,740,-87
3,740,-86
3,740,-85
3,740,-84
3,740,-83
3,740,-82
3,740,-81
3,740,-80
3,740,-79
3,740,-78
3,740,-77
3,740,-76
3,740,-75
3,740,-74
3,740,-73
3,740,-72
3,740,-71
3,740,-70
3,741,-70
3,741,-69
3,741,-68
3,741,-67
3,741,-66
3,741,-65
3,741,-64
3,741,-63
3,741,-62
3,741,-61
3,741,-60
3,741,-59
3,741,-58
3,741,-57
3,741,-56
3,742,-56
3,742,-55
3,742,-54
3,742,-53
3,743,-53
3,744,-53
3,745,-53
3,746,-53
3,747,-53
3,748,-53
3,749,-53
3,750,-53
3,751,-53
3,751,-54
3,752,-54
3,752,-55
3,753,-55
3,754,-55
3,754,-56
3,755,-56
3,755,-57
3,756,-57
3,757,-57
3,758,-57
3,758,-56
3,758,-55
3,758,-54
3,758,-53
3,758,-52
3,758,-51
3,758,-50
3,758,-49
3,758,-48
3,758,-47
3,759,-47
3,759,-46
3,759,-45
3,759,-44
3,759,-43
3,759,-42
3,759,-41
3,759,-40
3,759,-39
3,759,-38
3,759,-37
3,760,-37
3,760,-36
3,760,-35
3,760,-34
3,760,-33
3,760,-32
3,760,-31
3,760,-30
3,760,-29
3,760,-28
3,761,-28
3,761,-27
3,761,-26
3,761,-25
3,761,-24
3,761,-23
3,761,-22
3,761,-21
3,761,-20
3,761,-19
3,762,-19
3,762,-18
3,762,-17
3,762,-16
3,762,-15
3,762,-14
3,762,-13
3,762,-12
3,763,-12
3,763,-11
3,763,-10
3,763,-9
3,763,-8
3,763,-7
3,763,-6
3,763,-5
3,763,-4
3,764,-4
3,764,-3
3,764,-2
3,764,-1
3,764,0
3,764,1
3,764,2
3,764,3
3,764,4
3,763,4
3,763,5
3,762,5
3,761,5
3,761,6
3,760,6
3,760,7
3,759,7
3,758,7
3,758,8
3,757,8
3,756,8
3,756,9
3,755,9
3,755,10
3,754,10
3,753,10
3,753,11
3,753,12
3,752,12
3,752,13
3,752,14
3,752,15
3,752,16
3,752,17
3,752,18
3,752,19
3,752,20
3,752,21
3,752,22
3,752,23
3,752,24
3,752,25
3,752,26
3,752,27
3,752,28
3,752,29
3,752,30
3,752,31
3,752,32
3,752,33
3,753,33
3,753,34
3,753,35
3,753,36
3,753,37
3,753,38
3,754,38
3,754,39
3,754,40
3,754,41
3,754,42
3,754,43
3,754,44
3,755,44
3,755,45
3,755,46
3,755,47
3,755,48
3,755,49
3,756,49
3,756,50
3,756,51
3,756,52
3,756,53
3,756,54
3,757,54
3,757,55
3,757,56
3,757,57
3,757,58
3,757,59
3,758,59
3,758,60
3,758,61
3,758,62
3,758,63
3,759,63
3,759,64
3,759,65
3,759,66
3,759,67
3,759,68
3,760,68
3,760,69
3,760,70
3,760,71
3,760,72
3,761,72
3,761,73
3,761,74
3,761,75
3,761,76
3,761,77
3,762,77
3,762,78
3,762,79
3,762,80
3,762,81
3,763,81
3,763,82
3,763,83
3,763,84
3,763,85
3,764,85
3,764,86
3,764,87
3,764,88
3,764,89
3,765,89
3,765,90
3,765,91
3,765,92
3,765,93
3,764,93
3,763,93
3,763,94
3,762,94
3,762,95
3,761,95
3,760,95
3,760,96
3,759,96
3,758,96
3,758,97
3,757,97
3,757,98
3,756,98
3,755,98
3,755,99
3,754,99
3,754,100
3,753,100
3,753,101
3,753,102
3,752,102
3,752,103
3,752,104
3,752,105
3,752,106
3,752,107
3,752,108
3,752,109
3,752,110
3,752,111
3,753,111
3,753,112
3,753,113
3,753,114
3,754,114
3,754,115
3,754,116
3,754,117
3,754,118
3,755,118
3,755,119
3,755,120
3,755,121
3,754,121
3,754,122
3,753,122
3,752,122
3,752,123
3,751,123
3,751,124
3,750,124
3,749,124
3,749,125
3,748,125
3,747,125
3,747,126
3,746,126
3,746,127
3,745,127
3,744,127
3,744,128
3,743,128
3,743,129
3,743,130
3,742,130
3,742,131
3,742,132
3,742,133
3,742,134
3,742,135
3,742,136
3,742,137
3,742,138
3,743,138
3,743,139
3,743,140
3,743,141
3,743,142
3,744,142
3,744,143
3,744,144
3,744,145
3,745,145
3,745,146
3,745,147
3,745,148
3,746,148
3,746,149
3,746,150
3,746,151
3,747,151
3,747,152
3,747,153
3,747,154
3,748,154
3,748,155
3,748,156
3,748,157
3,749,157
3,749,158
3,749,159
3,749,160
3,750,160
3,750,161
3,750,162
3,750,163
3,751,163
3,751,164
3,751,165
3,751,166
3,752,166
3,752,167
3,752,168
3,753,168
3,753,169
3,753,170
3,753,171
3,754,171
3,754,172
3,754,173
3,754,174
3,755,174
3,755,175
3,755,176
3,755,177
3,756,177
3,756,178
3,756,179
3,756,180
3,757,180
3,757,181
3,757,182
3,758,182
3,758,183
3,758,184
3,758,185
3,758,186
3,758,187
3,758,188
3,757,188
3,756,188
3,756,189
3,755,189
3,754,189
3,754,190
3,753,190
3,753,191
3,752,191
3,751,191
3,751,192
3,750,192
3,749,192
3,749,193
3,748,193
3,748,194
3,747,194
3,747,195
3,746,195
3,746,196
3,746,197
3,746,198
3,746,199
3,746,200
3,746,201
3,746,202
3,747,202
3,747,203
3,747,204
3,747,205
3,748,205
3,748,206
3,748,207
3,749,207
3,749,208
3,749,209
3,749,210
3,750,210
3,750,211
3,750,212
3,750,213
3,750,214
3,750,215
3,749,215
3,749,216
3,748,216
3,748,217
3,747,217
3,746,217
3,746,218
3,745,218
3,744,218
3,744,219
3,743,219
3,743,220
3,742,220
3,741,220
3,741,221
3,740,221
3,740,222
3,739,222
3,738,222
3,738,223
3,738,224
3,738,225
3,738,226
3,738,227
3,738,228
3,738,229
3,738,230
3,738,231
3,739,231
3,739,232
3,739,233
3,740,233
3,740,234
3,740,235
3,741,235
3,741,236
3,741,237
3,741,238
3,742,238
3,742,239
3,742,240
3,743,240
3,743,241
3,743,242
3,743,243
3,742,243
3,741,243
3,741,244
3,740,244
3,740,245
3,739,245
3,738,245
3,738,246
3,737,246
3,737,247
3,736,247
3,735,247
3,735,248
3,734,248
3,734,249
3,733,249
3,732,249
3,732,250
3,732,251
3,731,251
3,731,252
3,731,253
3,731,254
3,731,255
3,731,256
3,731,257
3,731,258
3,732,258
3,732,259
3,732,260
3,733,260
3,733,261
3,733,262
3,733,263
3,734,263
3,734,264
3,734,265
3,735,265
3,735,266
3,735,267
3,736,267
3,736,268
3,736,269
3,736,270
3,736,271
3,735,271
3,734,271
3,734,272
3,733,272
3,733,273
3,732,273
3,731,273
3,731,274
3,730,274
3,730,275
3,729,275
3,729,276
3,728,276
3,727,276
3,727,277
3,726,277
3,726,278
3,725,278
3,724,278
3,724,279
3,723,279
3,722,279
3,721,279
3,721,278
3,721,277
3,720,277
3,720,276
3,720,275
3,719,275
3,719,274
3,719,273
3,718,273
3,718,272
3,718,271
3,717,271
3,717,270
3,717,269
3,716,269
3,716,268
3,716,267
3,716,266
3,715,266
3,714,266
3,714,265
3,713,265
3,712,265
3,711,265
3,710,265
3,709,265
3,709,266
3,708,266
3,707,266
3,707,267
3,706,267
3,706,268
3,705,268
3,705,269
3,704,269
3,703,269
3,703,270
3,702,270
3,702,271
3,701,271
3,701,272
3,700,272
3,699,272
3,699,273
3,698,273
3,698,274
3,697,274
3,697,275
3,696,275
3,695,275
3,695,276
3,694,276
3,694,277
3,693,277
3,693,278
3,692,278
3,691,278
3,691,279
3,690,279
3,690,280
3,689,280
3,689,281
3,688,281
3,687,281
3,687,282
3,686,282
3,685,282
3,684,282
3,683,282
3,683,281
3,683,280
3,683,279
3,682,279
3,682,278
3,682,277
3,681,277
3,681,276
3,681,275
3,680,275
3,680,274
3,680,273
3,679,273
3,679,272
3,679,271
3,678,271
3,678,270
3,677,270
3,676,270
3,675,270
3,674,270
3,673,270
3,672,270
3,672,271
3,671,271
3,670,271
3,670,272
3,669,272
3,669,273
3,668,273
3,668,274
3,667,274
3,667,275
3,666,275
3,665,275
3,665,276
3,664,276
3,664,277
3,663,277
3,663,278
3,662,278
3,662,279
3,661,279
3,661,280
3,660,280
3,659,280
3,659,281
3,658,281
3,658,282
3,657,282
3,657,283
3,656,283
3,656,284
3,655,284
3,654,284
3,654,285
3,653,285
3,653,286
3,652,286
3,652,287
3,651,287
3,651,288
3,651,289
3,651,290
3,651,291
3,651,292
3,651,293
3,651,294
3,651,295
3,651,296
3,652,296
3,652,297
3,652,298
3,652,299
3,653,299
3,653,300
3,653,301
3,654,301
3,654,302
3,654,303
3,655,303
3,656,303
3,657,303
3,658,303
3,659,303
3,660,303
3,661,303
3,662,303
3,662,302
3,663,302
3,663,301
3,664,301
3,664,300
3,665,300
3,665,299
3,666,299
3,667,299
3,667,298
3,668,298
3,669,298
3,670,298
3,671,298
3,672,298
3,672,299
3,673,299
3,673,300
3,673,301
3,674,301
3,674,302
3,674,303
3,675,303
3,675,304
3,675,305
3,676,305
3,676,306
3,676,307
3,677,307
3,677,308
3,678,308
3,678,309
3,679,309
3,680,309
3,681,309
3,682,309
3,683,309
3,684,309
3,684,308
3,685,308
3,685,307
3,686,307
3,686,306
3,687,306
3,688,306
3,688,305
3,689,305
3,689,304
3,690,304
3,690,303
3,691,303
3,692,303
3,692,302
3,693,302
3,693,301
3,694,301
3,694,300
3,695,300
3,696,300
3,696,299
3,697,299
3,697,298
3,698,298
3,698,297
3,699,297
3,700,297
3,700,296
3,701,296
3,701,295
3,702,295
3,702,294
3,703,294
3,704,294
3,704,293
3,705,293
3,706,293
3,707,293
3,708,293
3,709,293
3,709,294
3,710,294
3,710,295
3,710,296
3,711,296
3,711,297
3,711,298
3,712,298
3,712,299
3,712,300
3,713,300
3,713,301
3,713,302
3,714,302
3,714,303
3,715,303
3,715,304
3,716,304
3,716,305
3,717,305
3,718,305
3,719,305
3,720,305
3,721,305
3,722,305
3,723,305
3,723,304
3,724,304
3,725,304
3,725,303
3,726,303
3,726,302
3,727,302
3,727,301
3,727,300
3,728,300
3,729,300
3,729,299
3,730,299
3,730,298
3,731,298
3,732,298
3,733,298
3,733,297
3,734,297
3,734,296
3,735,296
3,735,295
3,736,295
3,736,294
3,737,294
3,738,294
3,738,293
3,739,293
3,740,293
3,741,293
3,741,292
3,742,292
3,742,291
3,743,291
3,743,290
3,744,290
3,744,289
3,745,289
3,745,288
3,746,288
3,747,288
3,747,287
3,748,287
3,748,286
3,749,286
3,750,286
3,751,286
3,751,285
3,752,285
3,752,284
3,753,284
3,753,283
3,754,283
3,755,283
3,755,282
3,756,282
3,757,282
3,758,282
3,758,281
3,759,281
3,760,281
3,760,280
3,760,279
3,761,279
3,761,278
3,762,278
3,763,278
3,763,277
3,764,277
3,765,277
3,765,276
3,766,276
3,767,276
3,767,275
3,768,275
3,769,275
3,770,275
3,770,274
3,770,273
3,771,273
3,771,272
3,772,272
3,773,272
3,773,271
3,774,271
3,775,271
3,775,270
3,776,270
3,777,270
3,778,270
3,778,269
3,779,269
3,780,269
3,780,268
3,781,268
3,781,267
3,782,267
3,782,266
3,783,266
3,783,265
3,784,265
3,785,265
3,786,265
3,787,265
3,787,264
3,788,264
3,788,263
3,789,263
3,789,262
3,790,262
3,791,262
3,791,261
3,792,261
3,792,260
3,793,260
3,794,260
3,795,260
3,796,260
3,796,259
3,797,259
3,798,259
3,798,258
3,798,257
3,799,257
3,800,257
3,800,256
3,801,256
3,802,256
3,802,255
3,803,255
3,804,255
3,804,254
3,805,254
3,805,253
3,805,252
3,805,251
3,805,250
3,805,249
3,805,248
3,805,247
3,805,246
3,804,246
3,804,245
3,804,244
3,803,244
3,803,243
3,803,242
3,802,242
3,802,241
3,802,240
3,801,240
3,801,239
3,801,238
3,800,238
3,800,237
3,800,236
3,799,236
3,799,235
3,799,234
3,799,233
3,800,233
3,800,232
3,801,232
3,802,232
3,802,231
3,803,231
3,804,231
3,805,231
3,805,230
3,806,230
3,806,229
3,807,229
3,808,229
3,808,228
3,809,228
3,810,228
3,810,227
3,811,227
3,812,227
3,812,226
3,813,226
3,814,226
3,814,225
3,815,225
3,816,225
3,816,224
3,817,224
3,818,224
3,818,223
3,819,223
3,820,223
3,820,222
3,821,222
3,822,222
3,823,222
3,823,221
3,824,221
3,825,221
3,825,220
3,826,220
3,827,220
3,827,219
3,828,219
3,829,219
3,829,218
3,830,218
3,831,218
3,831,217
3,832,217
3,833,217
3,833,216
3,834,216
3,835,216
3,835,215
3,836,215
3,837,215
3,838,215
3,838,214
3,839,214
3,840,214
3,840,213
3,841,213
3,842,213
3,842,212
3,843,212
3,844,212
3,844,211
3,845,211
3,846,211
3,847,211
3,847,210
3,848,210
3,849,210
3,849,209
3,850,209
3,851,209
3,852,209
3,852,208
3,853,208
3,854,208
3,854,207
3,855,207
3,856,207
3,857,207
3,857,206
3,858,206
3,859,206
3,859,205
3,860,205
3,861,205
3,861,204
3,861,203
3,861,202
3,861,201
3,861,200
3,861,199
3,861,198
3,860,198
3,860,197
3,860,196
3,859,196
3,859,195
3,859,194
3,858,194
3,858,193
3,858,192
3,857,192
3,857,191
3,857,190
3,856,190
3,856,189
3,856,188
3,856,187
3,856,186
3,855,186
3,855,185
3,855,184
3,856,184
3,856,183
3,857,183
3,858,183
3,859,183
3,859,182
3,860,182
3,861,182
3,861,181
3,862,181
3,863,181
3,864,181
3,864,180
3,865,180
3,866,180
3,866,179
3,867,179
3,868,179
3,869,179
3,869,178
3,870,178
3,871,178
3,872,178
3,872,177
3,873,177
3,874,177
3,874,176
3,875,176
3,876,176
3,877,176
3,877,175
3,878,175
3,879,175
3,880,175
3,880,174
3,881,174
3,882,174
3,883,174
3,883,173
3,884,173
3,885,173
3,885,172
3,885,171
3,885,170
3,885,169
3,885,168
3,885,167
3,885,166
3,885,165
3,885,164
3,885,163
3,884,163
3,884,162
3,884,161
3,883,161
3,883,160
3,883,159
3,882,159
3,882,158
3,882,157
3,881,157
3,881,156
3,881,155
3,881,154
3,880,154
3,880,153
3,880,152
3,881,152
3,881,151
3,882,151
3,883,151
3,884,151
3,884,150
3,885,150
3,886,150
3,887,150
3,887,149
3,888,149
3,889,149
3,890,149
3,890,148
3,891,148
3,892,148
3,893,148
3,893,147
3,894,147
3,895,147
3,896,147
3,896,146
3,897,146
3,898,146
3,899,146
3,899,145
3,900,145
3,901,145
3,902,145
3,902,144
3,903,144
3,904,144
3,905,144
3,905,143
3,906,143
3,907,143
3,908,143
3,909,143
3,909,142
3,910,142
3,910,141
3,911,141
3,911,140
3,911,139
3,911,138
3,911,137
3,911,136
3,911,135
3,911,134
3,911,133
3,910,133
3,910,132
3,910,131
3,910,130
3,909,130
3,909,129
3,909,128
3,908,128
3,908,127
3,908,126
3,907,126
3,907,125
3,907,124
3,906,124
3,906,123
3,906,122
3,906,121
3,907,121
3,908,121
3,908,120
3,909,120
3,910,120
3,911,120
3,911,119
3,912,119
3,913,119
3,914,119
3,915,119
3,915,118
3,916,118
3,917,118
3,918,118
3,918,117
3,919,117
3,919,116
3,919,115
3,920,115
3,920,114
3,920,113
3,920,112
3,920,111
3,920,110
3,920,109
3,920,108
3,919,108
3,919,107
3,919,106
3,918,106
3,918,105
3,918,104
3,917,104
3,917,103
3,917,102
3,917,101
3,916,101
3,916,100
3,916,99
3,915,99
3,915,98
3,915,97
3,915,96
3,916,96
3,917,96
3,918,96
3,918,95
3,919,95
3,920,95
3,921,95
3,921,94
3,922,94
3,923,94
3,924,94
3,925,94
3,925,93
3,926,93
3,927,93
3,928,93
3,929,93
3,929,92
3,930,92
3,931,92
3,932,92
3,933,92
3,933,91
3,934,91
3,935,91
3,936,91
3,937,91
3,937,90
3,938,90
3,939,90
3,940,90
3,941,90
3,941,89
3,942,89
3,943,89
3,944,89
3,945,89
3,945,88
3,946,88
3,946,87
3,947,87
3,947,86
3,947,85
3,947,84
3,947,83
3,947,82
3,947,81
3,947,80
3,947,79
3,947,78
3,946,78
3,946,77
3,946,76
3,945,76
3,945,75
3,945,74
3,945,73
3,944,73
3,944,72
3,944,71
3,943,71
3,943,70
3,943,69
3,943,68
3,943,67
3,943,66
3,944,66
3,945,66
3,946,66
3,947,66
3,947,65
3,948,65
3,949,65
3,950,65
3,951,65
3,951,64
3,952,64
3,953,64
3,954,64
3,955,64
3,956,64
8,906,74
8,906,75
8,905,75
8,904,75
8,903,75
8,903,76
8,902,76
8,901,76
8,900,76
8,900,77
8,899,77
8,898,77
8,897,77
8,897,78
8,896,78
8,895,78
8,894,78
8,894,79
8,893,79
8,893,80
8,892,80
8,892,81
8,892,82
8,892,83
8,892,84
8,892,85
8,892,86
8,892,87
8,892,88
8,892,89
8,892,90
8,892,91
8,893,91
8,893,92
8,893,93
8,893,94
8,894,94
8,894,95
8,894,96
8,895,96
8,895,97
8,895,98
8,895,99
8,895,100
8,894,100
8,894,101
8,894,102
8,893,102
8,892,102
8,891,102
8,891,103
8,890,103
8,889,103
8,888,103
8,888,104
8,887,104
8,886,104
8,885,104
8,885,105
8,884,105
8,883,105
8,882,105
8,882,106
8,882,107
8,882,108
8,882,109
8,882,110
8,882,111
8,882,112
8,882,113
8,882,114
8,882,115
8,883,115
8,883,116
8,883,117
8,884,117
8,884,118
8,884,119
8,884,120
8,885,120
8,885,121
8,885,122
8,885,123
8,885,124
8,886,124
8,886,125
8,886,126
8,886,127
8,885,127
8,884,127
8,883,127
8,883,128
8,882,128
8,881,128
8,880,128
8,880,129
8,879,129
8,878,129
8,877,129
8,877,130
8,876,130
8,875,130
8,874,130
8,874,131
8,873,131
8,872,131
8,872,132
8,871,132
8,870,132
8,869,132
8,869,133
8,868,133
8,867,133
8,866,133
8,866,134
8,865,134
8,864,134
8,863,134
8,863,135
8,862,135
8,861,135
8,861,136
8,860,136
8,859,136
8,858,136
8,858,137
8,857,137
8,856,137
8,855,137
8,854,137
8,853,137
8,853,136
8,852,136
8,852,135
8,852,134
8,851,134
8,851,133
8,851,132
8,851,131
8,850,131
8,850,130
8,850,129
8,850,128
8,849,128
8,849,127
8,849,126
8,848,126
8,848,125
8,848,124
8,848,123
8,848,122
8,848,121
8,848,120
8,848,119
8,849,119
8,850,119
8,850,118
8,851,118
8,852,118
8,853,118
8,853,117
8,854,117
8,855,117
8,855,116
8,856,116
8,857,116
8,857,115
8,858,115
8,858,114
8,859,114
8,860,114
8,860,113
8,860,112
8,860,111
8,860,110
8,860,109
8,860,108
8,860,107
8,860,106
8,860,105
8,860,104
8,860,103
8,860,102
8,859,102
8,859,101
8,859,100
8,859,99
8,858,99
8,858,98
8,858,97
8,858,96
8,857,96
8,857,95
8,857,94
8,857,93
8,856,93
8,856,92
8,856,91
8,856,90
8,855,90
8,855,89
8,855,88
8,855,87
8,854,87
8,854,86
8,854,85
8,854,84
8,853,84
8,853,83
8,853,82
8,853,81
8,852,81
8,852,80
8,852,79
8,852,78
8,851,78
8,851,77
8,851,76
8,851,75
8,851,74
8,850,74
8,850,73
8,850,72
8,850,71
8,849,71
8,849,70
8,849,69
8,849,68
8,849,67
8,848,67
8,848,66
8,848,65
8,848,64
8,847,64
8,847,63
8,847,62
8,847,61
8,847,60
8,846,60
8,846,59
8,846,58
8,846,57
8,845,57
8,845,56
8,845,55
8,845,54
8,845,53
8,844,53
8,844,52
8,844,51
8,844,50
8,844,49
8,843,49
8,843,48
8,843,47
8,843,46
8,843,45
8,842,45
8,842,44
8,842,43
8,842,42
8,842,41
8,841,41
8,841,40
8,841,39
8,841,38
8,841,37
8,840,37
8,840,36
8,840,35
8,840,34
8,840,33
8,841,33
8,842,33
8,842,32
8,843,32
8,844,32
8,845,32
8,845,31
8,846,31
8,847,31
8,847,30
8,848,30
8,849,30
8,850,30
8,850,29
8,851,29
8,852,29
8,852,28
8,853,28
8,854,28
8,855,28
8,855,29
8,856,29
8,856,30
8,856,31
8,856,32
8,856,33
8,857,33
8,857,34
8,857,35
8,857,36
8,857,37
8,858,37
8,858,38
8,858,39
8,858,40
8,858,41
8,859,41
8,859,42
8,859,43
8,860,43
8,860,44
8,861,44
8,862,44
8,863,44
8,864,44
8,865,44
8,866,44
8,867,44
8,868,44
8,869,44
8,870,44
8,871,44
8,871,43
8,872,43
8,873,43
8,874,43
8,874,42
8,875,42
8,876,42
8,877,42
8,877,43
8,877,44
8,877,45
8,878,45
8,878,46
8,878,47
8,878,48
8,878,49
8,879,49
8,879,50
8,879,51
8,879,52
8,880,52
8,880,53
8,880,54
8,880,55
8,881,55
8,881,56
8,881,57
8,882,57
8,882,58
8,883,58
8,884,58
8,885,58
8,886,58
8,887,58
8,888,58
8,889,58
8,890,58
8,891,58
8,892,58
8,893,58
8,894,58
8,895,58
8,895,57
8,896,57
8,897,57
8,898,57
8,899,57
8,900,57
8,900,58
8,900,59
8,900,60
8,901,60
8,901,61
8,901,62
8,901,63
8,902,63
8,902,64
8,902,65
8,902,66
8,903,66
8,903,67
8,903,68
8,903,69
8,904,69
8,904,70
8,904,71
10,905,74
10,905,73
10,905,72
10,905,71
10,905,70
10,904,70
10,904,69
10,904,68
10,904,67
10,903,67
10,903,66
10,903,65
10,903,64
10,902,64
10,902,63
10,902,62
10,902,61
10,901,61
10,901,60
10,901,59
10,900,59
10,900,58
10,899,58
10,898,58
10,897,58
10,896,58
10,895,58
10,894,58
10,893,58
10,892,58
10,891,58
10,890,58
10,889,58
10,888,58
10,887,58
10,887,59
10,886,59
10,885,59
10,884,59
10,883,59
10,882,59
10,882,58
10,882,57
10,882,56
10,881,56
10,881,55
10,881,54
10,881,53
10,880,53
10,880,52
10,880,51
10,880,50
10,879,50
10,879,49
10,879,48
10,879,47
10,879,46
10,878,46
10,878,45
10,877,45
10,877,44
10,876,44
10,875,44
10,874,44
10,873,44
10,872,44
10,871,44
10,870,44
10,869,44
10,868,44
10,867,44
10,866,44
10,865,44
10,864,44
10,864,45
10,863,45
10,862,45
10,861,45
10,860,45
10,860,44
10,860,43
10,860,42
10,859,42
10,859,41
10,859,40
10,859,39
10,858,39
10,858,38
10,858,37
10,858,36
10,858,35
10,857,35
10,857,34
10,857,33
10,857,32
10,857,31
10,856,31
10,856,30
10,855,30
10,855,29
10,854,29
10,853,29
10,852,29
10,851,29
10,850,29
10,849,29
10,848,29
10,847,29
10,846,29
10,846,30
10,845,30
10,844,30
10,843,30
10,843,31
10,842,31
10,842,32
10,842,33
10,841,33
10,841,34
10,841,35
10,841,36
10,841,37
10,841,38
10,841,39
10,841,40
10,841,41
10,841,42
10,841,43
10,842,43
10,842,44
10,842,45
10,842,46
10,842,47
10,843,47
10,843,48
10,843,49
10,843,50
10,843,51
10,844,51
10,844,52
10,844,53
10,844,54
10,844,55
10,845,55
10,845,56
10,845,57
10,845,58
10,845,59
10,846,59
10,846,60
10,846,61
10,846,62
10,847,62
10,847,63
10,847,64
10,847,65
10,847,66
10,848,66
10,848,67
10,848,68
10,848,69
10,849,69
10,849,70
10,849,71
10,849,72
10,849,73
10,850,73
10,850,74
10,850,75
10,850,76
10,851,76
10,851,77
10,851,78
10,851,79
10,852,79
10,852,80
10,852,81
10,852,82
10,852,83
10,853,83
10,853,84
10,853,85
10,853,86
10,854,86
10,854,87
10,854,88
10,854,89
10,855,89
10,855,90
10,855,91
10,855,92
10,856,92
10,856,93
10,856,94
10,856,95
10,857,95
10,857,96
10,857,97
10,857,98
10,858,98
10,858,99
10,858,100
10,858,101
10,859,101
10,859,102
10,859,103
10,859,104
10,860,104
10,860,105
10,860,106
10,861,106
10,861,107
10,861,108
10,861,109
10,862,109
10,862,110
10,862,111
10,862,112
10,861,112
10,861,113
10,860,113
10,860,114
10,859,114
10,858,114
10,857,114
10,857,115
10,856,115
10,855,115
10,855,116
10,854,116
10,853,116
10,852,116
10,852,117
10,851,117
10,850,117
10,850,118
10,849,118
10,849,119
10,849,120
10,849,121
10,849,122
10,849,123
10,849,124
10,849,125
10,849,126
10,849,127
10,849,128
10,849,129
10,849,130
10,850,130
10,850,131
10,850,132
10,851,132
10,851,133
10,852,133
10,852,134
10,852,135
10,853,135
10,854,135
10,854,136
10,855,136
10,856,136
10,857,136
10,858,136
10,859,136
10,860,136
10,861,136
10,862,136
10,863,136
10,864,136
10,864,135
10,865,135
10,866,135
10,867,135
10,867,134
10,868,134
10,869,134
10,869,133
10,870,133
10,871,133
10,872,133
10,872,132
10,873,132
10,874,132
10,875,132
10,875,131
10,876,131
10,877,131
10,877,130
10,878,130
10,879,130
10,880,130
10,880,129
10,881,129
10,882,129
10,883,129
10,883,128
10,884,128
10,884,127
10,884,126
10,884,125
10,884,124
10,884,123
10,884,122
10,884,121
10,884,120
10,884,119
10,884,118
10,884,117
10,884,116
10,883,116
10,883,115
10,883,114
10,883,113
10,882,113
10,882,112
10,882,111
10,881,111
10,881,110
10,881,109
10,881,108
10,881,107
10,882,107
10,882,106
10,883,106
10,884,106
10,885,106
10,885,105
10,886,105
10,887,105
10,888,105
10,888,104
10,889,104
10,890,104
10,891,104
10,891,103
10,891,102
10,892,102
10,893,102
10,893,101
10,894,101
10,894,100
10,894,99
10,894,98
10,894,97
10,894,96
10,894,95
10,894,94
10,894,93
10,894,92
10,893,92
10,893,91
10,893,90
10,893,89
10,892,89
10,892,88
10,892,87
10,892,86
10,891,86
10,891,85
10,891,84
10,890,84
10,890,83
10,890,82
10,890,81
10,891,81
10,891,80
10,892,80
10,893,80
10,894,80
10,894,79
10,895,79
10,896,79
10,897,79
10,897,78
10,898,78
10,899,78
10,900,78
10,901,78
10,901,77
10,902,77
10,903,77
5,764,2
5,764,1
5,764,0
5,764,-1
5,764,-2
5,764,-3
5,764,-4
5,764,-5
5,763,-5
5,763,-6
5,763,-7
5,763,-8
5,763,-9
5,763,-10
5,763,-11
5,763,-12
5,762,-12
5,762,-13
5,762,-14
5,762,-15
5,762,-16
5,762,-17
5,762,-18
5,762,-19
5,762,-20
5,761,-20
5,761,-21
5,761,-22
5,761,-23
5,761,-24
5,761,-25
5,761,-26
5,761,-27
5,761,-28
5,760,-28
5,760,-29
5,760,-30
5,760,-31
5,760,-32
5,760,-33
5,760,-34
5,760,-35
5,760,-36
5,760,-37
5,759,-37
5,759,-38
5,759,-39
5,759,-40
5,759,-41
5,759,-42
5,759,-43
5,759,-44
5,759,-45
5,759,-46
5,759,-47
5,758,-47
5,758,-48
5,758,-49
5,758,-50
5,758,-51
5,758,-52
5,758,-53
5,758,-54
5,758,-55
5,757,-55
5,756,-55
5,755,-55
5,754,-55
5,753,-55
5,752,-55
5,751,-55
5,750,-55
5,749,-55
5,749,-54
5,748,-54
5,748,-53
5,747,-53
5,746,-53
5,746,-52
5,745,-52
5,744,-52
5,743,-52
5,742,-52
5,742,-53
5,742,-54
5,742,-55
5,741,-55
5,741,-56
5,741,-57
5,741,-58
5,741,-59
5,741,-60
5,741,-61
5,741,-62
5,741,-63
5,741,-64
5,741,-65
5,741,-66
5,741,-67
5,741,-68
5,741,-69
5,740,-69
5,740,-70
5,740,-71
5,740,-72
5,740,-73
5,740,-74
5,740,-75
5,740,-76
5,740,-77
5,740,-78
5,740,-79
5,740,-80
5,740,-81
5,740,-82
5,740,-83
5,740,-84
5,740,-85
5,740,-86
5,739,-86
5,739,-87
5,739,-88
5,739,-89
5,739,-90
5,739,-91
5,739,-92
5,739,-93
5,739,-94
5,739,-95
5,739,-96
5,739,-97
5,739,-98
5,739,-99
5,739,-100
5,739,-101
5,739,-102
5,739,-103
5,739,-104
5,739,-105
5,739,-106
5,739,-107
5,739,-108
5,739,-109
5,739,-110
5,738,-110
5,738,-111
5,738,-112
5,738,-113
5,738,-114
5,738,-115
5,738,-116
5,738,-117
5,738,-118
5,738,-119
5,738,-120
5,738,-121
5,738,-122
5,738,-123
5,738,-124
5,738,-125
5,738,-126
5,738,-127
5,738,-128
5,738,-129
5,738,-130
5,738,-131
5,738,-132
5,738,-133
5,738,-134
5,738,-135
5,738,-136
5,738,-137
5,738,-138
5,738,-139
5,738,-140
5,738,-141
5,738,-142
5,738,-143
5,738,-144
5,738,-145
5,738,-146
5,738,-147
5,738,-148
5,738,-149
5,738,-150
5,738,-151
5,738,-152
5,738,-153
5,738,-154
5,738,-155
5,738,-156
5,738,-157
5,738,-158
5,738,-159
5,738,-160
5,738,-161
5,737,-161
5,737,-162
5,736,-162
5,735,-162
5,734,-162
5,733,-162
5,732,-162
5,731,-162
5,730,-162
5,730,-161
5,729,-161
5,729,-160
5,728,-160
5,728,-159
5,727,-159
5,726,-159
5,726,-158
5,725,-158
5,724,-158
5,723,-158
5,722,-158
5,722,-159
5,722,-160
5,722,-161
5,722,-162
5,722,-163
5,722,-164
5,722,-165
5,722,-166
5,722,-167
5,722,-168
5,722,-169
5,722,-170
5,722,-171
5,722,-172
5,722,-173
5,722,-174
5,722,-175
5,722,-176
5,722,-177
5,722,-178
5,722,-179
5,722,-180
5,722,-181
5,722,-182
5,722,-183
5,722,-184
5,722,-185
5,722,-186
5,722,-187
5,722,-188
5,722,-189
5,722,-190
5,722,-191
5,722,-192
5,722,-193
5,722,-194
5,722,-195
5,722,-196
5,722,-197
5,722,-198
5,722,-199
5,722,-200
5,722,-201
5,722,-202
5,722,-203
5,722,-204
5,722,-205
5,722,-206
5,722,-207
5,722,-208
5,722,-209
5,722,-210
5,722,-211
5,722,-212
5,722,-213
5,722,-214
5,722,-215
5,722,-216
5,722,-217
5,722,-218
5,722,-219
5,722,-220
5,722,-221
5,722,-222
5,722,-223
5,722,-224
5,722,-225
5,722,-226
5,723,-226
5,723,-227
5,723,-228
5,723,-229
5,723,-230
5,723,-231
5,723,-232
5,723,-233
5,723,-234
5,723,-235
5,723,-236
5,723,-237
5,723,-238
5,723,-239
5,723,-240
5,723,-241
5,723,-242
5,723,-243
5,723,-244
5,723,-245
5,723,-246
5,723,-247
5,723,-248
5,723,-249
5,723,-250
5,723,-251
5,724,-251
5,724,-252
5,724,-253
5,724,-254
5,724,-255
5,724,-256
5,724,-257
5,724,-258
5,724,-259
5,724,-260
5,724,-261
5,723,-261
5,722,-261
5,721,-261
5,720,-261
5,719,-261
5,718,-261
5,717,-261
5,716,-261
5,716,-260
5,715,-260
5,715,-259
5,714,-259
5,714,-258
5,713,-258
5,713,-257
5,712,-257
5,712,-256
5,711,-256
5,710,-256
5,710,-257
5,710,-258
5,710,-259
5,710,-260
5,710,-261
5,710,-262
5,710,-263
5,710,-264
5,710,-265
5,710,-266
5,710,-267
5,710,-268
5,710,-269
5,710,-270
5,710,-271
5,710,-272
5,710,-273
5,710,-274
5,710,-275
5,710,-276
5,710,-277
5,710,-278
5,710,-279
5,710,-280
5,710,-281
5,710,-282
5,710,-283
5,710,-284
5,710,-285
5,710,-286
5,710,-287
5,710,-288
5,710,-289
5,710,-290
5,710,-291
5,711,-291
5,711,-292
5,711,-293
5,711,-294
5,711,-295
5,711,-296
5,711,-297
5,711,-298
5,711,-299
5,711,-300
5,711,-301
5,711,-302
5,711,-303
5,711,-304
5,711,-305
5,711,-306
5,711,-307
5,711,-308
5,711,-309
5,711,-310
5,712,-310
5,712,-311
5,712,-312
5,712,-313
5,712,-314
5,711,-314
5,710,-314
5,709,-314
5,708,-314
5,707,-314
5,706,-314
5,705,-314
5,705,-313
5,704,-313
5,704,-312
5,703,-312
5,703,-311
5,702,-311
5,702,-310
5,701,-310
5,700,-310
5,699,-310
5,699,-309
5,698,-309
5,697,-309
5,697,-310
5,697,-311
5,697,-312
5,697,-313
5,697,-314
5,697,-315
5,697,-316
5,697,-317
5,697,-318
5,697,-319
5,697,-320
5,697,-321
5,697,-322
5,697,-323
5,697,-324
5,697,-325
5,697,-326
5,697,-327
5,697,-328
5,697,-329
5,698,-329
5,698,-330
5,698,-331
5,698,-332
5,698,-333
5,698,-334
5,698,-335
5,698,-336
5,697,-336
5,696,-336
5,695,-336
5,694,-336
5,693,-336
5,692,-336
5,691,-336
5,690,-336
5,690,-335
5,689,-335
5,689,-334
5,689,-333
5,688,-333
5,688,-332
5,687,-332
5,687,-331
5,686,-331
5,686,-330
5,685,-330
5,685,-329
5,684,-329
5,683,-329
5,683,-330
5,683,-331
5,683,-332
5,683,-333
5,683,-334
5,683,-335
5,683,-336
5,683,-337
5,683,-338
5,683,-339
5,683,-340
5,683,-341
5,683,-342
5,683,-343
5,683,-344
5,683,-345
5,683,-346
5,683,-347
5,683,-348
5,683,-349
5,683,-350
5,683,-351
5,683,-352
5,683,-353
5,683,-354
5,683,-355
5,683,-356
5,683,-357
5,683,-358
5,683,-359
5,683,-360
5,682,-360
5,681,-360
5,680,-360
5,679,-360
5,678,-360
5,677,-360
5,677,-359
5,676,-359
5,676,-358
5,676,-357
5,675,-357
5,675,-356
5,674,-356
5,674,-355
5,673,-355
5,673,-354
5,672,-354
5,672,-353
5,672,-352
5,671,-352
5,670,-352
5,669,-352
5,669,-353
5,669,-354
5,669,-355
5,669,-356
5,669,-357
5,669,-358
5,669,-359
5,669,-360
5,669,-361
5,669,-362
5,669,-363
5,669,-364
5,669,-365
5,669,-366
5,669,-367
5,669,-368
5,669,-369
5,669,-370
5,669,-371
5,669,-372
5,669,-373
5,669,-374
5,669,-375
5,669,-376
5,669,-377
5,669,-378
5,669,-379
5,669,-380
5,669,-381
5,669,-382
5,669,-383
5,669,-384
5,669,-385
5,669,-386
5,668,-386
5,667,-386
5,666,-386
5,665,-386
5,664,-386
5,664,-385
5,663,-385
5,663,-384
5,662,-384
5,662,-383
5,662,-382
5,661,-382
5,661,-381
5,660,-381
5,660,-380
5,660,-379
5,659,-379
5,659,-378
5,658,-378
5,658,-377
5,657,-377
5,657,-376
5,657,-375
5,656,-375
5,655,-375
5,654,-375
5,654,-376
5,654,-377
5,654,-378
5,654,-379
5,654,-380
5,654,-381
5,654,-382
5,654,-383
5,654,-384
5,654,-385
5,654,-386
5,654,-387
5,654,-388
5,654,-389
5,654,-390
5,654,-391
5,654,-392
5,654,-393
5,654,-394
5,654,-395
5,654,-396
5,655,-396
5,655,-397
5,655,-398
5,655,-399
5,655,-400
5,655,-401
5,655,-402
5,655,-403
5,655,-404
5,655,-405
5,655,-406
5,655,-407
5,655,-408
5,655,-409
5,655,-410
5,655,-411
5,655,-412
5,655,-413
5,655,-414
5,654,-414
5,654,-415
5,653,-415
5,652,-415
5,651,-415
5,650,-415
5,649,-415
5,649,-414
5,649,-413
5,648,-413
5,648,-412
5,648,-411
5,647,-411
5,647,-410
5,646,-410
5,646,-409
5,646,-408
5,645,-408
5,645,-407
5,645,-406
5,644,-406
5,644,-405
5,643,-405
5,643,-404
5,643,-403
5,642,-403
5,642,-402
5,641,-402
5,641,-401
5,641,-400
5,641,-399
5,640,-399
5,640,-398
5,639,-398
5,639,-397
5,639,-396
5,638,-396
5,638,-395
5,637,-395
5,637,-394
5,637,-393
5,636,-393
5,636,-392
5,636,-391
5,635,-391
5,635,-390
5,635,-389
5,634,-389
5,634,-388
5,633,-388
5,633,-387
5,633,-386
5,632,-386
5,632,-385
5,632,-384
5,631,-384
5,631,-383
5,631,-382
5,630,-382
5,630,-381
5,629,-381
5,629,-380
5,629,-379
5,628,-379
5,628,-378
5,628,-377
5,627,-377
5,627,-376
5,627,-375
5,626,-375
5,626,-374
5,626,-373
5,625,-373
5,625,-372
5,624,-372
5,624,-371
5,624,-370
5,623,-370
5,623,-369
5,623,-368
5,622,-368
5,622,-367
5,622,-366
5,621,-366
5,621,-365
5,621,-364
5,620,-364
5,620,-363
5,620,-362
5,619,-362
5,619,-361
5,618,-361
5,618,-360
5,618,-359
5,617,-359
5,617,-358
5,617,-357
5,616,-357
5,616,-356
5,616,-355
5,615,-355
5,615,-354
5,615,-353
5,614,-353
5,614,-352
5,614,-351
5,613,-351
5,613,-350
5,613,-349
5,612,-349
5,612,-348
5,612,-347
5,611,-347
5,611,-346
5,610,-346
5,610,-345
5,610,-344
5,610,-343
5,610,-342
5,609,-342
5,609,-341
5,609,-340
5,609,-339
5,609,-338
5,609,-337
5,609,-336
5,609,-335
5,609,-334
5,609,-333
5,608,-333
5,608,-332
5,608,-331
5,608,-330
5,608,-329
5,608,-328
5,608,-327
5,608,-326
5,608,-325
5,608,-324
5,608,-323
5,608,-322
5,608,-321
5,608,-320
5,608,-319
5,608,-318
5,608,-317
5,608,-316
5,608,-315
5,608,-314
5,608,-313
5,607,-313
5,607,-312
5,607,-311
5,607,-310
5,607,-309
5,607,-308
5,607,-307
5,607,-306
5,607,-305
5,607,-304
5,607,-303
5,607,-302
5,607,-301
5,607,-300
5,607,-299
5,607,-298
5,607,-297
5,606,-297
5,606,-296
5,606,-295
5,606,-294
5,605,-294
5,605,-293
5,605,-292
5,604,-292
5,604,-291
5,604,-290
5,603,-290
5,603,-289
5,602,-289
5,602,-288
5,602,-287
5,601,-287
5,601,-286
5,601,-285
5,600,-285
5,600,-284
5,600,-283
5,599,-283
5,599,-282
5,598,-282
5,598,-281
5,598,-280
5,597,-280
5,597,-279
5,597,-278
5,596,-278
5,596,-277
5,596,-276
5,595,-276
5,595,-275
5,595,-274
5,594,-274
5,594,-273
5,593,-273
5,593,-272
5,593,-271
5,592,-271
5,592,-270
5,592,-269
5,591,-269
5,591,-268
5,591,-267
5,590,-267
5,590,-266
5,589,-266
5,589,-265
5,589,-264
5,588,-264
5,588,-263
5,588,-262
5,587,-262
5,587,-261
5,587,-260
5,586,-260
5,586,-259
5,585,-259
5,585,-258
5,585,-257
5,584,-257
5,584,-256
5,584,-255
5,583,-255
5,583,-254
5,583,-253
5,582,-253
5,582,-252
5,581,-252
5,581,-251
5,581,-250
5,580,-250
5,580,-249
5,580,-248
5,579,-248
5,579,-247
5,578,-247
5,578,-246
5,578,-245
5,577,-245
5,577,-244
5,577,-243
5,576,-243
5,576,-242
5,576,-241
5,575,-241
5,575,-240
5,575,-239
5,574,-239
5,574,-238
5,574,-237
5,573,-237
5,573,-236
5,573,-235
5,573,-234
5,572,-234
5,572,-233
5,572,-232
5,572,-231
5,572,-230
5,571,-230
5,571,-229
5,571,-228
5,571,-227
5,571,-226
5,571,-225
5,571,-224
5,571,-223
5,571,-222
5,571,-221
5,570,-221
5,570,-220
5,570,-219
5,570,-218
5,570,-217
5,570,-216
5,570,-215
5,570,-214
5,570,-213
5,570,-212
5,570,-211
5,570,-210
5,570,-209
5,570,-208
5,569,-208
5,569,-207
5,569,-206
5,569,-205
5,569,-204
5,569,-203
5,568,-203
5,568,-202
5,568,-201
5,568,-200
5,568,-199
5,568,-198
5,568,-197
5,567,-196
5,567,-195
5,567,-194
5,566,-194
5,566,-193
5,565,-193
5,565,-192
5,565,-191
5,564,-191
5,564,-190
5,563,-190
5,563,-189
5,563,-188
5,562,-188
5,562,-187
5,562,-186
5,561,-186
5,561,-185
5,560,-185
5,560,-184
5,560,-183
5,559,-183
5,559,-182
5,559,-181
5,558,-181
5,558,-180
5,557,-180
5,557,-179
5,557,-178
5,556,-178
5,556,-177
5,555,-177
5,555,-176
5,555,-175
5,554,-175
5,554,-174
5,554,-173
5,553,-173
5,553,-172
5,552,-172
5,552,-171
5,552,-170
5,551,-170
5,551,-169
5,551,-168
5,551,-167
5,550,-167
5,550,-166
5,550,-165
5,550,-164
5,550,-163
5,550,-162
5,549,-162
5,549,-161
5,549,-160
5,549,-159
5,549,-158
5,548,-158
5,548,-157
5,548,-156
5,548,-155
5,548,-154
5,548,-153
5,548,-152
5,548,-151
5,548,-150
5,548,-149
5,548,-148
5,548,-147
5,547,-147
5,547,-146
5,547,-145
5,547,-144
5,547,-143
5,547,-142
5,547,-141
5,547,-140
5,547,-139
5,547,-138
5,547,-137
5,547,-136
5,547,-135
5,546,-135
5,546,-134
5,546,-133
5,546,-132
5,546,-131
5,546,-130
5,546,-129
5,546,-128
5,546,-127
5,546,-126
5,546,-125
5,546,-124
5,546,-123
5,546,-122
5,545,-122
5,545,-121
5,545,-120
5,545,-119
5,545,-118
5,545,-117
5,545,-116
5,545,-115
5,545,-114
5,545,-113
5,545,-112
5,545,-111
5,545,-110
5,545,-109
5,544,-109
5,544,-108
5,544,-107
5,544,-106
5,544,-105
5,544,-104
5,544,-103
5,544,-102
5,544,-101
5,544,-100
5,544,-99
5,544,-98
5,544,-97
5,544,-96
5,544,-95
5,544,-94
5,544,-93
5,543,-93
5,543,-92
5,543,-91
5,543,-90
5,543,-89
5,543,-88
5,543,-87
5,543,-86
5,543,-85
5,543,-84
5,543,-83
5,543,-82
5,543,-81
5,543,-80
5,543,-79
5,543,-78
5,543,-77
5,543,-76
5,543,-75
5,542,-75
5,542,-74
5,542,-73
5,542,-72
5,542,-71
5,542,-70
5,542,-69
5,542,-68
5,542,-67
5,542,-66
5,542,-65
5,542,-64
5,542,-63
5,542,-62
5,542,-61
5,542,-60
5,542,-59
5,542,-58
5,542,-57
5,541,-57
5,541,-56
5,540,-56
5,540,-55
5,540,-54
5,539,-54
5,539,-53
5,538,-53
5,538,-52
5,537,-52
5,537,-51
5,537,-50
5,536,-50
5,536,-49
5,535,-49
5,535,-48
5,534,-48
5,534,-47
5,534,-46
5,533,-46
5,533,-45
5,532,-45
5,532,-44
5,531,-44
5,531,-43
5,531,-42
5,530,-42
5,530,-41
5,529,-41
5,529,-40
5,528,-40
5,528,-39
5,528,-38
5,527,-38
5,527,-37
5,526,-37
5,526,-36
5,526,-35
5,525,-35
5,525,-34
5,525,-33
5,524,-33
5,524,-32
5,524,-31
5,524,-30
5,524,-29
5,523,-29
5,523,-28
5,523,-27
5,523,-26
5,523,-25
5,523,-24
5,523,-23
5,523,-22
5,523,-21
5,523,-20
5,523,-19
5,523,-18
5,523,-17
5,523,-16
5,523,-15
5,523,-14
5,523,-13
5,523,-12
5,523,-11
5,523,-10
5,523,-9
5,523,-8
5,523,-7
5,523,-6
5,523,-5
5,523,-4
5,523,-3
5,523,-2
5,523,-1
5,523,0
5,523,1
5,523,2
5,523,3
5,523,4
5,523,5
5,523,6
5,523,7
5,523,8
5,523,9
5,523,10
5,523,11
5,523,12
5,523,13
5,523,14
5,523,15
5,523,16
5,523,17
5,523,18
5,523,19
5,523,20
5,523,21
5,523,22
5,523,23
5,523,24
5,523,25
5,523,26
5,523,27
5,523,28
5,523,29
5,523,30
5,523,31
5,523,32
5,523,33
5,523,34
5,523,35
5,523,36
5,523,37
5,523,38
5,523,39
5,523,40
5,523,41
5,523,42
5,523,43
5,523,44
5,523,45
5,523,46
5,523,47
5,523,48
5,524,48
5,524,49
5,524,50
5,524,51
5,524,52
5,524,53
5,524,54
5,524,55
5,524,56
5,524,57
5,524,58
5,524,59
5,524,60
5,525,60
5,525,61
5,525,62
5,525,63
5,525,64
5,525,65
5,525,66
5,525,67
5,525,68
5,525,69
5,525,70
5,525,71
5,526,71
5,526,72
5,526,73
5,526,74
5,526,75
5,526,76
5,526,77
5,526,78
5,526,79
5,527,79
5,527,80
5,527,81
5,527,82
5,527,83
5,527,84
5,527,85
5,527,86
5,527,87
5,528,87
5,528,88
5,528,89
5,528,90
5,528,91
5,528,92
5,528,93
5,528,94
5,528,95
5,529,95
5,529,96
5,529,97
5,529,98
5,529,99
5,529,100
5,529,101
5,530,101
5,530,102
5,530,103
5,530,104
5,530,105
5,530,106
5,530,107
5,530,108
5,531,108
5,531,109
5,531,110
5,531,111
5,531,112
5,531,113
5,531,114
5,532,114
5,532,115
5,532,116
5,532,117
5,532,118
5,532,119
5,533,119
5,533,120
5,533,121
5,533,122
5,533,123
5,533,124
5,533,125
5,534,125
5,534,126
5,534,127
5,534,128
5,534,129
5,534,130
5,535,130
5,535,131
5,535,132
5,535,133
5,535,134
5,535,135
5,536,135
5,536,136
5,536,137
5,536,138
5,536,139
5,537,139
5,537,140
5,537,141
5,537,142
5,537,143
5,537,144
5,538,144
5,538,145
5,538,146
5,538,147
5,538,148
5,539,148
5,539,149
5,539,150
5,539,151
5,539,152
5,540,152
5,540,153
5,540,154
5,540,155
5,540,156
5,540,157
5,541,157
5,541,158
5,541,159
5,541,160
5,541,161
5,542,161
5,542,162
5,542,163
5,542,164
5,542,165
5,543,165
5,543,166
5,543,167
5,543,168
5,544,168
5,544,169
5,544,170
5,544,171
5,544,172
5,545,172
5,545,173
5,545,174
5,545,175
5,545,176
5,546,176
5,546,177
5,546,178
5,546,179
5,547,179
5,547,180
5,547,181
5,547,182
5,547,183
5,548,183
5,548,184
5,548,185
5,548,186
5,549,186
5,549,187
5,549,188
5,549,189
5,549,190
5,550,190
5,550,191
5,550,192
5,550,193
5,551,193
5,551,194
5,551,195
5,551,196
5,552,196
5,552,197
5,552,198
5,552,199
5,553,199
5,553,200
5,553,201
5,553,202
5,553,203
5,554,203
5,554,204
5,554,205
5,554,206
5,555,206
5,555,207
5,555,208
5,555,209
5,556,209
5,556,210
5,556,211
5,556,212
5,557,212
5,557,213
5,557,214
5,557,215
5,558,215
5,558,216
5,558,217
5,558,218
5,559,218
5,559,219
5,559,220
5,559,221
5,560,221
5,560,222
5,560,223
5,561,223
5,561,224
5,561,225
5,561,226
5,562,226
5,562,227
5,562,228
5,562,229
5,563,229
5,563,230
5,564,230
5,565,230
5,566,230
5,567,230
5,568,230
5,569,230
5,569,229
5,570,229
5,570,228
5,571,228
5,571,227
5,572,227
5,572,226
5,573,226
5,573,225
5,574,225
5,574,224
5,575,224
5,575,223
5,576,223
5,576,222
5,577,222
5,577,221
5,578,221
5,579,221
5,580,221
5,580,222
5,580,223
5,581,223
5,581,224
5,581,225
5,581,226
5,582,226
5,582,227
5,582,228
5,582,229
5,583,229
5,583,230
5,583,231
5,584,231
5,584,232
5,584,233
5,584,234
5,585,234
5,585,235
5,585,236
5,585,237
5,586,237
5,586,238
5,586,239
5,587,239
5,587,240
5,587,241
5,587,242
5,588,242
5,588,243
5,588,244
5,588,245
5,589,245
5,589,246
5,589,247
5,590,247
5,590,248
5,590,249
5,590,250
5,591,250
5,591,251
5,591,252
5,592,252
5,592,253
5,592,254
5,592,255
5,593,255
5,593,256
5,593,257
5,594,257
5,594,258
5,594,259
5,594,260
5,595,260
5,595,261
5,595,262
5,596,262
5,597,262
5,597,263
5,598,263
5,599,263
5,600,263
5,601,263
5,602,263
5,602,262
5,603,262
5,603,261
5,604,261
5,604,260
5,605,260
5,605,259
5,606,259
5,606,258
5,607,258
5,608,258
5,608,257
5,609,257
5,610,257
5,610,256
5,611,256
5,612,256
5,613,256
5,614,256
5,614,257
5,614,258
5,615,258
5,615,259
5,615,260
5,616,260
5,616,261
5,616,262
5,617,262
5,617,263
5,617,264
5,617,265
5,618,265
5,618,266
5,618,267
5,619,267
5,619,268
5,619,269
5,619,270
5,620,270
5,620,271
5,620,272
5,621,272
5,621,273
5,621,274
5,622,274
5,622,275
5,622,276
5,623,276
5,623,277
5,623,278
5,623,279
5,624,279
5,624,280
5,624,281
5,625,281
5,626,281
5,627,281
5,628,281
5,629,281
5,630,281
5,631,281
5,632,281
5,633,281
5,633,280
5,634,280
5,634,279
5,635,279
5,635,278
5,636,278
5,636,277
5,637,277
5,638,277
5,638,276
5,639,276
5,640,276
5,641,276
5,642,276
5,642,277
5,643,277
5,643,278
5,643,279
5,644,279
5,644,280
5,644,281
5,645,281
5,645,282
5,645,283
5,645,284
5,646,284
5,646,285
5,647,285
5,647,286
5,648,286
5,648,287
5,649,287
5,650,287
5,651,287
5,652,287
5,653,287
5,653,286
5,654,286
5,654,285
5,655,285
5,655,284
5,656,284
5,657,284
5,657,283
5,658,283
5,658,282
5,659,282
5,659,281
5,660,281
5,660,280
5,661,280
5,661,279
5,662,279
5,663,279
5,663,278
5,664,278
5,664,277
5,665,277
5,665,276
5,666,276
5,666,275
5,667,275
5,668,275
5,668,274
5,669,274
5,669,273
5,670,273
5,670,272
5,671,272
5,671,271
5,672,271
5,673,271
5,673,270
5,674,270
5,674,269
5,675,269
5,675,268
5,676,268
5,677,268
5,678,268
5,678,269
5,678,270
5,679,270
5,679,271
5,679,272
5,680,272
5,680,273
5,680,274
5,681,274
5,681,275
5,681,276
5,681,277
5,682,277
5,682,278
5,682,279
5,683,279
5,683,280
5,684,280
5,685,280
5,686,280
5,687,280
5,688,280
5,689,280
5,690,280
5,691,280
5,691,279
5,692,279
5,692,278
5,693,278
5,694,278
5,694,277
5,695,277
5,695,276
5,696,276
5,696,275
5,697,275
5,698,275
5,698,274
5,699,274
5,699,273
5,700,273
5,700,272
5,701,272
5,702,272
5,702,271
5,703,271
5,703,270
5,704,270
5,704,269
5,705,269
5,706,269
5,706,268
5,707,268
5,707,267
5,708,267
5,708,266
5,709,266
5,710,266
5,710,265
5,711,265
5,711,264
5,712,264
5,713,264
5,714,264
5,715,264
5,715,265
5,715,266
5,716,266
5,716,267
5,716,268
5,717,268
5,717,269
5,717,270
5,718,270
5,718,271
5,718,272
5,719,272
5,719,273
5,719,274
5,720,274
5,720,275
5,720,276
5,721,276
5,721,277
5,722,277
5,723,277
5,724,277
5,725,277
5,726,277
5,727,277
5,727,276
5,728,276
5,729,276
5,729,275
5,730,275
5,730,274
5,731,274
5,732,274
5,732,273
5,733,273
5,733,272
5,734,272
5,735,272
5,735,271
5,735,270
5,735,269
5,735,268
5,735,267
5,735,266
5,735,265
5,734,265
5,734,264
5,734,263
5,733,263
5,733,262
5,733,261
5,732,261
5,732,260
5,732,259
5,731,259
5,731,258
5,731,257
5,730,257
5,730,256
5,730,255
5,730,254
5,730,253
5,730,252
5,730,251
5,731,251
5,731,250
5,732,250
5,733,250
5,733,249
5,734,249
5,734,248
5,735,248
5,736,248
5,736,247
5,737,247
5,737,246
5,738,246
5,739,246
5,739,245
5,740,245
5,740,244
5,741,244
5,741,243
5,741,242
5,741,241
5,741,240
5,741,239
5,741,238
5,741,237
5,741,236
5,740,236
5,740,235
5,740,234
5,739,234
5,739,233
5,739,232
5,738,232
5,738,231
5,738,230
5,738,229
5,737,229
5,737,228
5,737,227
5,737,226
5,737,225
5,737,224
5,737,223
5,738,223
5,739,223
5,739,222
5,740,222
5,740,221
5,741,221
5,742,221
5,742,220
5,743,220
5,743,219
5,744,219
5,745,219
5,745,218
5,746,218
5,747,218
5,747,217
5,748,217
5,748,216
5,748,215
5,749,215
5,749,214
5,749,213
5,749,212
5,749,211
5,749,210
5,749,209
5,749,208
5,748,208
5,748,207
5,748,206
5,748,205
5,747,205
5,747,204
5,747,203
5,746,203
5,746,202
5,746,201
5,746,200
5,745,200
5,745,199
5,745,198
5,745,197
5,745,196
5,745,195
5,746,195
5,747,195
5,747,194
5,748,194
5,749,194
5,749,193
5,750,193
5,750,192
5,751,192
5,752,192
5,752,191
5,753,191
5,753,190
5,754,190
5,755,190
5,755,189
5,756,189
5,756,188
5,756,187
5,756,186
5,756,185
5,757,185
5,757,184
5,757,183
5,757,182
5,757,181
5,757,180
5,756,180
5,756,179
5,756,178
5,756,177
5,755,177
5,755,176
5,755,175
5,754,175
5,754,174
5,754,173
5,754,172
5,753,172
5,753,171
5,753,170
5,753,169
5,752,169
5,752,168
5,752,167
5,752,166
5,751,166
5,751,165
5,751,164
5,751,163
5,750,163
5,750,162
5,750,161
5,750,160
5,749,160
5,749,159
5,749,158
5,749,157
5,748,157
5,748,156
5,748,155
5,748,154
5,747,154
5,747,153
5,747,152
5,747,151
5,746,151
5,746,150
5,746,149
5,746,148
5,745,148
5,745,147
5,745,146
5,745,145
5,744,145
5,744,144
5,744,143
5,744,142
5,744,141
5,743,141
5,743,140
5,743,139
5,743,138
5,742,138
5,742,137
5,742,136
5,742,135
5,741,135
5,741,134
5,741,133
5,741,132
5,741,131
5,742,131
5,742,130
5,743,130
5,743,129
5,744,129
5,745,129
5,745,128
5,746,128
5,746,127
5,747,127
5,748,127
5,748,126
5,749,126
5,749,125
5,750,125
5,751,125
5,751,124
5,752,124
5,752,123
5,753,123
5,753,122
5,753,121
5,753,120
5,753,119
5,753,118
5,753,117
5,753,116
5,753,115
5,753,114
5,753,113
5,753,112
5,753,111
5,753,110
5,752,110
5,752,109
5,752,108
5,752,107
5,751,107
5,751,106
5,751,105
5,751,104
5,751,103
5,751,102
5,752,102
5,753,102
5,753,101
5,754,101
5,754,100
5,755,100
5,756,100
5,756,99
5,757,99
5,757,98
5,758,98
5,759,98
5,759,97
5,760,97
5,761,97
5,761,96
5,762,96
5,762,95
5,763,95
5,763,94
5,763,93
5,763,92
5,763,91
5,763,90
5,763,89
5,763,88
5,763,87
5,763,86
5,763,85
5,763,84
5,763,83
5,763,82
5,763,81
5,763,80
5,762,80
5,762,79
5,762,78
5,762,77
5,762,76
5,761,76
5,761,75
5,761,74
5,761,73
5,761,72
5,760,72
5,760,71
5,760,70
5,760,69
5,760,68
5,760,67
5,759,67
5,759,66
5,759,65
5,759,64
5,759,63
5,758,63
5,758,62
5,758,61
5,758,60
5,758,59
5,758,58
5,757,58
5,757,57
5,757,56
5,757,55
5,757,54
5,757,53
5,756,53
5,756,52
5,756,51
5,756,50
5,756,49
5,756,48
5,755,48
5,755,47
5,755,46
5,755,45
5,755,44
5,755,43
5,754,43
5,754,42
5,754,41
5,754,40
5,754,39
5,754,38
5,753,38
5,753,37
5,753,36
5,753,35
5,753,34
5,753,33
5,753,32
5,752,32
5,752,31
5,752,30
5,752,29
5,752,28
5,752,27
5,752,26
5,751,26
5,751,25
5,751,24
5,751,23
5,751,22
5,751,21
5,751,20
5,750,20
5,750,19
5,750,18
5,750,17
5,750,16
5,750,15
5,750,14
5,751,14
5,751,13
5,752,13
5,753,13
5,753,12
5,754,12
5,754,11
5,755,11
5,756,11
5,756,10
5,757,10
5,757,9
5,758,9
5,759,9
5,759,8
5,760,8
5,761,8
5,761,7
5,762,7
5,762,6
12,704,134
12,703,134
12,702,134
12,702,135
12,701,135
12,701,136
12,700,136
12,699,136
12,699,137
12,698,137
12,698,138
12,697,138
12,697,139
12,696,139
12,696,140
12,695,140
12,694,140
12,694,141
12,693,141
12,693,142
12,692,142
12,692,143
12,691,143
12,690,143
12,690,144
12,689,144
12,689,145
12,688,145
12,688,146
12,687,146
12,686,146
12,686,147
12,685,147
12,685,148
12,684,148
12,684,149
12,683,149
12,682,149
12,682,150
12,681,150
12,681,151
12,680,151
12,680,152
12,679,152
12,679,153
12,678,153
12,677,153
12,677,154
12,676,154
12,676,155
12,675,155
12,675,156
12,674,156
12,673,156
12,673,157
12,672,157
12,672,158
12,671,158
12,671,159
12,670,159
12,670,160
12,669,160
12,668,160
12,668,161
12,667,161
12,667,162
12,666,162
12,666,163
12,665,163
12,665,164
12,664,164
12,664,165
12,663,165
12,662,165
12,662,166
12,661,166
12,660,166
12,659,166
12,658,166
12,658,165
12,658,164
12,658,163
12,657,163
12,657,162
12,657,161
12,657,160
12,656,160
12,656,159
12,656,158
12,656,157
12,656,156
12,655,156
12,655,155
12,655,154
12,655,153
12,655,152
12,654,152
12,654,151
12,654,150
12,654,149
12,653,149
12,653,148
12,653,147
12,653,146
12,653,145
12,652,145
12,652,144
12,652,143
12,652,142
12,652,141
12,651,141
12,651,140
12,651,139
12,651,138
12,650,138
12,650,137
12,650,136
12,650,135
12,650,134
12,650,133
12,651,133
12,651,132
12,652,132
12,653,132
12,653,131
12,654,131
12,654,130
12,655,130
12,655,129
12,656,129
12,656,128
12,657,128
12,657,127
12,658,127
12,659,127
12,659,126
12,660,126
12,660,125
12,661,125
12,661,124
12,662,124
12,662,123
12,663,123
12,663,122
12,664,122
12,665,122
12,665,121
12,666,121
12,666,120
12,667,120
12,667,119
12,668,119
12,668,118
12,669,118
12,670,118
12,670,117
12,671,117
12,671,116
12,672,116
12,672,115
12,673,115
12,673,114
12,674,114
12,675,114
12,675,113
12,676,113
12,676,112
12,677,112
12,677,111
12,678,111
12,678,110
12,679,110
12,680,110
12,680,109
12,681,109
12,681,108
12,682,108
12,682,107
12,683,107
12,683,106
12,684,106
12,685,106
12,685,105
12,686,105
12,686,104
12,687,104
12,687,103
12,688,103
12,689,103
12,689,102
12,690,102
12,690,101
12,691,101
12,691,100
12,692,100
12,693,100
12,693,99
12,694,99
12,695,99
12,696,99
12,696,100
12,696,101
12,696,102
12,696,103
12,697,103
12,697,104
12,697,105
12,697,106
12,697,107
12,698,107
12,698,108
12,698,109
12,698,110
12,698,111
12,699,111
12,699,112
12,699,113
12,699,114
12,699,115
12,700,115
12,700,116
12,700,117
12,700,118
12,700,119
12,701,119
12,701,120
12,701,121
12,701,122
12,701,123
12,702,123
12,702,124
12,702,125
12,702,126
12,702,127
12,703,127
12,703,128
12,703,129
12,703,130
14,703,133
14,703,132
14,703,131
14,703,130
14,703,129
14,703,128
14,703,127
14,702,127
14,702,126
14,702,125
14,702,124
14,701,124
14,701,123
14,701,122
14,701,121
14,701,120
14,700,120
14,700,119
14,700,118
14,700,117
14,700,116
14,699,116
14,699,115
14,699,114
14,699,113
14,699,112
14,698,112
14,698,111
14,698,110
14,698,109
14,698,108
14,697,108
14,697,107
14,697,106
14,697,105
14,697,104
14,697,103
14,696,103
14,696,102
14,696,101
14,696,100
14,695,100
14,694,100
14,693,100
14,692,100
14,691,100
14,690,100
14,689,100
14,689,101
14,688,101
14,688,102
14,687,102
14,687,103
14,686,103
14,686,104
14,685,104
14,684,104
14,684,105
14,683,105
14,683,106
14,682,106
14,682,107
14,681,107
14,681,108
14,680,108
14,679,108
14,679,109
14,678,109
14,678,110
14,677,110
14,677,111
14,676,111
14,675,111
14,675,112
14,674,112
14,674,113
14,673,113
14,673,114
14,672,114
14,672,115
14,671,115
14,671,116
14,670,116
14,669,116
14,669,117
14,668,117
14,668,118
14,667,118
14,667,119
14,666,119
14,666,120
14,665,120
14,664,120
14,664,121
14,663,121
14,663,122
14,662,122
14,662,123
14,661,123
14,661,124
14,660,124
14,660,125
14,659,125
14,658,125
14,658,126
14,657,126
14,657,127
14,656,127
14,656,128
14,655,128
14,655,129
14,654,129
14,654,130
14,653,130
14,653,131
14,652,131
14,652,132
14,652,133
14,652,134
14,652,135
14,652,136
14,652,137
14,652,138
14,652,139
14,652,140
14,652,141
14,652,142
14,652,143
14,652,144
14,653,144
14,653,145
14,653,146
14,653,147
14,654,147
14,654,148
14,654,149
14,654,150
14,654,151
14,655,151
14,655,152
14,655,153
14,655,154
14,655,155
14,656,155
14,656,156
14,656,157
14,656,158
14,657,158
14,657,159
14,657,160
14,657,161
14,657,162
14,658,162
14,658,163
14,658,164
14,659,164
14,660,164
14,660,165
14,661,165
14,662,165
14,663,165
14,664,165
14,665,165
14,665,164
14,666,164
14,666,163
14,667,163
14,667,162
14,668,162
14,669,162
14,669,161
14,670,161
14,670,160
14,671,160
14,671,159
14,672,159
14,672,158
14,673,158
14,674,158
14,674,157
14,675,157
14,675,156
14,676,156
14,676,155
14,677,155
14,677,154
14,678,154
14,679,154
14,679,153
14,680,153
14,680,152
14,681,152
14,681,151
14,682,151
14,683,151
14,683,150
14,684,150
14,684,149
14,685,149
14,685,148
14,686,148
14,686,147
14,687,147
14,688,147
14,688,146
14,689,146
14,689,145
14,690,145
14,690,144
14,691,144
14,692,144
14,692,143
14,693,143
14,693,142
14,694,142
14,694,141
14,695,141
14,696,141
14,696,140
14,697,140
14,697,139
14,698,139
14,698,138
14,699,138
14,700,138
14,700,137
14,701,137
21,647,289
21,647,288
21,647,287
21,646,287
21,646,286
21,646,285
21,645,285
21,645,284
21,645,283
21,645,282
21,644,282
21,644,281
21,644,280
21,643,280
21,643,279
21,643,278
21,642,278
21,641,278
21,641,277
21,640,277
21,639,277
21,638,277
21,637,277
21,636,277
21,636,278
21,635,278
21,635,279
21,634,279
21,633,279
21,633,280
21,632,280
21,632,281
21,631,281
21,631,282
21,630,282
21,630,283
21,630,284
21,630,285
21,630,286
21,630,287
21,630,288
21,630,289
21,630,290
21,630,291
21,630,292
21,630,293
21,630,294
21,631,294
21,631,295
21,631,296
21,632,296
21,632,297
21,632,298
21,633,298
21,633,299
21,634,299
21,635,299
21,636,299
21,637,299
21,638,299
21,639,299
21,639,298
21,640,298
21,640,297
21,641,297
21,641,296
21,642,296
21,642,295
21,643,295
21,643,294
21,644,294
21,645,294
21,645,293
24,628,285
24,627,285
24,626,285
24,626,286
6,624,284
6,624,283
6,624,282
6,624,281
6,624,280
6,623,280
6,623,279
6,623,278
6,622,278
6,622,277
6,622,276
6,622,275
6,621,275
6,621,274
6,621,273
6,620,273
6,620,272
6,620,271
6,619,271
6,619,270
6,619,269
6,618,269
6,618,268
6,618,267
6,618,266
6,617,266
6,617,265
6,617,264
6,616,264
6,616,263
6,616,262
6,615,262
6,615,261
6,615,260
6,615,259
6,614,259
6,614,258
6,613,258
6,613,257
6,612,257
6,611,257
6,610,257
6,609,257
6,608,257
6,607,257
6,607,258
6,606,258
6,606,259
6,605,259
6,605,260
6,604,260
6,604,261
6,603,261
6,602,261
6,602,262
6,601,262
6,601,263
6,600,263
6,600,264
6,599,264
6,598,264
6,597,264
6,596,264
6,595,264
6,595,263
6,595,262
6,595,261
6,594,261
6,594,260
6,594,259
6,593,259
6,593,258
6,593,257
6,593,256
6,592,256
6,592,255
6,592,254
6,591,254
6,591,253
6,591,252
6,591,251
6,590,251
6,590,250
6,590,249
6,589,249
6,589,248
6,589,247
6,589,246
6,588,246
6,588,245
6,588,244
6,587,244
6,587,243
6,587,242
6,587,241
6,586,241
6,586,240
6,586,239
6,585,239
6,585,238
6,585,237
6,585,236
6,584,236
6,584,235
6,584,234
6,584,233
6,583,233
6,583,232
6,583,231
6,582,231
6,582,230
6,582,229
6,582,228
6,581,228
6,581,227
6,581,226
6,581,225
6,580,225
6,580,224
6,580,223
6,580,222
6,579,222
6,578,222
6,577,222
6,576,222
6,575,222
6,575,223
6,574,223
6,574,224
6,573,224
6,573,225
6,572,225
6,572,226
6,571,226
6,571,227
6,570,227
6,570,228
6,569,228
6,569,229
6,568,229
6,568,230
6,567,230
6,566,230
6,566,231
6,565,231
6,564,231
6,563,231
6,562,231
6,562,230
6,562,229
6,561,229
6,561,228
6,561,227
6,561,226
6,560,226
6,560,225
6,560,224
6,560,223
6,559,223
6,559,222
6,559,221
6,559,220
6,558,220
6,558,219
6,558,218
6,558,217
6,557,217
6,557,216
6,557,215
6,557,214
6,556,214
6,556,213
6,556,212
6,556,211
6,555,211
6,555,210
6,555,209
6,555,208
6,554,208
6,554,207
6,554,206
6,554,205
6,553,205
6,553,204
6,553,203
6,553,202
6,552,202
6,552,201
6,552,200
6,552,199
6,551,199
6,551,198
6,551,197
6,551,196
6,550,196
6,550,195
6,550,194
6,550,193
6,549,193
6,549,192
6,549,191
6,549,190
6,548,190
6,548,189
6,548,188
6,548,187
6,548,186
6,547,186
6,547,185
6,547,184
6,547,183
6,546,183
6,546,182
6,546,181
6,546,180
6,546,179
6,545,179
6,545,178
6,545,177
6,545,176
6,544,176
6,544,175
6,544,174
6,544,173
6,544,172
6,543,172
6,543,171
6,543,170
6,543,169
6,543,168
6,542,168
6,542,167
6,542,166
6,542,165
6,541,165
6,541,164
6,541,163
6,541,162
6,541,161
6,540,161
6,540,160
6,540,159
6,540,158
6,540,157
6,539,157
6,539,156
6,539,155
6,539,154
6,539,153
6,538,153
6,538,152
6,538,151
6,538,150
6,538,149
6,538,148
6,537,148
6,537,147
6,537,146
6,537,145
6,537,144
6,536,144
6,536,143
6,536,142
6,536,141
6,536,140
6,535,140
6,535,139
6,535,138
6,535,137
6,535,136
6,535,135
6,534,135
6,534,134
6,534,133
6,534,132
6,534,131
6,534,130
6,533,130
6,533,129
6,533,128
6,533,127
6,533,126
6,533,125
6,532,125
6,532,124
6,532,123
6,532,122
6,532,121
6,532,120
6,531,120
6,531,119
6,531,118
6,531,117
6,531,116
6,531,115
6,530,115
6,530,114
6,530,113
6,530,112
6,530,111
6,530,110
6,530,109
6,529,109
6,529,108
6,529,107
6,529,106
6,529,105
6,529,104
6,529,103
6,528,103
6,528,102
6,528,101
6,528,100
6,528,99
6,528,98
6,528,97
6,528,96
6,527,96
6,527,95
6,527,94
6,527,93
6,527,92
6,527,91
6,527,90
6,527,89
6,526,89
6,526,88
6,526,87
6,526,86
6,526,85
6,526,84
6,526,83
6,526,82
6,525,82
6,525,81
6,525,80
6,525,79
6,525,78
6,525,77
6,525,76
6,525,75
6,525,74
6,525,73
6,524,73
6,524,72
6,524,71
6,524,70
6,524,69
6,524,68
6,524,67
6,524,66
6,524,65
6,524,64
6,523,64
6,523,63
6,523,62
6,523,61
6,523,60
6,523,59
6,523,58
6,523,57
6,523,56
6,523,55
6,523,54
6,523,53
6,522,53
6,522,52
6,522,51
6,522,50
6,522,49
6,522,48
6,522,47
6,522,46
6,522,45
6,522,44
6,522,43
6,522,42
6,522,41
6,522,40
6,522,39
6,522,38
6,521,38
6,521,37
6,521,36
6,521,35
6,521,34
6,521,33
6,521,32
6,521,31
6,521,30
6,521,29
6,521,28
6,521,27
6,521,26
6,521,25
6,521,24
6,521,23
6,521,22
6,521,21
6,521,20
6,521,19
6,521,18
6,521,17
6,520,17
6,520,16
6,520,15
6,520,14
6,520,13
6,520,12
6,520,11
6,520,10
6,520,9
6,520,8
6,520,7
6,520,6
6,520,5
6,520,4
6,520,3
6,520,2
6,520,1
6,520,0
6,520,-1
6,520,-2
6,520,-3
6,520,-4
6,520,-5
6,520,-6
6,520,-7
6,520,-8
6,520,-9
6,520,-10
6,520,-11
6,520,-12
6,520,-13
6,520,-14
6,520,-15
6,520,-16
6,520,-17
6,520,-18
6,520,-19
6,520,-20
6,520,-21
6,520,-22
6,520,-23
6,520,-24
6,520,-25
6,520,-26
6,520,-27
6,520,-28
6,521,-28
6,521,-29
6,522,-29
6,522,-30
6,522,-31
6,523,-31
6,523,-32
6,524,-32
6,524,-33
6,525,-33
6,525,-34
6,525,-35
6,526,-35
6,526,-36
6,527,-36
6,527,-37
6,528,-37
6,528,-38
6,529,-38
6,529,-39
6,529,-40
6,530,-40
6,530,-41
6,531,-41
6,531,-42
6,532,-42
6,532,-43
6,532,-44
6,533,-44
6,533,-45
6,534,-45
6,534,-46
6,535,-46
6,535,-47
6,535,-48
6,536,-48
6,536,-49
6,536,-50
6,537,-50
6,537,-51
6,537,-52
6,538,-52
6,538,-53
6,538,-54
6,538,-55
6,538,-56
6,538,-57
6,538,-58
6,538,-59
6,538,-60
6,538,-61
6,538,-62
6,538,-63
6,538,-64
6,538,-65
6,538,-66
6,538,-67
6,538,-68
6,538,-69
6,539,-69
6,539,-70
6,539,-71
6,539,-72
6,539,-73
6,539,-74
6,539,-75
6,539,-76
6,539,-77
6,539,-78
6,539,-79
6,539,-80
6,539,-81
6,539,-82
6,539,-83
6,539,-84
6,539,-85
6,539,-86
6,540,-86
6,540,-87
6,540,-88
6,540,-89
6,540,-90
6,540,-91
6,540,-92
6,540,-93
6,540,-94
6,540,-95
6,540,-96
6,540,-97
6,540,-98
6,540,-99
6,540,-100
6,540,-101
6,540,-102
6,541,-102
6,541,-103
6,541,-104
6,541,-105
6,541,-106
6,541,-107
6,541,-108
6,541,-109
6,541,-110
6,541,-111
6,541,-112
6,541,-113
6,541,-114
6,542,-114
6,542,-115
6,542,-116
6,542,-117
6,542,-118
6,542,-119
6,542,-120
6,542,-121
6,542,-122
6,542,-123
6,542,-124
6,542,-125
6,542,-126
6,542,-127
6,543,-127
6,543,-128
6,543,-129
6,543,-130
6,543,-131
6,543,-132
6,543,-133
6,543,-134
6,543,-135
6,543,-136
6,543,-137
6,543,-138
6,544,-138
6,544,-139
6,544,-140
6,544,-141
6,544,-142
6,544,-143
6,544,-144
6,544,-145
6,544,-146
6,544,-147
6,544,-148
6,544,-149
6,544,-150
6,545,-150
6,545,-151
6,545,-152
6,545,-153
6,545,-154
6,546,-154
6,546,-155
6,546,-156
6,546,-157
6,546,-158
6,546,-159
6,547,-160
6,547,-161
6,547,-162
6,548,-162
6,548,-163
6,549,-163
6,549,-164
6,549,-165
6,550,-165
6,550,-166
6,551,-167
6,551,-168
6,552,-168
6,552,-169
6,552,-170
6,553,-170
6,553,-171
6,554,-172
6,554,-173
6,555,-173
6,555,-174
6,555,-175
6,556,-175
6,556,-176
6,557,-176
6,557,-177
6,558,-178
6,558,-179
6,559,-180
6,559,-181
6,560,-181
6,560,-182
6,560,-183
6,561,-183
6,561,-184
6,562,-185
6,562,-186
6,563,-186
6,563,-187
6,563,-188
6,564,-189
6,564,-190
6,564,-191
6,564,-192
6,564,-193
6,565,-193
6,565,-194
6,565,-195
6,565,-196
6,565,-197
6,566,-197
6,566,-198
6,566,-199
6,566,-200
6,566,-201
6,566,-202
6,566,-203
6,566,-204
6,566,-205
6,566,-206
6,566,-207
6,566,-208
6,567,-208
6,567,-209
6,567,-210
6,567,-211
6,567,-212
6,567,-213
6,567,-214
6,567,-215
6,567,-216
6,567,-217
6,567,-218
6,567,-219
6,567,-220
6,567,-221
6,566,-221
6,565,-221
6,564,-221
6,564,-220
6,563,-220
6,563,-219
6,563,-218
6,562,-218
6,562,-217
6,562,-216
6,561,-216
6,561,-215
6,560,-215
6,560,-214
6,560,-213
6,559,-213
6,559,-212
6,558,-211
6,558,-210
6,557,-209
6,557,-208
6,556,-208
6,556,-207
6,556,-206
6,555,-206
6,555,-205
6,555,-204
6,554,-204
6,554,-203
6,553,-202
6,553,-201
6,553,-200
6,552,-200
6,552,-199
6,551,-199
6,551,-198
6,551,-197
6,550,-197
6,550,-196
6,549,-195
6,549,-194
6,548,-193
6,548,-192
6,547,-192
6,547,-191
6,547,-190
6,546,-190
6,546,-189
6,546,-188
6,545,-188
6,545,-187
6,544,-186
6,544,-185
6,543,-185
6,543,-184
6,543,-183
6,542,-183
6,542,-182
6,542,-181
6,541,-181
6,541,-180
6,541,-179
6,540,-179
6,540,-178
6,539,-178
6,539,-177
6,539,-176
6,538,-176
6,538,-175
6,538,-174
6,537,-174
6,537,-173
6,536,-172
6,536,-171
6,535,-170
6,535,-169
6,535,-168
6,535,-167
6,534,-167
6,534,-166
6,534,-165
6,533,-164
6,533,-163
6,533,-162
6,532,-161
6,532,-160
6,532,-159
6,532,-158
6,532,-157
6,532,-156
6,532,-155
6,532,-154
6,532,-153
6,532,-152
6,532,-151
6,532,-150
6,531,-150
6,531,-149
6,531,-148
6,531,-147
6,531,-146
6,531,-145
6,531,-144
6,531,-143
6,531,-142
6,531,-141
6,530,-140
6,530,-139
6,530,-138
6,530,-137
6,530,-136
6,530,-135
6,530,-134
6,530,-133
6,530,-132
6,530,-131
6,530,-130
6,530,-129
6,529,-129
6,529,-128
6,529,-127
6,529,-126
6,529,-125
6,529,-124
6,529,-123
6,529,-122
6,529,-121
6,529,-120
6,529,-119
6,528,-119
6,528,-118
6,528,-117
6,528,-116
6,528,-115
6,528,-114
6,528,-113
6,528,-112
6,528,-111
6,528,-110
6,528,-109
6,528,-108
6,528,-107
6,527,-107
6,527,-106
6,527,-105
6,527,-104
6,527,-103
6,527,-102
6,527,-101
6,527,-100
6,527,-99
6,527,-98
6,527,-97
6,527,-96
6,527,-95
6,527,-94
6,526,-94
6,526,-93
6,526,-92
6,526,-91
6,526,-90
6,526,-89
6,526,-88
6,526,-87
6,526,-86
6,526,-85
6,526,-84
6,526,-83
6,526,-82
6,526,-81
6,526,-80
6,525,-80
6,525,-79
6,525,-78
6,525,-77
6,525,-76
6,525,-75
6,525,-74
6,525,-73
6,525,-72
6,525,-71
6,525,-70
6,525,-69
6,525,-68
6,525,-67
6,525,-66
6,525,-65
6,525,-64
6,524,-64
6,524,-63
6,524,-62
6,524,-61
6,524,-60
6,524,-59
6,524,-58
6,524,-57
6,524,-56
6,524,-55
6,523,-55
6,523,-54
6,523,-53
6,522,-53
6,522,-52
6,521,-52
6,521,-51
6,521,-50
6,520,-50
6,520,-49
6,519,-49
6,519,-48
6,518,-48
6,518,-47
6,517,-46
6,517,-45
6,516,-45
6,516,-44
6,516,-43
6,515,-43
6,515,-42
6,514,-42
6,514,-41
6,513,-41
6,513,-40
6,513,-39
6,512,-39
6,512,-38
6,511,-38
6,511,-37
6,510,-37
6,510,-36
6,510,-35
6,509,-35
6,509,-34
6,508,-34
6,508,-33
6,507,-33
6,507,-32
6,507,-31
6,506,-31
6,506,-30
6,506,-29
6,506,-28
6,505,-28
6,505,-27
6,505,-26
6,505,-25
6,505,-24
6,505,-23
6,505,-22
6,505,-21
6,505,-20
6,505,-19
6,505,-18
6,505,-17
6,505,-16
6,505,-15
6,505,-14
6,505,-13
6,505,-12
6,505,-11
6,505,-10
6,505,-9
6,504,-9
6,504,-8
6,504,-7
6,504,-6
6,504,-5
6,504,-4
6,504,-3
6,504,-2
6,504,-1
6,504,0
6,504,1
6,504,2
6,504,3
6,504,4
6,504,5
6,504,6
6,504,7
6,504,8
6,504,9
6,504,10
6,504,11
6,504,12
6,504,13
6,504,14
6,504,15
6,504,16
6,504,17
6,504,18
6,504,19
6,504,20
6,504,21
6,504,22
6,504,23
6,504,24
6,504,25
6,504,26
6,504,27
6,504,28
6,504,29
6,504,30
6,504,31
6,504,32
6,504,33
6,504,34
6,504,35
6,504,36
6,504,37
6,504,38
6,504,39
6,504,40
6,504,41
6,504,42
6,504,43
6,504,44
6,504,45
6,504,46
6,504,47
6,504,48
6,504,49
6,504,50
6,504,51
6,504,52
6,504,53
6,505,53
6,505,54
6,505,55
6,505,56
6,505,57
6,505,58
6,505,59
6,505,60
6,505,61
6,505,62
6,505,63
6,505,64
6,505,65
6,505,66
6,506,66
6,506,67
6,506,68
6,506,69
6,506,70
6,506,71
6,506,72
6,506,73
6,506,74
6,506,75
6,506,76
6,507,76
6,507,77
6,507,78
6,507,79
6,507,80
6,507,81
6,507,82
6,507,83
6,507,84
6,507,85
6,508,85
6,508,86
6,508,87
6,508,88
6,508,89
6,508,90
6,508,91
6,508,92
6,508,93
6,509,93
6,509,94
6,509,95
6,509,96
6,509,97
6,509,98
6,509,99
6,509,100
6,509,101
6,510,101
6,510,102
6,510,103
6,510,104
6,510,105
6,510,106
6,510,107
6,511,107
6,511,108
6,511,109
6,511,110
6,511,111
6,511,112
6,511,113
6,511,114
6,512,114
6,512,115
6,512,116
6,512,117
6,512,118
6,512,119
6,513,119
6,513,120
6,513,121
6,513,122
6,513,123
6,513,124
6,513,125
6,514,125
6,514,126
6,514,127
6,514,128
6,514,129
6,514,130
6,515,130
6,515,131
6,515,132
6,515,133
6,515,134
6,515,135
6,516,135
6,516,136
6,516,137
6,516,138
6,516,139
6,516,140
6,517,140
6,517,141
6,517,142
6,517,143
6,517,144
6,517,145
6,518,145
6,518,146
6,518,147
6,518,148
6,518,149
6,519,149
6,519,150
6,519,151
6,519,152
6,519,153
6,519,154
6,520,154
6,520,155
6,520,156
6,520,157
6,520,158
6,521,158
6,521,159
6,521,160
6,521,161
6,521,162
6,522,162
6,522,163
6,522,164
6,522,165
6,522,166
6,523,166
6,523,167
6,523,168
6,523,169
6,523,170
6,524,170
6,524,171
6,524,172
6,524,173
6,525,173
6,525,174
6,525,175
6,525,176
6,525,177
6,526,177
6,526,178
6,526,179
6,526,180
6,526,181
6,527,181
6,527,182
6,527,183
6,527,184
6,528,184
6,528,185
6,528,186
6,528,187
6,528,188
6,529,188
6,529,189
6,529,190
6,529,191
6,530,191
6,530,192
6,530,193
6,530,194
6,531,194
6,531,195
6,531,196
6,531,197
6,531,198
6,532,198
6,532,199
6,532,200
6,532,201
6,533,201
6,533,202
6,533,203
6,533,204
6,534,204
6,534,205
6,534,206
6,534,207
6,535,207
6,535,208
6,535,209
6,535,210
6,536,210
6,536,211
6,536,212
6,536,213
6,537,213
6,537,214
6,537,215
6,537,216
6,538,216
6,538,217
6,538,218
6,538,219
6,539,219
6,539,220
6,539,221
6,539,222
6,540,222
6,540,223
6,540,224
6,540,225
6,541,225
6,541,226
6,541,227
6,541,228
6,542,228
6,542,229
6,542,230
6,543,230
6,543,231
6,543,232
6,543,233
6,544,233
6,544,234
6,544,235
6,544,236
6,545,236
6,545,237
6,545,238
6,546,238
6,546,239
6,546,240
6,546,241
6,547,241
6,547,242
6,547,243
6,547,244
6,548,244
6,548,245
6,548,246
6,549,246
6,549,247
6,549,248
6,549,249
6,550,249
6,550,250
6,550,251
6,551,251
6,551,252
6,551,253
6,551,254
6,552,254
6,552,255
6,552,256
6,553,256
6,553,257
6,553,258
6,553,259
6,554,259
6,554,260
6,555,260
6,555,261
6,556,261
6,557,261
6,558,261
6,559,261
6,559,260
6,560,260
6,560,259
6,561,259
6,561,258
6,562,258
6,562,257
6,563,257
6,563,256
6,564,256
6,564,255
6,565,255
6,565,254
6,566,254
6,566,253
6,567,253
6,567,252
6,568,252
6,569,252
6,570,252
6,571,252
6,571,253
6,572,253
6,572,254
6,572,255
6,573,255
6,573,256
6,573,257
6,573,258
6,574,258
6,574,259
6,574,260
6,575,260
6,575,261
6,575,262
6,576,262
6,576,263
6,576,264
6,576,265
6,577,265
6,577,266
6,577,267
6,578,267
6,578,268
6,578,269
6,578,270
6,579,270
6,579,271
6,579,272
6,580,272
6,580,273
6,580,274
6,581,274
6,581,275
6,581,276
6,581,277
6,582,277
6,582,278
6,582,279
6,583,279
6,583,280
6,583,281
6,584,281
6,584,282
6,584,283
6,585,283
6,585,284
6,585,285
6,585,286
6,586,286
6,586,287
6,586,288
6,587,288
6,587,289
6,587,290
6,588,290
6,588,291
6,588,292
6,589,292
6,590,292
6,591,292
6,592,292
6,593,292
6,594,292
6,595,292
6,596,292
6,596,291
6,597,291
6,597,290
6,598,290
6,598,289
6,599,289
6,599,288
6,600,288
6,600,287
6,601,287
6,601,286
6,602,286
6,602,285
6,603,285
6,604,285
6,605,285
6,606,285
6,606,286
6,606,287
6,607,287
6,607,288
6,607,289
6,607,290
6,608,290
6,608,291
6,608,292
6,609,292
6,609,293
6,609,294
6,610,294
6,610,295
6,611,295
6,612,295
6,613,295
6,614,295
6,615,295
6,616,295
6,617,295
6,617,294
6,618,294
6,618,293
6,619,293
6,619,292
6,620,292
6,620,291
6,621,291
6,622,291
6,622,290
6,622,289
6,622,288
6,622,287
33,613,298
4,610,298
4,610,297
4,610,296
4,610,295
4,609,295
4,609,294
4,609,293
4,608,293
4,608,292
4,608,291
4,607,291
4,607,290
4,607,289
4,606,289
4,606,288
4,606,287
4,605,287
4,605,286
4,604,286
4,603,286
4,602,286
4,601,286
4,601,287
4,600,287
4,600,288
4,599,288
4,598,288
4,598,289
4,597,289
4,597,290
4,596,290
4,596,291
4,595,291
4,595,292
4,594,292
4,593,292
4,593,293
4,592,293
4,592,294
4,591,294
4,590,294
4,589,294
4,588,294
4,588,293
4,588,292
4,587,292
4,587,291
4,587,290
4,586,290
4,586,289
4,586,288
4,586,287
4,585,287
4,585,286
4,585,285
4,584,285
4,584,284
4,584,283
4,583,283
4,583,282
4,583,281
4,582,281
4,582,280
4,582,279
4,582,278
4,581,278
4,581,277
4,581,276
4,580,276
4,580,275
4,580,274
4,579,274
4,579,273
4,579,272
4,579,271
4,578,271
4,578,270
4,578,269
4,577,269
4,577,268
4,577,267
4,576,267
4,576,266
4,576,265
4,576,264
4,575,264
4,575,263
4,575,262
4,574,262
4,574,261
4,574,260
4,573,260
4,573,259
4,573,258
4,573,257
4,572,257
4,572,256
4,572,255
4,571,255
4,571,254
4,571,253
4,570,253
4,569,253
4,568,253
4,567,253
4,566,253
4,565,253
4,565,254
4,564,254
4,564,255
4,563,255
4,563,256
4,562,256
4,562,257
4,561,257
4,561,258
4,560,258
4,560,259
4,559,259
4,559,260
4,558,260
4,558,261
4,557,261
4,556,261
4,555,261
4,554,261
4,553,261
4,553,260
4,553,259
4,552,259
4,552,258
4,552,257
4,552,256
4,551,256
4,551,255
4,551,254
4,550,254
4,550,253
4,550,252
4,550,251
4,549,251
4,549,250
4,549,249
4,548,249
4,548,248
4,548,247
4,548,246
4,547,246
4,547,245
4,547,244
4,546,244
4,546,243
4,546,242
4,546,241
4,545,241
4,545,240
4,545,239
4,545,238
4,544,238
4,544,237
4,544,236
4,543,236
4,543,235
4,543,234
4,543,233
4,542,233
4,542,232
4,542,231
4,542,230
4,541,230
4,541,229
4,541,228
4,540,228
4,540,227
4,540,226
4,540,225
4,539,225
4,539,224
4,539,223
4,539,222
4,538,222
4,538,221
4,538,220
4,538,219
4,537,219
4,537,218
4,537,217
4,537,216
4,536,216
4,536,215
4,536,214
4,536,213
4,535,213
4,535,212
4,535,211
4,535,210
4,534,210
4,534,209
4,534,208
4,534,207
4,533,207
4,533,206
4,533,205
4,533,204
4,532,204
4,532,203
4,532,202
4,532,201
4,531,201
4,531,200
4,531,199
4,531,198
4,530,198
4,530,197
4,530,196
4,530,195
4,529,195
4,529,194
4,529,193
4,529,192
4,529,191
4,528,191
4,528,190
4,528,189
4,528,188
4,527,188
4,527,187
4,527,186
4,527,185
4,526,185
4,526,184
4,526,183
4,526,182
4,526,181
4,525,181
4,525,180
4,525,179
4,525,178
4,524,178
4,524,177
4,524,176
4,524,175
4,524,174
4,523,174
4,523,173
4,523,172
4,523,171
4,523,170
4,522,170
4,522,169
4,522,168
4,522,167
4,522,166
4,521,166
4,521,165
4,521,164
4,521,163
4,521,162
4,520,162
4,520,161
4,520,160
4,520,159
4,520,158
4,519,158
4,519,157
4,519,156
4,519,155
4,519,154
4,518,154
4,518,153
4,518,152
4,518,151
4,518,150
4,517,150
4,517,149
4,517,148
4,517,147
4,517,146
4,516,146
4,516,145
4,516,144
4,516,143
4,516,142
4,516,141
4,515,141
4,515,140
4,515,139
4,515,138
4,515,137
4,515,136
4,514,136
4,514,135
4,514,134
4,514,133
4,514,132
4,513,132
4,513,131
4,513,130
4,513,129
4,513,128
4,513,127
4,512,127
4,512,126
4,512,125
4,512,124
4,512,123
4,512,122
4,512,121
4,511,121
4,511,120
4,511,119
4,511,118
4,511,117
4,511,116
4,510,116
4,510,115
4,510,114
4,510,113
4,510,112
4,510,111
4,510,110
4,509,110
4,509,109
4,509,108
4,509,107
4,509,106
4,509,105
4,509,104
4,509,103
4,508,103
4,508,102
4,508,101
4,508,100
4,508,99
4,508,98
4,508,97
4,508,96
4,507,96
4,507,95
4,507,94
4,507,93
4,507,92
4,507,91
4,507,90
4,507,89
4,506,89
4,506,88
4,506,87
4,506,86
4,506,85
4,506,84
4,506,83
4,506,82
4,506,81
4,505,81
4,505,80
4,505,79
4,505,78
4,505,77
4,505,76
4,505,75
4,505,74
4,505,73
4,505,72
4,505,71
4,504,71
4,504,70
4,504,69
4,504,68
4,504,67
4,504,66
4,504,65
4,504,64
4,504,63
4,504,62
4,504,61
4,504,60
4,503,60
4,503,59
4,503,58
4,503,57
4,503,56
4,503,55
4,503,54
4,503,53
4,503,52
4,503,51
4,503,50
4,503,49
4,503,48
4,503,47
4,503,46
4,502,46
4,502,45
4,502,44
4,502,43
4,502,42
4,502,41
4,502,40
4,502,39
4,502,38
4,502,37
4,502,36
4,502,35
4,502,34
4,502,33
4,502,32
4,502,31
4,502,30
4,502,29
4,502,28
4,502,27
4,502,26
4,502,25
4,502,24
4,502,23
4,502,22
4,502,21
4,502,20
4,502,19
4,501,19
4,501,18
4,501,17
4,501,16
4,501,15
4,501,14
4,501,13
4,501,12
4,501,11
4,501,10
4,501,9
4,501,8
4,501,7
4,501,6
4,501,5
4,501,4
4,501,3
4,501,2
4,501,1
4,501,0
4,501,-1
4,501,-2
4,501,-3
4,501,-4
4,501,-5
4,501,-6
4,501,-7
4,501,-8
4,501,-9
4,501,-10
4,501,-11
4,501,-12
4,501,-13
4,501,-14
4,501,-15
4,501,-16
4,501,-17
4,501,-18
4,501,-19
4,501,-20
4,501,-21
4,501,-22
4,501,-23
4,502,-23
4,502,-24
4,502,-25
4,503,-25
4,503,-26
4,504,-26
4,504,-27
4,505,-28
4,505,-29
4,506,-29
4,506,-30
4,507,-30
4,507,-31
4,508,-31
4,508,-32
4,508,-33
4,509,-33
4,509,-34
4,510,-34
4,510,-35
4,510,-36
4,511,-36
4,511,-37
4,512,-37
4,512,-38
4,513,-38
4,513,-39
4,513,-40
4,514,-40
4,514,-41
4,515,-41
4,515,-42
4,516,-42
4,516,-43
4,516,-44
4,517,-44
4,517,-45
4,518,-45
4,518,-46
4,518,-47
4,519,-47
4,519,-48
4,519,-49
4,520,-49
4,520,-50
4,520,-51
4,520,-52
4,520,-53
4,520,-54
4,520,-55
4,520,-56
4,520,-57
4,520,-58
4,520,-59
4,520,-60
4,520,-61
4,521,-61
4,521,-62
4,521,-63
4,521,-64
4,521,-65
4,521,-66
4,521,-67
4,521,-68
4,521,-69
4,521,-70
4,521,-71
4,521,-72
4,521,-73
4,521,-74
4,521,-75
4,521,-76
4,522,-76
4,522,-77
4,522,-78
4,522,-79
4,522,-80
4,522,-81
4,522,-82
4,522,-83
4,522,-84
4,522,-85
4,522,-86
4,522,-87
4,522,-88
4,522,-89
4,522,-90
4,523,-90
4,523,-91
4,523,-92
4,523,-93
4,523,-94
4,523,-95
4,523,-96
4,523,-97
4,523,-98
4,523,-99
4,523,-100
4,523,-101
4,524,-101
4,524,-102
4,524,-103
4,524,-104
4,524,-105
4,524,-106
4,524,-107
4,524,-108
4,524,-109
4,524,-110
4,524,-111
4,524,-112
4,524,-113
4,525,-113
4,525,-114
4,525,-115
4,525,-116
4,525,-117
4,525,-118
4,525,-119
4,525,-120
4,525,-121
4,525,-122
4,525,-123
4,525,-124
4,526,-124
4,526,-125
4,526,-126
4,526,-127
4,526,-128
4,526,-129
4,526,-130
4,526,-131
4,526,-132
4,526,-133
4,526,-134
4,527,-134
4,527,-135
4,527,-136
4,527,-137
4,527,-138
4,527,-139
4,527,-140
4,527,-141
4,527,-142
4,527,-143
4,527,-144
4,528,-144
4,528,-145
4,528,-146
4,528,-147
4,528,-148
4,528,-149
4,528,-150
4,528,-151
4,528,-152
4,528,-153
4,527,-153
4,526,-153
4,525,-153
4,525,-152
4,524,-151
4,524,-150
4,523,-150
4,523,-149
4,523,-148
4,522,-148
4,522,-147
4,521,-146
4,521,-145
4,520,-145
4,520,-144
4,520,-143
4,519,-143
4,519,-142
4,518,-141
4,518,-140
4,517,-139
4,517,-138
4,516,-138
4,516,-137
4,516,-136
4,515,-136
4,515,-135
4,515,-134
4,514,-134
4,514,-133
4,513,-133
4,513,-132
4,512,-132
4,511,-132
4,510,-132
4,510,-133
4,510,-134
4,510,-135
4,510,-136
4,510,-137
4,510,-138
4,511,-139
4,511,-140
4,511,-141
4,511,-142
4,511,-143
4,511,-144
4,511,-145
4,511,-146
4,511,-147
4,512,-148
4,512,-149
4,512,-150
4,511,-150
4,510,-150
4,509,-150
4,509,-149
4,508,-149
4,508,-148
4,508,-147
4,507,-147
4,507,-146
4,506,-145
4,506,-144
4,505,-143
4,505,-142
4,504,-142
4,504,-141
4,504,-140
4,503,-140
4,503,-139
4,503,-138
4,502,-138
4,502,-137
4,501,-136
4,501,-135
4,500,-134
4,500,-133
4,499,-133
4,499,-132
4,499,-131
4,498,-131
4,498,-130
4,497,-129
4,497,-128
4,496,-127
4,496,-126
4,495,-125
4,495,-124
4,494,-124
4,494,-123
4,493,-122
4,493,-121
4,492,-120
4,492,-119
4,491,-118
4,491,-117
4,490,-117
4,490,-116
4,489,-115
4,489,-114
4,489,-113
4,488,-113
4,488,-112
4,487,-111
4,487,-110
4,486,-110
4,486,-109
4,485,-108
4,485,-107
4,484,-106
4,484,-105
4,483,-104
4,483,-103
4,482,-103
4,482,-102
4,481,-101
4,481,-100
4,480,-99
4,480,-98
4,479,-97
4,479,-96
4,478,-96
4,478,-95
4,478,-94
4,477,-94
4,477,-93
4,476,-92
4,476,-91
4,475,-91
4,475,-90
4,474,-89
4,473,-89
4,472,-89
4,471,-89
4,471,-90
4,471,-91
4,471,-92
4,471,-93
4,471,-94
4,471,-95
4,471,-96
4,472,-97
4,472,-98
4,472,-99
4,472,-100
4,472,-101
4,472,-102
4,472,-103
4,471,-103
4,470,-103
4,470,-102
4,469,-101
4,469,-100
4,468,-100
4,468,-99
4,467,-98
4,467,-97
4,466,-96
4,466,-95
4,465,-94
4,465,-93
4,464,-92
4,464,-91
4,463,-91
4,463,-90
4,462,-89
4,462,-88
4,461,-87
4,461,-86
4,460,-85
4,460,-84
4,459,-84
4,459,-83
4,458,-82
4,458,-81
4,457,-81
4,457,-80
4,456,-79
4,456,-78
4,455,-77
4,455,-76
4,454,-76
4,453,-76
4,452,-76
4,452,-77
4,452,-78
4,452,-79
4,452,-80
4,453,-82
4,453,-83
4,453,-84
4,454,-86
4,454,-87
4,454,-88
4,454,-89
4,455,-91
4,455,-92
4,455,-93
4,454,-92
4,453,-91
4,452,-90
4,451,-89
4,450,-88
4,450,-87
4,449,-86
4,448,-85
4,448,-84
4,447,-83
4,447,-82
4,446,-81
4,446,-80
4,445,-79
4,445,-78
4,444,-77
4,444,-76
4,443,-75
4,443,-74
4,442,-74
4,442,-73
4,441,-72
4,441,-71
4,440,-70
4,440,-69
4,439,-68
4,439,-67
4,438,-66
4,437,-65
4,437,-64
4,436,-63
4,436,-62
4,435,-61
4,435,-60
4,434,-59
4,433,-58
4,433,-57
4,432,-56
4,432,-55
4,431,-54
4,431,-53
4,430,-52
4,429,-51
4,429,-50
4,428,-49
4,428,-48
4,427,-47
4,426,-46
4,426,-45
4,425,-44
4,425,-43
4,424,-42
4,424,-41
4,423,-40
4,422,-39
4,422,-38
4,421,-37
4,421,-36
4,420,-35
4,420,-34
4,419,-34
4,419,-33
4,418,-32
4,418,-31
4,417,-30
4,417,-29
4,416,-28
4,415,-27
4,415,-26
4,414,-25
4,413,-24
4,413,-23
4,412,-22
4,412,-21
4,411,-20
4,411,-19
4,410,-19
4,410,-18
4,409,-17
4,408,-17
4,407,-17
4,406,-17
4,406,-18
4,406,-19
4,406,-20
4,406,-21
4,406,-22
4,406,-23
4,406,-24
4,406,-25
4,405,-25
4,404,-24
4,403,-22
4,402,-21
4,402,-20
4,401,-19
4,400,-17
4,399,-15
4,398,-14
4,398,-13
4,397,-12
4,396,-11
4,396,-10
4,395,-9
4,394,-7
4,393,-6
4,393,-5
4,392,-4
4,391,-3
4,391,-2
4,390,-1
4,390,0
4,389,1
4,388,2
4,388,3
4,387,4
4,387,5
4,386,6
4,385,7
4,385,8
4,384,9
4,383,10
4,383,11
4,382,12
4,382,13
4,381,14
4,380,15
4,380,16
4,379,17
4,378,18
4,378,19
4,377,20
4,376,21
4,376,22
4,375,23
4,374,24
4,374,25
4,373,26
4,373,27
4,372,28
4,371,29
4,370,31
4,369,32
4,369,33
4,368,34
4,367,35
4,367,36
4,366,37
4,365,38
4,365,39
4,364,40
4,363,41
4,363,42
4,362,43
4,361,44
4,361,45
4,360,46
4,359,47
4,359,48
4,358,49
4,357,50
4,357,51
4,356,52
4,355,52
4,354,52
4,353,52
4,352,52
4,352,51
4,352,50
4,352,49
4,352,48
4,351,48
4,350,49
4,349,50
4,349,51
4,348,52
4,347,53
4,347,54
4,346,55
4,345,56
4,345,57
4,344,58
4,343,59
4,343,60
4,342,61
4,341,62
4,340,64
4,339,65
4,339,66
4,338,67
4,337,68
4,336,70
4,335,71
4,334,72
4,334,73
4,333,74
4,332,75
4,332,76
4,331,77
4,330,78
4,329,79
4,329,80
4,328,81
4,327,82
4,327,83
4,326,84
4,325,85
4,324,86
4,324,87
4,323,88
4,322,89
4,322,90
4,321,90
4,321,91
4,320,92
4,319,93
4,319,94
4,318,95
4,317,96
4,316,97
4,316,98
4,315,99
4,314,100
4,313,101
4,313,102
4,312,103
4,311,104
4,311,105
4,310,106
4,309,107
4,308,108
4,308,109
4,307,110
4,306,111
4,305,112
4,305,113
4,304,114
4,303,115
4,302,116
4,301,117
4,301,118
4,300,119
4,299,120
4,299,121
4,298,121
4,298,122
4,297,123
4,296,124
4,295,125
4,295,126
4,294,127
4,293,128
4,292,129
4,292,130
4,291,130
4,291,131
4,290,132
4,289,133
4,288,134
4,288,135
4,287,136
4,286,137
4,285,138
4,285,139
4,284,139
4,284,140
4,283,141
4,282,142
4,281,143
4,281,144
4,280,145
4,279,146
4,278,147
4,277,148
4,277,149
4,276,150
4,275,151
4,274,152
4,273,153
4,273,154
4,272,154
4,272,155
4,271,156
4,270,157
4,269,158
4,269,159
4,268,159
4,268,160
4,267,161
4,266,162
4,265,163
4,264,164
4,264,165
4,263,166
4,262,167
4,261,168
4,260,169
4,259,170
4,259,171
4,258,172
4,257,173
4,256,174
4,255,175
4,255,176
4,254,176
4,254,177
4,253,178
4,252,179
4,251,180
4,250,181
4,249,182
4,249,183
4,248,184
4,247,185
4,246,186
4,245,187
4,244,188
4,244,189
4,243,189
4,243,190
4,242,191
4,241,192
4,240,193
4,239,194
4,238,195
4,238,196
4,237,196
4,237,197
4,236,198
4,235,199
4,234,200
4,234,201
4,233,202
4,232,203
4,232,204
4,232,205
4,232,206
4,232,207
4,232,208
4,232,209
4,232,210
4,232,211
4,232,212
4,231,213
4,231,214
4,230,214
4,229,215
4,229,216
4,228,217
4,227,218
4,226,219
4,225,220
4,224,221
4,224,222
4,223,222
4,223,223
4,222,223
4,222,224
4,221,225
4,220,226
4,219,227
4,218,228
4,217,229
4,216,230
4,216,231
4,215,231
4,215,232
4,214,232
4,214,233
4,213,234
4,212,235
4,211,236
4,210,237
4,209,238
4,208,239
4,208,240
4,207,240
4,207,241
4,206,241
4,206,242
4,205,243
4,204,244
4,204,245
4,204,246
4,204,247
4,204,248
4,204,249
4,204,250
4,204,251
4,204,252
4,204,253
4,205,253
4,205,254
4,206,254
4,206,255
4,207,255
4,207,256
4,208,256
4,208,257
4,209,257
4,209,258
4,210,258
4,210,259
4,211,259
4,211,260
4,212,260
4,212,261
4,213,261
4,213,262
4,214,262
4,214,263
4,215,263
4,216,263
4,217,263
4,218,263
4,218,262
4,219,262
4,219,261
4,220,261
4,220,260
4,221,259
4,222,258
4,223,257
4,224,256
4,224,255
4,225,255
4,225,254
4,226,254
4,226,253
4,227,253
4,227,252
4,228,251
4,229,250
4,230,249
4,231,248
4,231,247
4,232,247
4,232,246
4,233,246
4,233,245
4,234,245
4,234,244
4,235,243
4,236,242
4,237,241
4,238,240
4,239,239
4,240,239
4,241,238
4,242,238
4,243,238
4,244,238
4,245,238
4,246,238
4,247,238
4,247,239
4,248,239
4,249,239
4,250,239
4,250,238
4,251,238
4,251,237
4,252,236
4,253,235
4,254,234
4,255,233
4,255,232
4,256,232
4,256,231
4,257,231
4,257,230
4,258,229
4,259,228
4,260,227
4,261,226
4,261,225
4,262,225
4,262,224
4,263,224
4,263,223
4,264,222
4,265,221
4,266,220
4,266,219
4,267,219
4,267,218
4,268,218
4,268,217
4,269,216
4,270,215
4,271,215
4,271,214
4,272,214
4,273,214
4,274,214
4,275,214
4,276,214
4,276,215
4,277,215
4,277,216
4,277,217
4,278,217
4,279,217
4,280,217
4,280,216
4,281,216
4,281,215
4,282,214
4,282,213
4,283,213
4,283,212
4,284,212
4,284,211
4,285,211
4,285,210
4,286,209
4,287,208
4,288,207
4,288,206
4,289,206
4,289,205
4,290,205
4,290,204
4,291,203
4,292,202
4,292,201
4,293,201
4,293,200
4,294,200
4,294,199
4,295,199
4,295,198
4,296,197
4,296,196
4,297,196
4,297,195
4,298,195
4,298,194
4,299,194
4,299,193
4,300,192
4,301,191
4,301,190
4,302,190
4,302,189
4,303,189
4,303,188
4,304,188
4,304,187
4,305,186
4,305,185
4,306,185
4,306,184
4,307,184
4,307,183
4,308,183
4,308,182
4,309,181
4,310,180
4,310,179
4,311,179
4,311,178
4,312,178
4,312,177
4,313,176
4,314,175
4,315,174
4,315,173
4,316,173
4,316,172
4,317,171
4,318,170
4,319,169
4,319,168
4,320,168
4,320,167
4,321,166
4,322,165
4,323,164
4,324,163
4,325,163
4,326,163
4,327,163
4,328,163
4,329,163
4,329,164
4,329,165
4,329,166
4,329,167
4,330,167
4,331,167
4,332,167
4,332,166
4,333,166
4,333,165
4,334,165
4,334,164
4,335,163
4,336,162
4,336,161
4,337,161
4,337,160
4,338,160
4,338,159
4,339,158
4,340,157
4,340,156
4,341,156
4,341,155
4,342,155
4,342,154
4,343,153
4,343,152
4,344,152
4,344,151
4,345,151
4,345,150
4,346,150
4,346,149
4,347,149
4,347,148
4,348,148
4,348,147
4,349,146
4,349,145
4,350,145
4,351,145
4,352,145
4,353,145
4,354,145
4,354,146
4,354,147
4,354,148
4,355,148
4,355,149
4,356,149
4,357,149
4,358,149
4,359,149
4,359,148
4,360,148
4,360,147
4,361,146
4,362,145
4,362,144
4,363,144
4,363,143
4,364,143
4,364,142
4,365,141
4,365,140
4,366,140
4,366,139
4,367,139
4,367,138
4,368,138
4,368,137
4,368,136
4,369,136
4,370,135
4,370,134
4,371,134
4,371,133
4,372,132
4,372,131
4,373,131
4,373,130
4,374,129
4,375,129
4,376,129
4,377,129
4,378,129
4,378,130
4,379,130
4,379,131
4,379,132
4,379,133
4,379,134
4,379,135
4,379,136
4,379,137
4,379,138
4,379,139
4,378,139
4,378,140
4,378,141
4,377,141
4,377,142
4,376,142
4,376,143
4,375,143
4,375,144
4,375,145
4,374,145
4,374,146
4,373,146
4,373,147
4,372,147
4,372,148
4,371,148
4,371,149
4,371,150
4,370,150
4,370,151
4,369,151
4,369,152
4,368,152
4,368,153
4,367,153
4,367,154
4,367,155
4,366,155
4,366,156
4,365,156
4,365,157
4,364,157
4,364,158
4,364,159
4,363,159
4,362,160
4,361,161
4,360,162
4,359,162
4,358,162
4,357,162
4,356,162
4,355,162
4,354,162
4,354,161
4,354,160
4,354,159
4,353,159
4,352,159
4,351,159
4,350,159
4,350,160
4,349,161
4,348,162
4,348,163
4,347,163
4,347,164
4,346,164
4,346,165
4,345,166
4,345,167
4,344,167
4,344,168
4,343,168
4,343,169
4,342,169
4,342,170
4,341,171
4,340,172
4,340,173
4,339,173
4,339,174
4,338,174
4,338,175
4,337,176
4,337,177
4,336,177
4,336,178
4,335,178
4,335,179
4,334,179
4,334,180
4,333,181
4,333,182
4,332,182
4,332,183
4,331,183
4,331,184
4,330,184
4,330,185
4,329,186
4,328,187
4,328,188
4,327,188
4,327,189
4,326,190
4,325,191
4,324,192
4,324,193
4,323,193
4,323,194
4,322,194
4,322,195
4,321,195
4,321,196
4,320,197
4,320,198
4,319,198
4,319,199
4,318,199
4,318,200
4,317,201
4,316,202
4,316,203
4,315,203
4,315,204
4,314,204
4,314,205
4,313,205
4,313,206
4,312,207
4,312,208
4,311,208
4,311,209
4,310,209
4,310,210
4,309,210
4,309,211
4,308,211
4,308,212
4,307,213
4,307,214
4,306,214
4,306,215
4,305,215
4,305,216
4,304,216
4,304,217
4,303,218
4,303,219
4,302,219
4,302,220
4,301,220
4,301,221
4,300,221
4,300,222
4,299,223
4,299,224
4,298,224
4,298,225
4,297,225
4,297,226
4,296,226
4,296,227
4,295,227
4,295,228
4,294,229
4,293,230
4,293,231
4,292,231
4,292,232
4,291,232
4,291,233
4,290,233
4,290,234
4,289,235
4,288,236
4,288,237
4,287,237
4,287,238
4,286,238
4,286,239
4,285,239
4,285,240
4,284,241
4,284,242
4,283,242
4,283,243
4,282,243
4,282,244
4,281,244
4,281,245
4,280,245
4,280,246
4,279,247
4,279,248
4,278,248
4,278,249
4,277,249
4,277,250
4,276,250
4,276,251
4,275,251
4,275,252
4,274,253
4,274,254
4,273,254
4,273,255
4,272,255
4,272,256
4,271,256
4,271,257
4,270,257
4,270,258
4,269,259
4,269,260
4,268,260
4,268,261
4,267,261
4,267,262
4,266,262
4,266,263
4,265,263
4,265,264
4,264,264
4,264,265
4,264,266
4,263,266
4,263,267
4,262,267
4,262,268
4,261,268
4,261,269
4,260,269
4,260,270
4,259,271
4,258,272
4,258,273
4,257,273
4,257,274
4,256,274
4,256,275
4,255,275
4,255,276
4,254,276
4,254,277
4,253,278
4,252,279
4,252,280
4,251,280
4,251,281
4,250,281
4,250,282
4,249,282
4,249,283
4,248,283
4,248,284
4,247,285
4,246,286
4,246,287
4,245,287
4,245,288
4,244,288
4,244,289
4,243,289
4,243,290
4,242,291
4,242,292
4,241,292
4,241,293
4,240,293
4,240,294
4,239,294
4,239,295
4,238,295
4,238,296
4,237,296
4,237,297
4,236,298
4,235,299
4,235,300
4,234,300
4,234,301
4,233,301
4,233,302
4,232,302
4,232,303
4,231,303
4,231,304
4,230,304
4,230,305
4,229,306
4,228,307
4,228,308
4,227,308
4,227,309
4,226,309
4,226,310
4,225,310
4,225,311
4,224,312
4,224,313
4,223,313
4,223,314
4,222,314
4,222,315
4,221,315
4,221,316
4,220,316
4,220,317
4,219,318
4,218,318
4,218,319
4,217,320
4,216,321
4,216,322
4,215,322
4,215,323
4,214,323
4,214,324
4,213,324
4,213,325
4,212,325
4,212,326
4,211,327
4,211,328
4,210,328
4,210,329
4,209,329
4,209,330
4,208,330
4,208,331
4,207,331
4,207,332
4,206,333
4,206,334
4,205,334
4,205,335
4,204,335
4,204,336
4,203,336
4,203,337
4,202,337
4,202,338
4,201,338
4,201,339
4,200,339
4,200,340
4,200,341
4,199,341
4,199,342
4,199,343
4,199,344
4,199,345
4,199,346
4,199,347
4,200,347
4,200,348
4,201,348
4,201,349
4,202,349
4,203,349
4,203,350
4,204,350
4,204,351
4,205,351
4,206,351
4,206,352
4,207,352
4,207,353
4,208,353
4,208,354
4,209,354
4,210,354
4,210,355
4,211,355
4,211,356
4,212,356
4,213,356
4,213,357
4,214,357
4,214,358
4,215,358
4,215,359
4,216,359
4,216,360
4,217,360
4,218,360
4,218,361
4,219,361
4,219,362
4,220,362
4,221,362
4,221,363
4,222,363
4,222,364
4,223,364
4,223,365
4,224,365
4,224,366
4,225,366
4,226,366
4,226,367
4,227,367
4,227,368
4,228,368
4,228,369
4,229,369
4,230,369
4,230,370
4,231,370
4,231,371
4,232,371
4,232,372
4,233,372
4,233,373
4,234,373
4,235,373
4,235,374
4,236,374
4,236,375
4,237,375
4,237,376
4,238,376
4,238,377
4,239,377
4,239,378
4,240,378
4,241,378
4,241,379
4,242,379
4,242,380
4,243,380
4,243,381
4,244,381
4,244,382
4,245,382
4,245,383
4,246,383
4,247,383
4,247,384
4,248,384
4,248,385
4,249,385
4,249,386
4,250,386
4,250,387
4,251,387
4,251,388
4,252,388
4,252,389
4,253,389
4,254,389
4,254,390
4,255,390
4,255,391
4,256,391
4,256,392
4,257,392
4,257,393
4,258,393
4,258,394
4,259,394
4,259,395
4,260,395
4,260,396
4,261,396
4,262,396
4,262,397
4,263,397
4,263,398
4,264,398
4,264,399
4,265,399
4,265,400
4,266,400
4,266,401
4,267,401
4,267,402
4,268,402
4,268,403
4,269,403
4,269,404
4,270,404
4,270,405
4,271,405
4,271,406
4,272,406
4,272,407
4,273,407
4,274,407
4,274,408
4,275,408
4,275,409
4,276,409
4,276,410
4,277,410
4,277,411
4,278,411
4,278,412
4,279,412
4,279,413
4,280,413
4,280,414
4,281,414
4,281,415
4,282,415
4,282,416
4,283,416
4,283,417
4,284,417
4,284,418
4,285,418
4,285,419
4,286,419
4,286,420
4,287,420
4,287,421
4,288,421
4,288,422
4,289,422
4,290,422
4,290,423
4,291,423
4,291,424
4,292,424
4,292,425
4,293,425
4,293,426
4,294,426
4,294,427
4,295,427
4,295,428
4,296,428
4,296,429
4,297,429
4,297,430
4,298,430
4,298,431
4,299,431
4,299,432
4,300,432
4,300,433
4,301,433
4,301,434
4,302,434
4,302,435
4,303,435
4,303,436
4,304,436
4,304,437
4,305,437
4,305,438
4,306,438
4,306,439
4,307,439
4,307,440
4,308,440
4,308,441
4,309,441
4,309,442
4,310,442
4,310,443
4,311,443
4,311,444
4,312,444
4,312,445
4,313,445
4,313,446
4,314,446
4,314,447
4,315,447
4,315,448
4,316,448
4,316,449
4,317,449
4,317,450
4,318,450
4,318,451
4,319,451
4,319,452
4,320,452
4,320,453
4,321,453
4,321,454
4,322,454
4,322,455
4,323,455
4,323,456
4,324,456
4,324,457
4,325,457
4,325,458
4,326,458
4,326,459
4,327,459
4,327,460
4,328,460
4,328,461
4,329,461
4,329,462
4,330,462
4,330,463
4,331,463
4,331,464
4,332,464
4,332,465
4,332,466
4,333,466
4,333,467
4,334,467
4,334,468
4,335,468
4,335,469
4,336,469
4,336,470
4,337,470
4,337,471
4,338,471
4,338,472
4,339,472
4,339,473
4,340,473
4,340,474
4,341,474
4,341,475
4,342,475
4,342,476
4,343,476
4,343,477
4,344,477
4,344,478
4,345,478
4,345,479
4,346,479
4,346,480
4,347,480
4,347,481
4,348,481
4,348,482
4,349,482
4,349,483
4,350,483
4,350,484
4,351,484
4,351,485
4,351,486
4,352,486
4,352,487
4,353,487
4,353,488
4,354,488
4,354,489
4,355,489
4,355,490
4,356,490
4,356,491
4,357,491
4,357,492
4,358,492
4,358,493
4,359,493
4,359,494
4,360,494
4,360,495
4,361,495
4,361,496
4,362,496
4,362,497
4,363,497
4,363,498
4,363,499
4,364,499
4,364,500
4,365,500
4,365,501
4,366,501
4,366,502
4,367,502
4,367,503
4,368,503
4,368,504
4,369,504
4,369,505
4,370,505
4,370,506
4,371,506
4,371,507
4,372,507
4,372,508
4,373,508
4,373,509
4,374,509
4,374,510
4,374,511
4,375,511
4,376,511
4,377,511
4,377,512
4,378,512
4,379,512
4,380,512
4,380,511
4,381,511
4,381,510
4,382,510
4,382,509
4,383,509
4,383,508
4,383,507
4,384,507
4,384,506
4,385,506
4,385,505
4,386,505
4,386,504
4,386,503
4,387,503
4,387,502
4,388,502
4,388,501
4,389,501
4,389,500
4,389,499
4,390,499
4,390,498
4,391,498
4,391,497
4,392,497
4,392,496
4,392,495
4,393,495
4,393,494
4,394,494
4,394,493
4,395,493
4,395,492
4,395,491
4,396,491
4,396,490
4,397,490
4,397,489
4,398,489
4,398,488
4,398,487
4,399,487
4,399,486
4,400,486
4,400,485
4,401,485
4,401,484
4,401,483
4,402,483
4,402,482
4,403,482
4,403,481
4,404,481
4,404,480
4,405,480
4,405,479
4,405,478
4,406,478
4,406,477
4,407,477
4,407,476
4,408,476
4,408,475
4,408,474
4,409,474
4,409,473
4,410,473
4,410,472
4,411,472
4,411,471
4,412,471
4,412,470
4,412,469
4,413,469
4,413,468
4,414,468
4,414,467
4,415,467
4,415,466
4,415,465
4,416,465
4,416,464
4,417,464
4,417,463
4,418,463
4,418,462
4,419,462
4,419,461
4,419,460
4,420,460
4,420,459
4,421,459
4,421,458
4,422,458
4,422,457
4,423,457
4,423,456
4,423,455
4,424,455
4,424,454
4,425,454
4,425,453
4,426,453
4,426,452
4,427,452
4,427,451
4,427,450
4,428,450
4,428,449
4,429,449
4,429,448
4,430,448
4,430,447
4,431,447
4,431,446
4,432,446
4,432,445
4,432,444
4,433,444
4,433,443
4,434,443
4,434,442
4,435,442
4,435,441
4,436,441
4,436,440
4,436,439
4,437,439
4,437,438
4,438,438
4,438,437
4,439,437
4,439,436
4,440,436
4,440,435
4,441,435
4,441,434
4,441,433
4,442,433
4,442,432
4,443,432
4,443,431
4,444,431
4,444,430
4,445,430
4,445,429
4,446,429
4,446,428
4,446,427
4,447,427
4,447,426
4,448,426
4,448,425
4,449,425
4,449,424
4,450,424
4,450,423
4,451,423
4,451,422
4,451,421
4,452,421
4,452,420
4,453,420
4,453,419
4,454,419
4,454,418
4,455,418
4,456,418
4,457,418
4,458,418
4,459,418
4,459,419
4,460,419
4,460,420
4,460,421
4,461,421
4,461,422
4,462,422
4,462,423
4,462,424
4,463,424
4,463,425
4,464,425
4,464,426
4,465,426
4,465,427
4,465,428
4,465,429
4,465,430
4,465,431
4,464,431
4,464,432
4,463,432
4,463,433
4,462,433
4,462,434
4,461,434
4,461,435
4,460,435
4,460,436
4,460,437
4,459,437
4,459,438
4,458,438
4,458,439
4,457,439
4,457,440
4,456,440
4,456,441
4,456,442
4,455,442
4,455,443
4,455,444
4,455,445
4,455,446
4,455,447
4,455,448
4,456,448
4,456,449
4,456,450
4,457,450
4,457,451
4,458,451
4,458,452
4,459,452
4,459,453
4,459,454
4,460,454
4,460,455
4,461,455
4,461,456
4,461,457
4,461,458
4,461,459
4,461,460
4,460,460
4,460,461
4,459,461
4,459,462
4,458,462
4,458,463
4,457,463
4,457,464
4,457,465
4,456,465
4,456,466
4,455,466
4,455,467
4,454,467
4,454,468
4,453,468
4,453,469
4,453,470
4,452,470
4,452,471
4,452,472
4,452,473
4,452,474
4,452,475
4,452,476
4,452,477
4,453,477
4,453,478
4,453,479
4,454,479
4,454,480
4,455,480
4,455,481
4,456,481
4,456,482
4,456,483
4,457,483
4,457,484
4,458,484
4,458,485
4,458,486
4,458,487
4,458,488
4,458,489
4,457,489
4,457,490
4,456,490
4,456,491
4,455,491
4,455,492
4,455,493
4,454,493
4,454,494
4,453,494
4,453,495
4,452,495
4,452,496
4,451,496
4,451,497
4,451,498
4,450,498
4,450,499
4,449,499
4,449,500
4,449,501
4,449,502
4,449,503
4,449,504
4,449,505
4,450,505
4,450,506
4,450,507
4,451,507
4,451,508
4,452,508
4,452,509
4,453,509
4,453,510
4,453,511
4,454,511
4,454,512
4,455,512
4,455,513
4,455,514
4,455,515
4,455,516
4,455,517
4,455,518
4,455,519
4,454,519
4,454,520
4,453,520
4,453,521
4,453,522
4,452,522
4,452,523
4,451,523
4,451,524
4,450,524
4,450,525
4,450,526
4,449,526
4,449,527
4,448,527
4,448,528
4,447,528
4,447,529
4,447,530
4,447,531
4,447,532
4,447,533
4,447,534
4,448,534
4,448,535
4,449,535
4,449,536
4,450,536
4,450,537
4,450,538
4,451,538
4,451,539
4,452,539
4,452,540
4,453,540
4,453,541
4,453,542
4,454,542
4,454,543
4,455,543
4,455,544
4,456,544
4,456,545
4,457,545
4,457,546
4,457,547
4,458,547
4,458,548
4,459,548
4,459,549
4,460,549
4,460,550
4,461,550
4,461,551
4,461,552
4,462,552
4,462,553
4,463,553
4,463,554
4,464,554
4,464,555
4,465,555
4,465,556
4,465,557
4,466,557
4,466,558
4,467,558
4,467,559
4,468,559
4,468,560
4,468,561
4,469,561
4,469,562
4,470,562
4,470,563
4,471,563
4,471,564
4,472,564
4,472,565
4,472,566
4,473,566
4,473,567
4,474,567
4,474,568
4,475,568
4,475,569
4,475,570
4,476,570
4,476,571
4,477,571
4,478,571
4,479,571
4,480,571
4,481,571
4,481,570
4,482,570
4,482,569
4,483,569
4,483,568
4,483,567
4,484,567
4,484,566
4,485,566
4,485,565
4,486,565
4,486,564
4,486,563
4,487,563
4,487,562
4,488,562
4,488,561
4,489,561
4,490,561
4,491,561
4,492,561
4,493,561
4,493,562
4,493,563
4,494,563
4,494,564
4,495,564
4,495,565
4,496,565
4,496,566
4,496,567
4,497,567
4,497,568
4,498,568
4,498,569
4,499,569
4,499,570
4,500,570
4,501,570
4,502,570
4,503,570
4,504,570
4,505,570
4,505,569
4,506,569
4,506,568
4,506,567
4,507,567
4,507,566
4,508,566
4,508,565
4,509,565
4,509,564
4,509,563
4,510,563
4,510,562
4,511,562
4,511,561
4,512,561
4,512,560
4,513,560
4,513,559
4,513,558
4,514,558
4,514,557
4,515,557
4,515,556
4,516,556
4,516,555
4,516,554
4,517,554
4,517,553
4,518,553
4,518,552
4,519,552
4,519,551
4,520,551
4,520,550
4,520,549
4,521,549
4,521,548
4,522,548
4,522,547
4,523,547
4,523,546
4,524,546
4,524,545
4,524,544
4,525,544
4,525,543
4,526,543
4,526,542
4,527,542
4,527,541
4,528,541
4,528,540
4,528,539
4,529,539
4,529,538
4,530,538
4,530,537
4,531,537
4,531,536
4,532,536
4,532,535
4,533,535
4,533,534
4,533,533
4,534,533
4,534,532
4,535,532
4,535,531
4,536,531
4,536,530
4,537,530
4,537,529
4,538,529
4,538,528
4,538,527
4,539,527
4,539,526
4,540,526
4,540,525
4,541,525
4,541,524
4,542,524
4,542,523
4,543,523
4,543,522
4,543,521
4,544,521
4,544,520
4,545,520
4,545,519
4,545,518
4,545,517
4,545,516
4,545,515
4,545,514
4,545,513
4,545,512
4,545,511
4,544,511
4,544,510
4,544,509
4,543,509
4,543,508
4,542,508
4,542,507
4,542,506
4,541,506
4,541,505
4,540,505
4,540,504
4,540,503
4,539,503
4,539,502
4,539,501
4,539,500
4,539,499
4,539,498
4,540,498
4,540,497
4,540,496
4,541,496
4,541,495
4,542,495
4,542,494
4,543,494
4,543,493
4,544,493
4,544,492
4,545,492
4,545,491
4,546,491
4,546,490
4,547,490
4,547,489
4,547,488
4,548,488
4,548,487
4,549,487
4,549,486
4,550,486
4,550,485
4,551,485
4,551,484
4,552,484
4,552,483
4,553,483
4,553,482
4,554,482
4,554,481
4,555,481
4,555,480
4,556,480
4,556,479
4,556,478
4,557,478
4,557,477
4,558,477
4,558,476
4,559,476
4,559,475
4,559,474
4,559,473
4,560,473
4,560,472
4,560,471
4,560,470
4,560,469
4,560,468
4,560,467
4,559,467
4,559,466
4,559,465
4,558,465
4,558,464
4,557,464
4,557,463
4,557,462
4,556,462
4,556,461
4,555,461
4,555,460
4,555,459
4,554,459
4,554,458
4,554,457
4,554,456
4,554,455
4,554,454
4,555,454
4,555,453
4,555,452
4,556,452
4,556,451
4,557,451
4,558,451
4,558,450
4,559,450
4,559,449
4,559,448
4,559,447
4,560,447
4,560,446
4,561,446
4,561,445
4,562,445
4,562,444
4,562,443
4,562,442
4,562,441
4,562,440
4,562,439
4,562,438
4,562,437
4,562,436
4,561,436
4,561,435
4,560,435
4,560,434
4,560,433
4,559,433
4,559,432
4,558,432
4,558,431
4,558,430
4,557,430
4,557,429
4,557,428
4,557,427
4,557,426
4,557,425
4,557,424
4,558,424
4,558,423
4,559,423
4,559,422
4,560,422
4,560,421
4,561,421
4,561,420
4,562,420
4,562,419
4,563,419
4,563,418
4,564,418
4,564,417
4,564,416
4,565,416
4,565,415
4,566,415
4,566,414
4,567,414
4,567,413
4,568,413
4,568,412
4,569,412
4,569,411
4,570,411
4,570,410
4,571,410
4,571,409
4,572,409
4,572,408
4,573,408
4,573,407
4,574,407
4,574,406
4,575,406
4,575,405
4,576,405
4,576,404
4,577,404
4,577,403
4,578,403
4,578,402
4,579,402
4,579,401
4,579,400
4,579,399
4,579,398
4,579,397
4,579,396
4,579,395
4,579,394
4,578,394
4,578,393
4,578,392
4,577,392
4,577,391
4,576,391
4,576,390
4,576,389
4,575,389
4,575,388
4,575,387
4,574,387
4,574,386
4,574,385
4,574,384
4,574,383
4,574,382
4,575,382
4,575,381
4,576,381
4,576,380
4,577,380
4,577,379
4,578,379
4,578,378
4,579,378
4,579,377
4,580,377
4,580,376
4,581,376
4,581,375
4,582,375
4,582,374
4,583,374
4,583,373
4,584,373
4,584,372
4,585,372
4,585,371
4,586,371
4,586,370
4,587,370
4,587,369
4,588,369
4,588,368
4,589,368
4,589,367
4,590,367
4,590,366
4,591,366
4,591,365
4,592,365
4,592,364
4,593,364
4,593,363
4,594,363
4,594,362
4,595,362
4,595,361
4,596,361
4,596,360
4,597,360
4,597,359
4,597,358
4,597,357
4,597,356
4,597,355
4,597,354
4,597,353
4,597,352
4,597,351
4,596,351
4,596,350
4,596,349
4,595,349
4,595,348
4,595,347
4,594,347
4,594,346
4,593,346
4,593,345
4,593,344
4,592,344
4,592,343
4,592,342
4,592,341
4,592,340
4,593,340
4,593,339
4,594,339
4,594,338
4,595,338
4,595,337
4,596,337
4,597,337
4,597,336
4,598,336
4,598,335
4,599,335
4,599,334
4,600,334
4,600,333
4,601,333
4,601,332
4,602,332
4,602,331
4,602,330
4,602,329
4,603,329
4,603,328
4,603,327
4,603,326
4,603,325
4,603,324
4,603,323
4,602,323
4,602,322
4,602,321
4,601,321
4,601,320
4,601,319
4,600,319
4,600,318
4,600,317
4,599,317
4,599,316
4,599,315
4,599,314
4,599,313
4,599,312
4,599,311
4,600,311
4,600,310
4,601,310
4,601,309
4,602,309
4,602,308
4,603,308
4,603,307
4,604,307
4,604,306
4,605,306
4,605,305
4,606,305
4,606,304
4,607,304
4,607,303
4,608,303
4,608,302
20,618,315
20,618,314
20,618,313
20,618,312
20,617,312
20,617,311
20,617,310
20,616,310
20,616,309
20,616,308
20,615,308
20,615,307
20,615,306
20,614,306
20,614,305
20,614,304
20,613,304
20,613,303
20,612,303
20,612,302
20,611,302
20,610,302
20,609,302
20,608,302
20,608,303
20,607,303
20,607,304
20,606,304
20,606,305
20,605,305
20,604,305
20,604,306
20,603,306
20,603,307
20,602,307
20,602,308
20,601,308
20,601,309
20,601,310
20,601,311
20,601,312
20,601,313
20,601,314
20,601,315
20,601,316
20,601,317
20,601,318
20,601,319
20,601,320
20,602,320
20,602,321
20,602,322
20,603,322
20,603,323
20,604,323
20,604,324
20,605,324
20,606,324
20,607,324
20,608,324
20,609,324
20,610,324
20,611,324
20,611,323
20,612,323
20,612,322
20,613,322
20,613,321
20,614,321
20,614,320
20,615,320
20,615,319
20,616,319
20,616,318
30,607,329
30,607,328
30,606,328
23,612,343
23,612,342
23,612,341
23,612,340
23,611,340
23,611,339
23,610,339
23,610,338
23,610,337
23,609,337
23,609,336
23,609,335
23,608,335
23,608,334
23,608,333
23,607,333
23,607,332
23,606,332
23,605,332
23,604,332
23,603,332
23,602,332
23,601,332
23,600,332
23,600,333
23,599,333
23,599,334
23,598,334
23,598,335
23,597,335
23,597,336
23,596,336
23,596,337
23,595,337
23,595,338
23,594,338
23,594,339
23,594,340
23,594,341
23,594,342
23,594,343
23,594,344
23,594,345
23,594,346
23,595,346
23,595,347
23,595,348
23,596,348
23,596,349
23,596,350
23,597,350
23,597,351
23,597,352
23,598,352
23,599,352
23,600,352
23,600,353
23,601,353
23,602,353
23,603,353
23,604,353
23,605,353
23,605,352
23,606,352
23,606,351
23,607,351
23,607,350
23,608,350
23,608,349
23,609,349
23,609,348
23,610,348
23,610,347
27,601,357
27,600,357
18,607,372
18,607,371
18,607,370
18,607,369
18,606,369
18,606,368
18,605,368
18,605,367
18,605,366
18,604,366
18,604,365
18,604,364
18,603,364
18,603,363
18,603,362
18,602,362
18,601,362
18,600,362
18,600,361
18,599,361
18,598,361
18,597,361
18,596,361
18,595,361
18,595,362
18,594,362
18,594,363
18,593,363
18,593,364
18,592,364
18,592,365
18,591,365
18,591,366
18,590,366
18,590,367
18,589,367
18,589,368
18,588,368
18,588,369
18,587,369
18,587,370
18,586,370
18,586,371
18,585,371
18,585,372
18,584,372
18,584,373
18,583,373
18,582,373
18,582,374
18,581,374
18,581,375
18,580,375
18,580,376
18,579,376
18,579,377
18,578,377
18,578,378
18,577,378
18,577,379
18,576,379
18,576,380
18,576,381
18,575,381
18,575,382
18,575,383
18,575,384
18,575,385
18,575,386
18,575,387
18,576,387
18,576,388
18,576,389
18,577,389
18,577,390
18,577,391
18,578,391
18,578,392
18,579,392
18,579,393
18,579,394
18,580,394
18,580,395
18,581,395
18,582,395
18,583,395
18,584,395
18,585,395
18,586,395
18,586,394
18,587,394
18,587,393
18,588,393
18,588,392
18,589,392
18,589,391
18,590,391
18,590,390
18,591,390
18,591,389
18,592,389
18,592,388
18,593,388
18,593,387
18,594,387
18,594,386
18,595,386
18,595,385
18,596,385
18,596,384
18,597,384
18,598,384
18,598,383
18,599,383
18,599,382
18,600,382
18,600,381
18,601,381
18,601,380
18,602,380
18,602,379
18,603,379
18,603,378
18,604,378
18,604,377
18,605,377
18,605,376
18,606,376
15,590,414
15,590,413
15,590,412
15,589,412
15,589,411
15,588,411
15,588,410
15,588,409
15,587,409
15,587,408
15,587,407
15,586,407
15,586,406
15,585,406
15,585,405
15,585,404
15,584,404
15,584,403
15,583,403
15,583,402
15,582,402
15,581,402
15,580,402
15,579,402
15,578,402
15,578,403
15,577,403
15,577,404
15,576,404
15,576,405
15,575,405
15,575,406
15,574,406
15,574,407
15,573,407
15,573,408
15,572,408
15,572,409
15,571,409
15,571,410
15,570,410
15,570,411
15,569,411
15,569,412
15,568,412
15,568,413
15,567,413
15,567,414
15,566,414
15,566,415
15,565,415
15,565,416
15,564,416
15,564,417
15,563,417
15,563,418
15,562,418
15,562,419
15,562,420
15,561,420
15,561,421
15,560,421
15,560,422
15,559,422
15,559,423
15,558,423
15,558,424
15,558,425
15,558,426
15,558,427
15,558,428
15,558,429
15,558,430
15,559,430
15,559,431
15,560,431
15,560,432
15,560,433
15,561,433
15,561,434
15,561,435
15,562,435
15,562,436
15,563,436
15,563,437
15,563,438
15,563,439
15,564,439
15,564,440
15,564,441
15,564,442
15,564,443
15,563,443
15,563,444
15,562,444
15,562,445
15,562,446
15,561,446
15,561,447
15,560,447
15,560,448
15,559,448
15,559,449
15,558,449
15,558,450
15,558,451
15,557,451
15,557,452
15,556,452
15,556,453
15,556,454
15,555,454
15,555,455
15,555,456
15,555,457
15,555,458
15,555,459
15,556,459
15,556,460
15,557,460
15,557,461
15,557,462
15,558,462
15,558,463
15,559,463
15,559,464
15,559,465
15,560,465
15,560,466
15,560,467
15,561,467
15,562,467
15,563,467
15,564,467
15,565,467
15,566,467
15,567,467
15,567,466
15,568,466
15,568,465
15,569,465
15,569,464
15,570,464
15,570,463
15,571,463
15,571,462
15,572,462
15,572,461
15,573,461
15,573,460
15,574,460
15,574,459
15,575,459
15,575,458
15,576,458
15,576,457
15,577,457
15,577,456
15,578,456
15,578,455
15,579,455
15,579,454
15,580,454
15,580,453
15,581,453
15,581,452
15,582,452
15,582,451
15,583,451
15,583,450
15,584,450
15,584,449
15,585,449
15,585,448
15,585,447
15,585,446
15,586,446
15,586,445
15,586,444
15,586,443
15,586,442
15,586,441
15,586,440
15,585,440
15,585,439
15,585,438
15,584,438
15,584,437
15,583,437
15,583,436
15,583,435
15,582,435
15,582,434
15,581,434
15,581,433
15,581,432
15,580,432
15,580,431
15,580,430
15,580,429
15,580,428
15,580,427
15,580,426
15,581,426
15,581,425
15,581,424
15,582,424
15,583,424
15,583,423
15,584,423
15,584,422
15,585,422
15,585,421
15,585,420
15,586,420
15,586,419
15,587,419
15,587,418
15,588,418
32,564,471
32,563,471
17,571,484
17,571,483
17,570,483
17,570,482
17,569,482
17,569,481
17,569,480
17,568,480
17,568,479
17,567,479
17,567,478
17,567,477
17,566,477
17,566,476
17,565,476
17,564,476
17,563,476
17,562,476
17,561,476
17,560,476
17,559,476
17,558,476
17,558,477
17,557,477
17,557,478
17,557,479
17,556,479
17,556,480
17,555,480
17,555,481
17,554,481
17,554,482
17,553,482
17,553,483
17,552,483
17,552,484
17,551,484
17,551,485
17,550,485
17,550,486
17,549,486
17,549,487
17,548,487
17,548,488
17,548,489
17,547,489
17,547,490
17,546,490
17,546,491
17,545,491
17,545,492
17,544,492
17,544,493
17,543,493
17,543,494
17,542,494
17,542,495
17,541,495
17,541,496
17,541,497
17,540,497
17,540,498
17,540,499
17,540,500
17,540,501
17,540,502
17,540,503
17,541,503
17,541,504
17,542,504
17,542,505
17,542,506
17,543,506
17,543,507
17,544,507
17,544,508
17,544,509
17,545,509
17,545,510
17,546,510
17,547,510
17,548,510
17,549,510
17,550,510
17,551,510
17,552,510
17,553,510
17,554,510
17,554,509
17,555,509
17,555,508
17,556,508
17,556,507
17,556,506
17,557,506
17,557,505
17,558,505
17,558,504
17,559,504
17,559,503
17,560,503
17,560,502
17,561,502
17,561,501
17,562,501
17,562,500
17,563,500
17,563,499
17,563,498
17,564,498
17,564,497
17,565,497
17,565,496
17,566,496
17,566,495
17,567,495
17,567,494
17,568,494
17,568,493
17,569,493
17,569,492
17,570,492
17,570,491
17,570,490
17,571,490
17,571,489
17,571,488
13,675,-44
13,675,-45
13,675,-46
13,675,-47
13,675,-48
13,675,-49
13,675,-50
13,675,-51
13,675,-52
13,675,-53
13,675,-54
13,675,-55
13,675,-56
13,675,-57
13,675,-58
13,675,-59
13,675,-60
13,675,-61
13,675,-62
13,675,-63
13,675,-64
13,675,-65
13,675,-66
13,675,-67
13,675,-68
13,675,-69
13,675,-70
13,675,-71
13,675,-72
13,675,-73
13,675,-74
13,675,-75
13,675,-76
13,675,-77
13,675,-78
13,675,-79
13,675,-80
13,675,-81
13,675,-82
13,674,-82
13,674,-83
13,674,-84
13,674,-85
13,673,-85
13,672,-85
13,671,-85
13,670,-85
13,669,-85
13,669,-84
13,668,-84
13,668,-83
13,667,-83
13,667,-82
13,666,-82
13,665,-82
13,665,-81
13,665,-80
13,664,-80
13,663,-80
13,663,-79
13,662,-79
13,662,-78
13,661,-78
13,661,-77
13,660,-77
13,660,-76
13,659,-76
13,659,-75
13,658,-75
13,658,-74
13,657,-74
13,657,-73
13,656,-73
13,656,-72
13,655,-72
13,655,-71
13,654,-71
13,654,-70
13,653,-70
13,653,-69
13,652,-69
13,652,-68
13,651,-68
13,651,-67
13,650,-67
13,650,-66
13,649,-66
13,649,-65
13,648,-65
13,648,-64
13,647,-64
13,647,-63
13,646,-63
13,646,-62
13,645,-62
13,645,-61
13,644,-61
13,644,-60
13,643,-60
13,643,-59
13,642,-59
13,642,-58
13,641,-58
13,641,-57
13,640,-57
13,640,-56
13,639,-56
13,639,-55
13,638,-55
13,638,-54
13,637,-54
13,637,-53
13,636,-53
13,636,-52
13,635,-52
13,635,-51
13,634,-51
13,634,-50
13,633,-50
13,633,-49
13,632,-49
13,632,-48
13,631,-48
13,631,-47
13,630,-47
13,630,-46
13,629,-46
13,629,-45
13,629,-44
13,628,-44
13,628,-43
13,628,-42
13,628,-41
13,628,-40
13,628,-39
13,628,-38
13,628,-37
13,628,-36
13,628,-35
13,628,-34
13,628,-33
13,628,-32
13,628,-31
13,628,-30
13,628,-29
13,628,-28
13,628,-27
13,628,-26
13,628,-25
13,628,-24
13,628,-23
13,628,-22
13,628,-21
13,628,-20
13,628,-19
13,628,-18
13,628,-17
13,628,-16
13,628,-15
13,628,-14
13,628,-13
13,628,-12
13,628,-11
13,628,-10
13,628,-9
13,628,-8
13,628,-7
13,628,-6
13,629,-6
13,629,-5
13,629,-4
13,630,-4
13,631,-4
13,632,-4
13,633,-4
13,634,-4
13,634,-5
13,635,-5
13,635,-6
13,636,-6
13,636,-7
13,637,-7
13,637,-8
13,638,-8
13,638,-9
13,639,-9
13,639,-10
13,640,-10
13,640,-11
13,641,-11
13,641,-12
13,642,-12
13,642,-13
13,643,-13
13,644,-13
13,644,-14
13,645,-14
13,645,-15
13,646,-15
13,646,-16
13,647,-16
13,647,-17
13,648,-17
13,648,-18
13,649,-18
13,649,-19
13,650,-19
13,650,-20
13,651,-20
13,651,-21
13,652,-21
13,652,-22
13,653,-22
13,653,-23
13,654,-23
13,654,-24
13,655,-24
13,655,-25
13,656,-25
13,656,-26
13,657,-26
13,658,-26
13,658,-27
13,659,-27
13,659,-28
13,660,-28
13,660,-29
13,661,-29
13,661,-30
13,662,-30
13,662,-31
13,663,-31
13,663,-32
13,664,-32
13,664,-33
13,665,-33
13,665,-34
13,666,-34
13,666,-35
13,667,-35
13,667,-36
13,668,-36
13,669,-36
13,669,-37
13,670,-37
13,670,-38
13,671,-38
13,671,-39
13,672,-39
13,672,-40
13,673,-40
11,676,-43
11,675,-43
11,674,-43
11,674,-42
11,673,-42
11,672,-42
11,672,-41
11,671,-41
11,671,-40
11,670,-40
11,670,-39
11,669,-39
11,669,-38
11,668,-38
11,668,-37
11,667,-37
11,667,-36
11,666,-36
11,666,-35
11,665,-35
11,664,-35
11,664,-34
11,663,-34
11,663,-33
11,662,-33
11,662,-32
11,661,-32
11,661,-31
11,660,-31
11,660,-30
11,659,-30
11,659,-29
11,658,-29
11,658,-28
11,657,-28
11,657,-27
11,656,-27
11,656,-26
11,655,-26
11,655,-25
11,654,-25
11,654,-24
11,653,-24
11,653,-23
11,652,-23
11,651,-23
11,651,-22
11,650,-22
11,650,-21
11,649,-21
11,649,-20
11,648,-20
11,648,-19
11,647,-19
11,647,-18
11,646,-18
11,646,-17
11,645,-17
11,645,-16
11,644,-16
11,644,-15
11,643,-15
11,643,-14
11,642,-14
11,642,-13
11,641,-13
11,641,-12
11,640,-12
11,640,-11
11,639,-11
11,639,-10
11,638,-10
11,638,-9
11,637,-9
11,637,-8
11,636,-8
11,636,-7
11,635,-7
11,635,-6
11,634,-6
11,634,-5
11,633,-5
11,633,-4
11,632,-4
11,631,-4
11,631,-3
11,630,-3
11,629,-3
11,628,-3
11,628,-4
11,628,-5
11,628,-6
11,628,-7
11,628,-8
11,628,-9
11,628,-10
11,627,-10
11,627,-11
11,627,-12
11,627,-13
11,627,-14
11,627,-15
11,627,-16
11,627,-17
11,627,-18
11,627,-19
11,627,-20
11,627,-21
11,627,-22
11,627,-23
11,627,-24
11,627,-25
11,627,-26
11,627,-27
11,627,-28
11,627,-29
11,626,-29
11,626,-30
11,626,-31
11,626,-32
11,626,-33
11,626,-34
11,626,-35
11,626,-36
11,626,-37
11,626,-38
11,626,-39
11,626,-40
11,626,-41
11,627,-41
11,627,-42
11,627,-43
11,628,-43
11,629,-43
11,629,-44
11,630,-44
11,630,-45
11,630,-46
11,631,-46
11,632,-46
11,632,-47
11,632,-48
11,633,-48
11,633,-49
11,634,-49
11,634,-50
11,635,-50
11,635,-51
11,636,-51
11,636,-52
11,637,-52
11,637,-53
11,638,-53
11,638,-54
11,639,-54
11,639,-55
11,640,-55
11,640,-56
11,641,-56
11,641,-57
11,642,-57
11,642,-58
11,643,-58
11,644,-58
11,644,-59
11,645,-59
11,645,-60
11,646,-60
11,646,-61
11,647,-61
11,647,-62
11,648,-62
11,648,-63
11,649,-63
11,649,-64
11,650,-64
11,650,-65
11,651,-65
11,651,-66
11,652,-66
11,652,-67
11,653,-67
11,653,-68
11,654,-68
11,654,-69
11,655,-69
11,655,-70
11,656,-70
11,656,-71
11,657,-71
11,657,-72
11,658,-72
11,658,-73
11,659,-73
11,659,-74
11,660,-74
11,660,-75
11,661,-75
11,661,-76
11,662,-76
11,662,-77
11,663,-77
11,663,-78
11,664,-78
11,664,-79
11,665,-79
11,665,-80
11,666,-80
11,666,-81
11,667,-81
11,668,-81
11,668,-82
11,669,-82
11,669,-83
11,670,-83
11,670,-84
11,671,-84
11,671,-85
11,672,-85
11,672,-86
11,673,-86
11,673,-87
11,674,-87
11,675,-87
11,675,-86
11,675,-85
11,675,-84
11,675,-83
11,675,-82
11,675,-81
11,675,-80
11,675,-79
11,675,-78
11,675,-77
11,675,-76
11,675,-75
11,675,-74
11,675,-73
11,675,-72
11,675,-71
11,675,-70
11,675,-69
11,675,-68
11,675,-67
11,675,-66
11,675,-65
11,676,-65
11,676,-64
11,676,-63
11,676,-62
11,676,-61
11,676,-60
11,676,-59
11,676,-58
11,676,-57
11,676,-56
11,676,-55
11,676,-54
11,676,-53
11,676,-52
11,676,-51
11,676,-50
11,676,-49
11,676,-48
11,676,-47
9,860,-259
9,860,-260
9,860,-261
9,860,-262
9,860,-263
9,860,-264
9,860,-265
9,860,-266
9,860,-267
9,860,-268
9,860,-269
9,860,-270
9,860,-271
9,860,-272
9,860,-273
9,860,-274
9,860,-275
9,860,-276
9,860,-277
9,860,-278
9,860,-279
9,860,-280
9,860,-281
9,860,-282
9,860,-283
9,860,-284
9,860,-285
9,860,-286
9,860,-287
9,860,-288
9,860,-289
9,860,-290
9,860,-291
9,860,-292
9,860,-293
9,860,-294
9,860,-295
9,861,-295
9,861,-296
9,861,-297
9,861,-298
9,861,-299
9,861,-300
9,861,-301
9,861,-302
9,861,-303
9,861,-304
9,861,-305
9,861,-306
9,861,-307
9,861,-308
9,861,-309
9,861,-310
9,861,-311
9,861,-312
9,861,-313
9,861,-314
9,861,-315
9,861,-316
9,861,-317
9,861,-318
9,861,-319
9,861,-320
9,861,-321
9,861,-322
9,861,-323
9,861,-324
9,861,-325
9,861,-326
9,861,-327
9,862,-327
9,862,-328
9,862,-329
9,862,-330
9,862,-331
9,862,-332
9,862,-333
9,862,-334
9,862,-335
9,862,-336
9,861,-336
9,860,-336
9,859,-336
9,858,-336
9,857,-336
9,856,-336
9,855,-336
9,854,-336
9,853,-336
9,852,-336
9,851,-336
9,850,-336
9,849,-336
9,848,-336
9,848,-337
9,848,-338
9,848,-339
9,848,-340
9,848,-341
9,848,-342
9,848,-343
9,848,-344
9,848,-345
9,848,-346
9,848,-347
9,848,-348
9,848,-349
9,848,-350
9,848,-351
9,848,-352
9,848,-353
9,848,-354
9,848,-355
9,848,-356
9,848,-357
9,848,-358
9,848,-359
9,848,-360
9,848,-361
9,848,-362
9,847,-362
9,846,-362
9,845,-362
9,844,-362
9,843,-362
9,842,-362
9,841,-362
9,840,-362
9,839,-362
9,838,-362
9,837,-362
9,836,-362
9,835,-362
9,834,-362
9,834,-363
9,834,-364
9,834,-365
9,834,-366
9,834,-367
9,834,-368
9,834,-369
9,834,-370
9,834,-371
9,834,-372
9,834,-373
9,834,-374
9,834,-375
9,834,-376
9,834,-377
9,834,-378
9,834,-379
9,834,-380
9,834,-381
9,834,-382
9,834,-383
9,834,-384
9,834,-385
9,834,-386
9,834,-387
9,834,-388
9,834,-389
9,833,-389
9,832,-389
9,831,-389
9,830,-389
9,829,-389
9,828,-389
9,827,-389
9,826,-389
9,825,-389
9,824,-389
9,823,-389
9,822,-389
9,822,-388
9,822,-387
9,821,-387
9,821,-386
9,821,-385
9,821,-384
9,821,-383
9,821,-382
9,821,-381
9,821,-380
9,821,-379
9,821,-378
9,821,-377
9,821,-376
9,821,-375
9,821,-374
9,821,-373
9,821,-372
9,821,-371
9,821,-370
9,821,-369
9,821,-368
9,821,-367
9,821,-366
9,821,-365
9,821,-364
9,820,-364
9,820,-363
9,820,-362
9,820,-361
9,820,-360
9,820,-359
9,820,-358
9,820,-357
9,820,-356
9,820,-355
9,820,-354
9,820,-353
9,820,-352
9,820,-351
9,820,-350
9,820,-349
9,820,-348
9,820,-347
9,820,-346
9,820,-345
9,820,-344
9,820,-343
9,820,-342
9,820,-341
9,819,-341
9,819,-340
9,819,-339
9,819,-338
9,819,-337
9,819,-336
9,819,-335
9,819,-334
9,819,-333
9,819,-332
9,819,-331
9,819,-330
9,819,-329
9,819,-328
9,819,-327
9,819,-326
9,819,-325
9,819,-324
9,819,-323
9,819,-322
9,819,-321
9,819,-320
9,819,-319
9,819,-318
9,819,-317
9,819,-316
9,818,-316
9,818,-315
9,818,-314
9,818,-313
9,818,-312
9,818,-311
9,818,-310
9,818,-309
9,818,-308
9,818,-307
9,818,-306
9,818,-305
9,818,-304
9,818,-303
9,818,-302
9,818,-301
9,818,-300
9,818,-299
9,819,-299
9,820,-299
9,821,-299
9,822,-299
9,823,-299
9,824,-299
9,825,-299
9,826,-299
9,827,-299
9,828,-299
9,829,-299
9,830,-299
9,831,-299
9,832,-299
9,832,-298
9,832,-297
9,832,-296
9,832,-295
9,832,-294
9,832,-293
9,832,-292
9,832,-291
9,832,-290
9,832,-289
9,832,-288
9,832,-287
9,832,-286
9,832,-285
9,832,-284
9,832,-283
9,832,-282
9,832,-281
9,832,-280
9,832,-279
9,832,-278
9,832,-277
9,832,-276
9,832,-275
9,832,-274
9,832,-273
9,832,-272
9,832,-271
9,832,-270
9,832,-269
9,832,-268
9,832,-267
9,832,-266
9,832,-265
9,832,-264
9,832,-263
9,832,-262
9,832,-261
9,832,-260
9,832,-259
9,832,-258
9,832,-257
9,832,-256
9,832,-255
9,832,-254
9,832,-253
9,832,-252
9,832,-251
9,832,-250
9,832,-249
9,832,-248
9,832,-247
9,832,-246
9,832,-245
9,832,-244
9,832,-243
9,832,-242
9,832,-241
9,832,-240
9,832,-239
9,832,-238
9,832,-237
9,832,-236
9,832,-235
9,832,-234
9,832,-233
9,832,-232
9,832,-231
9,832,-230
9,832,-229
9,832,-228
9,832,-227
9,832,-226
9,832,-225
9,832,-224
9,832,-223
9,833,-223
9,834,-223
9,835,-223
9,836,-223
9,837,-223
9,838,-223
9,839,-223
9,840,-223
9,841,-223
9,842,-223
9,842,-224
9,843,-224
9,843,-225
9,844,-225
9,844,-226
9,844,-227
9,844,-228
9,844,-229
9,844,-230
9,844,-231
9,844,-232
9,844,-233
9,844,-234
9,844,-235
9,844,-236
9,844,-237
9,844,-238
9,844,-239
9,844,-240
9,844,-241
9,844,-242
9,844,-243
9,844,-244
9,844,-245
9,844,-246
9,844,-247
9,844,-248
9,844,-249
9,845,-249
9,845,-250
9,846,-250
9,847,-250
9,848,-250
9,848,-251
9,849,-251
9,850,-251
9,851,-251
9,851,-252
9,852,-252
9,853,-252
9,853,-253
9,854,-253
9,855,-253
9,856,-253
9,856,-254
9,856,-255
9,857,-255
9,858,-255
7,861,-258
7,860,-258
7,859,-258
7,859,-257
7,858,-257
7,857,-257
7,857,-256
7,856,-256
7,855,-256
7,854,-256
7,854,-255
7,853,-255
7,852,-255
7,851,-255
7,851,-254
7,850,-254
7,849,-254
7,848,-254
7,848,-253
7,847,-253
7,847,-252
7,847,-251
7,847,-250
7,847,-249
7,847,-248
7,847,-247
7,847,-246
7,847,-245
7,847,-244
7,847,-243
7,847,-242
7,847,-241
7,847,-240
7,847,-239
7,847,-238
7,847,-237
7,847,-236
7,847,-235
7,847,-234
7,847,-233
7,847,-232
7,847,-231
7,846,-231
7,846,-230
7,846,-229
7,846,-228
7,845,-228
7,844,-228
7,844,-227
7,844,-226
7,843,-226
7,842,-226
7,842,-225
7,841,-225
7,840,-225
7,839,-225
7,839,-224
7,838,-224
7,837,-224
7,837,-223
7,836,-223
7,835,-223
7,834,-223
7,834,-222
7,833,-222
7,832,-222
7,831,-222
7,831,-223
7,831,-224
7,831,-225
7,831,-226
7,831,-227
7,831,-228
7,831,-229
7,831,-230
7,831,-231
7,831,-232
7,831,-233
7,831,-234
7,831,-235
7,831,-236
7,831,-237
7,831,-238
7,831,-239
7,831,-240
7,831,-241
7,831,-242
7,831,-243
7,831,-244
7,831,-245
7,831,-246
7,831,-247
7,831,-248
7,831,-249
7,831,-250
7,831,-251
7,831,-252
7,831,-253
7,831,-254
7,831,-255
7,831,-256
7,831,-257
7,831,-258
7,831,-259
7,831,-260
7,831,-261
7,831,-262
7,831,-263
7,831,-264
7,831,-265
7,831,-266
7,831,-267
7,831,-268
7,831,-269
7,831,-270
7,831,-271
7,831,-272
7,831,-273
7,831,-274
7,831,-275
7,831,-276
7,831,-277
7,831,-278
7,831,-279
7,831,-280
7,831,-281
7,831,-282
7,831,-283
7,831,-284
7,831,-285
7,831,-286
7,831,-287
7,831,-288
7,831,-289
7,831,-290
7,831,-291
7,831,-292
7,831,-293
7,831,-294
7,831,-295
7,831,-296
7,831,-297
7,830,-297
7,830,-298
7,829,-298
7,828,-298
7,827,-298
7,826,-298
7,825,-298
7,824,-298
7,823,-298
7,822,-298
7,821,-298
7,820,-298
7,819,-298
7,818,-298
7,817,-298
7,817,-299
7,817,-300
7,817,-301
7,817,-302
7,817,-303
7,817,-304
7,817,-305
7,817,-306
7,817,-307
7,817,-308
7,817,-309
7,817,-310
7,817,-311
7,817,-312
7,817,-313
7,817,-314
7,817,-315
7,817,-316
7,817,-317
7,817,-318
7,817,-319
7,817,-320
7,817,-321
7,817,-322
7,817,-323
7,817,-324
7,817,-325
7,817,-326
7,817,-327
7,817,-328
7,817,-329
7,817,-330
7,817,-331
7,817,-332
7,817,-333
7,817,-334
7,817,-335
7,817,-336
7,817,-337
7,817,-338
7,817,-339
7,817,-340
7,817,-341
7,817,-342
7,817,-343
7,817,-344
7,818,-344
7,818,-345
7,818,-346
7,818,-347
7,818,-348
7,818,-349
7,818,-350
7,818,-351
7,818,-352
7,818,-353
7,818,-354
7,818,-355
7,818,-356
7,818,-357
7,818,-358
7,818,-359
7,818,-360
7,818,-361
7,818,-362
7,818,-363
7,818,-364
7,818,-365
7,818,-366
7,819,-366
7,819,-367
7,819,-368
7,819,-369
7,819,-370
7,819,-371
7,819,-372
7,819,-373
7,819,-374
7,819,-375
7,819,-376
7,819,-377
7,819,-378
7,819,-379
7,819,-380
7,819,-381
7,819,-382
7,819,-383
7,819,-384
7,819,-385
7,820,-385
7,820,-386
7,821,-386
7,821,-387
7,822,-387
7,823,-387
7,824,-387
7,825,-387
7,825,-388
7,826,-388
7,827,-388
7,828,-388
7,828,-389
7,829,-389
7,830,-389
7,831,-389
7,831,-390
7,832,-390
7,833,-390
7,834,-390
7,835,-390
7,835,-389
7,835,-388
7,835,-387
7,835,-386
7,835,-385
7,835,-384
7,835,-383
7,835,-382
7,835,-381
7,835,-380
7,835,-379
7,835,-378
7,835,-377
7,835,-376
7,835,-375
7,835,-374
7,835,-373
7,835,-372
7,835,-371
7,835,-370
7,835,-369
7,835,-368
7,835,-367
7,835,-366
7,835,-365
7,836,-365
7,837,-365
7,838,-365
7,839,-365
7,840,-365
7,841,-365
7,842,-365
7,843,-365
7,844,-365
7,845,-365
7,846,-365
7,847,-365
7,848,-365
7,849,-365
7,849,-364
7,849,-363
7,849,-362
7,849,-361
7,849,-360
7,849,-359
7,849,-358
7,849,-357
7,849,-356
7,849,-355
7,849,-354
7,849,-353
7,849,-352
7,849,-351
7,849,-350
7,849,-349
7,849,-348
7,849,-347
7,849,-346
7,849,-345
7,849,-344
7,849,-343
7,849,-342
7,849,-341
7,849,-340
7,850,-340
7,850,-339
7,851,-339
7,852,-339
7,853,-339
7,854,-339
7,855,-339
7,856,-339
7,857,-339
7,858,-339
7,859,-339
7,860,-339
7,861,-339
7,862,-339
7,863,-339
7,863,-338
7,863,-337
7,863,-336
7,863,-335
7,863,-334
7,863,-333
7,863,-332
7,863,-331
7,863,-330
7,863,-329
7,863,-328
7,863,-327
7,863,-326
7,863,-325
7,863,-324
7,863,-323
7,863,-322
7,863,-321
7,863,-320
7,863,-319
7,863,-318
7,863,-317
7,863,-316
7,863,-315
7,863,-314
7,863,-313
7,863,-312
7,863,-311
7,863,-310
7,863,-309
7,863,-308
7,863,-307
7,863,-306
7,863,-305
7,863,-304
7,863,-303
7,863,-302
7,863,-301
7,863,-300
7,863,-299
7,863,-298
7,863,-297
7,863,-296
7,863,-295
7,863,-294
7,863,-293
7,863,-292
7,863,-291
7,863,-290
7,863,-289
7,863,-288
7,863,-287
7,863,-286
7,863,-285
7,863,-284
7,863,-283
7,863,-282
7,863,-281
7,862,-281
7,862,-280
7,862,-279
7,862,-278
7,862,-277
7,862,-276
7,862,-275
7,862,-274
7,862,-273
7,862,-272
7,862,-271
7,862,-270
7,862,-269
7,862,-268
7,862,-267
7,862,-266
7,862,-265
7,862,-264
7,862,-263
7,862,-262
31,569,-225
31,569,-226
31,569,-227
31,569,-228
31,569,-229
29,531,-159
29,531,-160
29,531,-161
29,531,-162
19,530,-163
19,530,-164
19,530,-165
19,530,-166
19,530,-167
19,530,-168
19,530,-169
19,530,-170
19,530,-171
19,530,-172
19,531,-172
19,531,-173
19,531,-174
19,531,-175
19,531,-176
19,531,-177
19,531,-178
19,531,-179
19,531,-180
19,531,-181
19,531,-182
19,532,-182
19,532,-183
19,532,-184
19,532,-185
19,532,-186
19,532,-187
19,532,-188
19,532,-189
19,531,-189
19,530,-189
19,530,-188
19,529,-188
19,529,-187
19,528,-186
19,528,-185
19,527,-184
19,527,-183
19,526,-182
19,526,-181
19,525,-181
19,525,-180
19,525,-179
19,524,-178
19,524,-177
19,523,-177
19,523,-176
19,523,-175
19,522,-175
19,522,-174
19,522,-173
19,521,-173
19,521,-172
19,520,-171
19,520,-170
19,520,-169
19,519,-169
19,519,-168
19,518,-167
19,518,-166
19,518,-165
19,518,-164
19,517,-163
19,517,-162
19,516,-161
19,516,-160
19,516,-159
19,516,-158
19,516,-157
19,516,-156
19,516,-155
19,515,-154
19,515,-153
19,515,-152
19,515,-151
19,515,-150
19,515,-149
19,515,-148
19,515,-147
19,515,-146
19,514,-145
19,514,-144
19,514,-143
19,514,-142
19,514,-141
19,514,-140
19,514,-139
19,514,-138
19,514,-137
19,514,-136
19,515,-136
19,516,-136
19,517,-136
19,517,-137
19,517,-138
19,518,-138
19,518,-139
19,519,-140
19,519,-141
19,520,-142
19,520,-143
19,521,-143
19,521,-144
19,521,-145
19,522,-145
19,522,-146
19,523,-147
19,523,-148
19,524,-148
19,524,-149
19,524,-150
19,525,-150
19,525,-151
19,526,-152
19,526,-153
19,527,-154
19,527,-155
19,528,-156
28,516,-162
28,515,-162
28,514,-161
28,514,-160
28,515,-160
16,514,-163
16,514,-164
16,514,-165
16,514,-166
16,514,-167
16,514,-168
16,514,-169
16,514,-170
16,514,-171
16,514,-172
16,515,-173
16,515,-174
16,515,-175
16,515,-176
16,515,-177
16,515,-178
16,515,-179
16,515,-180
16,515,-181
16,516,-182
16,516,-183
16,516,-184
16,516,-185
16,516,-186
16,516,-187
16,515,-187
16,514,-187
16,513,-186
16,513,-185
16,513,-184
16,512,-184
16,512,-183
16,511,-182
16,511,-181
16,511,-180
16,510,-180
16,510,-179
16,510,-178
16,509,-178
16,509,-177
16,509,-176
16,508,-176
16,508,-175
16,508,-174
16,507,-174
16,507,-173
16,506,-172
16,506,-171
16,506,-170
16,505,-170
16,505,-169
16,504,-168
16,504,-167
16,503,-166
16,503,-165
16,503,-164
16,502,-164
16,502,-163
16,501,-163
16,501,-162
16,500,-161
16,500,-160
16,499,-160
16,498,-160
16,497,-160
16,497,-161
16,497,-162
16,497,-163
16,497,-164
16,497,-165
16,498,-166
16,498,-167
16,498,-168
16,498,-169
16,498,-170
16,498,-171
16,499,-172
16,499,-173
16,499,-174
16,499,-175
16,499,-176
16,500,-177
16,500,-178
16,500,-179
16,500,-180
16,500,-181
16,501,-183
16,501,-184
16,501,-185
16,501,-186
16,501,-187
16,500,-186
16,499,-184
16,498,-182
16,497,-181
16,497,-180
16,496,-179
16,496,-178
16,495,-177
16,495,-176
16,494,-175
16,494,-174
16,493,-172
16,492,-170
16,491,-168
16,490,-166
16,489,-164
16,488,-162
16,488,-161
16,487,-160
16,487,-159
16,486,-158
16,486,-157
16,485,-156
16,485,-155
16,484,-153
16,483,-151
16,482,-149
16,481,-147
16,480,-145
16,479,-143
16,478,-141
16,477,-139
16,476,-137
16,475,-135
16,474,-133
16,473,-131
16,472,-129
16,471,-127
16,470,-125
16,469,-123
16,468,-121
16,467,-119
16,466,-117
16,465,-116
16,465,-115
16,464,-114
16,464,-113
16,463,-112
16,463,-111
16,462,-109
16,462,-108
16,461,-107
16,461,-106
16,460,-104
16,460,-103
16,459,-101
16,458,-99
16,457,-97
16,457,-96
16,457,-95
16,457,-94
16,456,-92
16,456,-91
16,456,-90
16,456,-89
16,456,-88
16,456,-87
16,456,-86
16,456,-85
16,456,-84
16,456,-83
16,456,-82
16,456,-81
16,456,-80
16,457,-80
16,458,-80
16,458,-81
16,459,-82
16,460,-83
16,460,-84
16,461,-85
16,461,-86
16,462,-87
16,462,-88
16,463,-88
16,463,-89
16,464,-90
16,464,-91
16,465,-92
16,465,-93
16,466,-94
16,466,-95
16,467,-95
16,467,-96
16,467,-97
16,468,-97
16,468,-98
16,469,-99
16,469,-100
16,470,-101
16,470,-102
16,471,-103
16,471,-104
16,472,-104
16,472,-105
16,473,-106
16,473,-107
16,474,-107
16,475,-107
16,476,-107
16,476,-106
16,476,-105
16,476,-104
16,476,-103
16,476,-102
16,476,-101
16,476,-100
16,475,-99
16,475,-98
16,475,-97
16,475,-96
16,475,-95
16,475,-94
16,475,-93
16,475,-92
16,476,-92
16,477,-92
16,478,-93
16,478,-94
16,479,-95
16,479,-96
16,480,-97
16,481,-98
16,481,-99
16,481,-100
16,482,-100
16,482,-101
16,483,-102
16,483,-103
16,484,-103
16,484,-104
16,485,-105
16,485,-106
16,486,-107
16,486,-108
16,487,-109
16,487,-110
16,488,-111
16,489,-112
16,489,-113
16,490,-114
16,490,-115
16,491,-116
16,491,-117
16,492,-118
16,492,-119
16,493,-119
16,493,-120
16,494,-121
16,494,-122
16,495,-123
16,495,-124
16,496,-125
16,496,-126
16,497,-126
16,497,-127
16,498,-128
16,498,-129
16,499,-130
16,499,-131
16,500,-132
16,500,-133
16,501,-133
16,501,-134
16,501,-135
16,502,-135
16,502,-136
16,503,-137
16,503,-138
16,504,-139
16,504,-140
16,505,-141
16,505,-142
16,506,-142
16,506,-143
16,506,-144
16,507,-144
16,507,-145
16,508,-146
16,508,-147
16,509,-148
16,509,-149
16,510,-150
16,510,-151
16,511,-152
16,511,-153
26,176,-962
26,176,-961
26,176,-960
26,176,-959
26,177,-959
26,177,-958
26,177,-957
26,177,-956
26,177,-955
26,176,-955
26,175,-955
26,174,-955
26,174,-956
26,174,-957
26,173,-957
26,172,-958
26,171,-958
26,171,-959
26,170,-960
26,170,-961
26,170,-962
26,170,-963
26,170,-964
2,177,-951
2,178,-950
2,178,-949
2,179,-949
2,180,-948
2,180,-947
2,180,-946
2,181,-946
2,181,-945
2,182,-944
2,182,-943
2,183,-943
2,183,-942
2,183,-941
2,184,-941
2,185,-940
2,185,-939
2,185,-938
2,186,-938
2,187,-937
2,187,-936
2,187,-935
2,188,-934
2,189,-934
2,189,-933
2,190,-932
2,190,-931
2,191,-930
2,191,-929
2,192,-929
2,192,-928
2,193,-928
2,193,-927
2,193,-926
2,194,-926
2,194,-925
2,195,-925
2,195,-924
2,195,-923
2,196,-923
2,196,-922
2,197,-921
2,198,-920
2,198,-919
2,199,-919
2,199,-918
2,199,-917
2,200,-917
2,200,-916
2,201,-916
2,201,-915
2,201,-914
2,202,-914
2,202,-913
2,202,-912
2,202,-911
2,202,-910
2,202,-909
2,202,-908
2,202,-907
2,202,-906
2,201,-906
2,200,-906
2,199,-906
2,198,-906
2,197,-906
2,196,-906
2,195,-906
2,194,-906
2,193,-906
2,192,-906
2,191,-906
2,190,-906
2,189,-906
2,188,-906
2,187,-906
2,186,-906
2,185,-906
2,184,-906
2,183,-906
2,183,-907
2,182,-907
2,181,-907
2,180,-907
2,179,-907
2,178,-907
2,177,-907
2,177,-908
2,176,-908
2,175,-908
2,174,-908
2,173,-908
2,172,-908
2,171,-908
2,171,-909
2,170,-909
2,169,-909
2,168,-909
2,167,-909
2,166,-909
2,165,-909
2,165,-910
2,164,-910
2,163,-910
2,162,-910
2,161,-910
2,160,-910
2,160,-909
2,160,-908
2,160,-907
2,160,-906
2,160,-905
2,160,-904
2,161,-904
2,161,-903
2,162,-902
2,163,-901
2,164,-900
2,164,-899
2,165,-898
2,165,-897
2,166,-897
2,166,-896
2,167,-896
2,167,-895
2,167,-894
2,168,-893
2,169,-893
2,169,-892
2,170,-891
2,170,-890
2,171,-890
2,171,-889
2,172,-889
2,172,-888
2,173,-887
2,174,-886
2,175,-885
2,175,-884
2,176,-884
2,176,-883
2,176,-882
2,177,-882
2,178,-881
2,178,-880
2,179,-879
2,180,-878
2,180,-877
2,181,-876
2,182,-875
2,183,-874
2,183,-873
2,184,-873
2,185,-872
2,185,-871
2,186,-871
2,186,-870
2,186,-869
2,187,-869
2,187,-868
2,188,-867
2,189,-867
2,189,-866
2,190,-865
2,190,-864
2,191,-864
2,191,-863
2,191,-862
2,191,-861
2,191,-860
2,191,-859
2,191,-858
2,191,-857
2,191,-856
2,190,-856
2,189,-856
2,188,-856
2,187,-856
2,186,-856
2,185,-856
2,184,-856
2,183,-856
2,182,-856
2,181,-856
2,180,-856
2,179,-857
2,178,-857
2,177,-857
2,176,-857
2,175,-857
2,175,-858
2,174,-858
2,173,-858
2,172,-858
2,171,-858
2,170,-858
2,170,-859
2,169,-859
2,168,-859
2,167,-859
2,166,-859
2,166,-860
2,165,-860
2,164,-860
2,163,-860
2,162,-860
2,161,-860
2,160,-860
2,160,-859
2,424,-76
2,424,-75
2,423,-74
2,423,-73
2,422,-72
2,422,-71
2,421,-70
2,421,-69
2,420,-68
2,419,-66
2,418,-64
2,417,-62
2,416,-61
2,416,-60
2,415,-59
2,415,-58
2,414,-57
2,414,-56
2,413,-55
2,413,-54
2,412,-53
2,411,-51
2,410,-50
2,410,-49
2,409,-48
2,409,-47
2,408,-46
2,408,-45
2,407,-44
2,406,-43
2,406,-42
2,405,-41
2,405,-40
2,404,-39
2,404,-38
2,403,-37
2,403,-36
2,402,-35
2,401,-33
2,400,-32
2,400,-31
2,399,-30
2,398,-28
2,397,-27
2,397,-26
2,396,-25
2,396,-24
2,395,-23
2,394,-21
2,393,-20
2,393,-19
2,392,-18
2,392,-17
2,391,-16
2,390,-14
2,389,-14
2,388,-14
2,387,-14
2,387,-15
2,387,-16
2,387,-17
2,387,-18
2,387,-19
2,387,-20
2,386,-20
2,385,-19
2,385,-18
2,384,-17
2,383,-15
2,382,-13
2,381,-11
2,380,-10
2,379,-8
2,378,-7
2,378,-6
2,377,-5
2,376,-3
2,375,-2
2,375,-1
2,374,0
2,374,1
2,373,2
2,372,3
2,372,4
2,371,5
2,370,7
2,369,9
2,368,10
2,367,12
2,366,13
2,366,14
2,365,15
2,364,16
2,364,17
2,363,18
2,362,20
2,361,21
2,361,22
2,360,23
2,359,25
2,358,26
2,357,28
2,356,29
2,356,30
2,355,31
2,354,32
2,353,34
2,352,35
2,352,36
2,351,37
2,350,38
2,350,39
2,349,40
2,348,41
2,348,42
2,347,43
2,346,44
2,346,45
2,345,46
2,344,47
2,344,48
2,343,49
2,342,50
2,342,51
2,341,52
2,340,53
2,340,54
2,339,55
2,338,56
2,338,57
2,337,58
2,336,59
2,336,60
2,335,61
2,334,63
2,333,64
2,332,65
2,332,66
2,331,67
2,330,68
2,329,70
2,328,71
2,327,72
2,327,73
2,326,74
2,325,75
2,325,76
2,324,77
2,323,78
2,322,79
2,322,80
2,321,81
2,320,82
2,320,83
2,319,84
2,318,85
2,317,87
2,316,88
2,315,89
2,315,90
2,314,91
2,313,92
2,312,93
2,312,94
2,311,95
2,310,96
2,309,97
2,309,98
2,308,99
2,307,100
2,307,101
2,306,102
2,305,103
2,304,104
2,304,105
2,303,106
2,302,107
2,301,108
2,301,109
2,300,110
2,299,111
2,298,112
2,298,113
2,297,114
2,296,115
2,295,116
2,294,118
2,293,119
2,292,120
2,291,122
2,290,123
2,289,124
2,288,125
2,288,126
2,287,127
2,286,128
2,285,129
2,285,130
2,284,130
2,284,131
2,283,132
2,282,133
2,281,134
2,281,135
2,280,136
2,279,137
2,278,138
2,277,139
2,277,140
2,276,141
2,275,142
2,274,143
2,273,144
2,273,145
2,272,146
2,271,147
2,270,148
2,269,149
2,269,150
2,268,151
2,267,152
2,266,153
2,265,154
2,265,155
2,264,155
2,264,156
2,263,157
2,262,158
2,261,159
2,260,160
2,260,161
2,259,162
2,258,163
2,257,164
2,256,165
2,255,166
2,255,167
2,254,168
2,253,169
2,252,170
2,251,171
2,250,172
2,250,173
2,249,174
2,248,175
2,247,176
2,246,177
2,245,178
2,245,179
2,244,179
2,244,180
2,243,181
2,242,182
2,241,183
2,240,184
2,239,185
2,239,186
2,238,186
2,238,187
2,237,188
2,236,189
2,235,190
2,234,191
2,233,192
2,233,193
2,232,193
2,232,194
2,231,195
2,230,196
2,229,197
2,228,198
2,227,199
2,226,200
2,226,201
2,225,201
2,225,202
2,224,203
2,223,204
2,222,205
2,221,206
2,220,207
2,219,208
2,218,209
2,218,210
2,217,210
2,217,211
2,216,212
2,215,213
2,214,214
2,213,215
2,212,216
2,211,217
2,210,218
2,209,219
2,209,220
2,208,220
2,208,221
2,207,221
2,207,222
2,206,223
2,205,224
2,204,225
2,203,226
2,202,227
2,201,228
2,200,229
2,199,230
2,198,231
2,198,232
2,197,232
2,197,233
2,196,234
2,195,235
2,195,236
2,194,236
2,194,237
2,194,238
2,194,239
2,194,240
2,194,241
2,194,242
2,194,243
2,194,244
2,194,245
2,193,246
2,192,247
2,191,248
2,190,249
2,189,250
2,188,251
2,187,252
2,187,253
2,186,253
2,185,254
2,185,255
2,184,255
2,184,256
2,183,257
2,182,258
2,181,259
2,180,260
2,179,261
2,178,262
2,177,263
2,176,264
2,175,265
2,174,266
2,173,267
2,172,268
2,171,269
2,171,270
2,170,270
2,170,271
2,169,271
2,169,272
2,168,273
2,167,274
2,166,275
2,166,276
2,166,277
2,166,278
2,166,279
2,166,280
2,166,281
2,166,282
2,167,282
2,168,282
2,168,283
2,169,283
2,170,283
2,170,284
2,171,284
2,172,284
2,172,285
2,173,285
2,174,285
2,174,286
2,175,286
2,176,286
2,176,287
2,177,287
2,177,288
2,178,288
2,179,288
2,179,289
2,180,289
2,181,289
2,181,290
2,182,290
2,182,291
2,183,291
2,184,291
2,184,292
2,185,292
2,186,292
2,186,293
2,187,293
2,187,294
2,188,294
2,189,294
2,189,295
2,190,295
2,190,296
2,191,296
2,192,296
2,192,297
2,193,297
2,193,298
2,194,298
2,195,298
2,195,299
2,196,299
2,197,299
2,198,298
2,199,297
2,200,296
2,201,295
2,201,294
2,202,294
2,202,293
2,203,293
2,203,292
2,204,292
2,204,291
2,205,290
2,206,289
2,207,288
2,207,287
2,208,287
2,209,286
2,209,285
2,210,285
2,210,284
2,211,284
2,211,283
2,212,283
2,212,282
2,213,281
2,214,280
2,215,279
2,216,278
2,216,277
2,217,277
2,217,276
2,218,276
2,219,276
2,220,275
2,221,275
2,222,275
2,223,275
2,224,275
2,225,275
2,226,275
2,227,275
2,227,276
2,228,276
2,229,276
2,230,275
2,231,274
2,232,273
2,232,272
2,233,272
2,233,271
2,234,271
2,234,270
2,235,270
2,235,269
2,236,269
2,236,268
2,237,267
2,238,266
2,238,265
2,239,265
2,239,264
2,240,264
2,240,263
2,241,263
2,241,262
2,242,261
2,243,260
2,244,259
2,245,258
2,245,257
2,246,257
2,247,256
2,248,255
2,248,254
2,249,254
2,250,254
2,251,253
2,252,253
2,253,253
2,254,253
2,255,253
2,256,253
2,257,253
2,257,254
2,258,254
2,258,255
2,258,256
2,258,257
2,257,258
2,256,259
2,256,260
2,255,260
2,255,261
2,254,261
2,254,262
2,253,262
2,253,263
2,252,264
2,252,265
2,251,265
2,251,266
2,250,266
2,250,267
2,249,267
2,249,268
2,248,268
2,248,269
2,247,269
2,247,270
2,246,271
2,246,272
2,245,272
2,245,273
2,244,273
2,244,274
2,243,274
2,243,275
2,242,275
2,242,276
2,241,276
2,241,277
2,240,278
2,239,279
2,239,280
2,238,280
2,238,281
2,237,281
2,237,282
2,236,282
2,236,283
2,235,284
2,234,285
2,234,286
2,233,286
2,233,287
2,232,287
2,232,288
2,231,288
2,231,289
2,230,289
2,230,290
2,229,290
2,229,291
2,228,292
2,228,293
2,227,293
2,227,294
2,226,294
2,226,295
2,225,295
2,225,296
2,224,296
2,224,297
2,223,297
2,223,298
2,222,299
2,221,300
2,221,301
2,220,301
2,220,302
2,219,302
2,219,303
2,218,303
2,218,304
2,217,304
2,217,305
2,216,306
2,215,307
2,215,308
2,214,308
2,214,309
2,213,309
2,213,310
2,212,310
2,212,311
2,211,311
2,211,312
2,210,312
2,210,313
2,209,314
2,209,315
2,208,315
2,208,316
2,207,316
2,207,317
2,206,317
2,206,318
2,205,318
2,205,319
2,204,320
2,203,321
2,202,322
2,202,323
2,201,323
2,201,324
2,200,324
2,200,325
2,199,325
2,199,326
2,198,326
2,198,327
2,197,327
2,197,328
2,196,328
2,196,329
2,195,330
2,195,331
2,194,331
2,194,332
2,193,332
2,193,333
2,192,333
2,192,334
2,191,334
2,191,335
2,190,336
2,189,337
2,188,338
2,188,339
2,187,339
2,186,340
2,186,341
2,185,341
2,185,342
2,184,342
2,184,343
2,183,344
2,182,345
2,182,346
2,181,346
2,181,347
2,180,347
2,180,348
2,179,348
2,179,349
2,178,349
2,178,350
2,177,350
2,177,351
2,176,351
2,176,352
2,175,353
2,174,354
2,174,355
2,173,355
2,173,356
2,172,356
2,172,357
2,171,357
2,171,358
2,170,358
2,170,359
2,169,359
2,169,360
2,168,360
2,168,361
2,167,361
2,167,362
2,166,363
2,166,364
2,165,364
2,165,365
2,164,365
2,164,366
2,163,366
2,163,367
2,162,367
2,162,368
2,161,368
2,161,369
2,160,370
2,160,371
2,159,371
2,159,372
2,158,372
2,158,373
2,157,373
2,157,374
2,156,374
2,156,375
2,155,375
2,155,376
2,154,376
2,154,377
2,153,377
2,153,378
2,152,379
2,152,380
2,151,380
2,151,381
2,150,381
2,150,382
2,149,382
2,149,383
2,148,383
2,148,384
2,147,384
2,147,385
2,146,385
2,146,386
2,145,386
2,145,387
2,144,388
2,143,389
2,143,390
2,142,390
2,142,391
2,141,391
2,141,392
2,140,392
2,140,393
2,139,394
2,138,394
2,138,395
2,137,396
2,137,397
2,136,397
2,136,398
2,135,398
2,135,399
2,134,399
2,134,400
2,133,400
2,133,401
2,132,401
2,132,402
2,131,402
2,131,403
2,131,404
2,130,404
2,130,405
2,129,405
2,129,406
2,128,406
2,128,407
2,127,407
2,127,408
2,126,408
2,126,409
2,125,409
2,125,410
2,124,410
2,124,411
2,123,411
2,123,412
2,122,413
2,122,414
2,121,414
2,121,415
2,120,415
2,120,416
2,119,416
2,119,417
2,118,417
2,118,418
2,117,418
2,117,419
2,116,419
2,116,420
2,116,421
2,115,421
2,115,422
2,114,422
2,114,423
2,113,423
2,113,424
2,112,424
2,112,425
2,111,425
2,111,426
2,110,426
2,110,427
2,109,427
2,109,428
2,109,429
2,108,429
2,108,430
2,107,430
2,107,431
2,106,431
2,106,432
2,105,432
2,105,433
2,104,433
2,104,434
2,103,434
2,103,435
2,102,435
2,102,436
2,102,437
2,101,437
2,101,438
2,100,438
2,100,439
2,99,439
2,99,440
2,98,440
2,98,441
2,97,441
2,97,442
2,96,442
2,96,443
2,95,444
2,95,445
2,94,445
2,94,446
2,93,446
2,93,447
2,92,447
2,92,448
2,91,448
2,91,449
2,90,449
2,90,450
2,89,450
2,89,451
2,89,452
2,88,452
2,88,453
2,87,453
2,87,454
2,86,454
2,86,455
2,85,455
2,85,456
2,84,456
2,84,457
2,83,457
2,83,458
2,82,458
2,82,459
2,82,460
2,81,460
2,81,461
2,80,461
2,80,462
2,79,462
2,79,463
2,78,463
2,78,464
2,77,464
2,77,465
2,76,465
2,76,466
2,76,467
2,75,467
2,75,468
2,74,468
2,74,469
2,73,469
2,73,470
2,72,470
2,72,471
2,71,471
2,71,472
2,70,472
2,70,473
2,70,474
2,69,474
2,69,475
2,68,475
2,68,476
2,67,476
2,67,477
2,66,477
2,66,478
2,65,478
2,65,479
2,64,479
2,64,480
2,64,481
2,63,481
2,63,482
2,62,482
2,62,483
2,61,483
2,61,484
2,60,484
2,60,485
2,59,485
2,59,486
2,58,486
2,58,487
2,58,488
2,57,488
2,57,489
2,56,489
2,56,490
2,55,490
2,55,491
2,54,491
2,54,492
2,53,492
2,53,493
2,53,494
2,52,494
2,52,495
2,51,495
2,51,496
2,50,496
2,50,497
2,49,497
2,49,498
2,48,498
2,48,499
2,48,500
2,47,500
2,47,501
2,46,501
2,46,502
2,45,502
2,45,503
2,44,503
2,44,504
2,43,504
2,43,505
2,43,506
2,42,506
2,42,507
2,41,507
2,41,508
2,40,508
2,40,509
2,39,509
2,39,510
2,38,511
2,37,511
2,37,512
2,37,513
2,36,513
2,36,514
2,35,514
2,35,515
2,34,515
2,34,516
2,33,516
2,33,517
2,33,518
2,32,518
2,32,519
2,31,519
2,31,520
2,30,520
2,30,521
2,29,521
2,29,522
2,28,522
2,28,523
2,28,524
2,27,524
2,27,525
2,26,525
2,26,526
2,25,526
2,25,527
2,24,527
2,24,528
2,24,529
2,23,529
2,23,530
2,22,530
2,22,531
2,21,531
2,21,532
2,20,532
2,20,533
2,19,533
2,19,534
2,19,535
2,18,535
2,18,536
2,17,536
2,17,537
2,16,537
2,16,538
2,15,538
2,15,539
2,15,540
2,14,540
2,14,541
2,13,541
2,13,542
2,12,542
2,12,543
2,11,543
2,11,544
2,11,545
2,10,545
2,10,546
2,9,546
2,9,547
2,8,547
2,8,548
2,7,548
2,7,549
2,7,550
2,6,550
2,6,551
2,5,551
2,5,552
2,4,552
2,4,553
2,3,553
2,3,554
2,3,555
2,2,555
2,2,556
2,1,556
2,1,557
2,0,557
2,0,558
2,0,559
2,-1,559
2,-1,560
2,-2,560
2,-2,561
2,-3,561
2,-3,562
2,-4,562
2,-4,563
2,-4,564
2,-5,564
2,-5,565
2,-6,565
2,-6,566
2,-7,566
2,-7,567
2,-7,568
2,-8,568
2,-8,569
2,-9,569
2,-9,570
2,-10,570
2,-10,571
2,-11,571
2,-11,572
2,-11,573
2,-12,573
2,-12,574
2,-13,574
2,-13,575
2,-14,575
2,-14,576
2,-14,577
2,-15,577
2,-15,578
2,-16,578
2,-16,579
2,-17,579
2,-17,580
2,-17,581
2,-18,581
2,-18,582
2,-19,582
2,-19,583
2,-20,583
2,-20,584
2,-21,584
2,-21,585
2,-21,586
2,-22,586
2,-22,587
2,-23,587
2,-23,588
2,-23,589
2,-24,589
2,-24,590
2,-25,590
2,-25,591
2,-26,591
2,-26,592
2,-27,592
2,-27,593
2,-27,594
2,-28,594
2,-28,595
2,-29,595
2,-29,596
2,-29,597
2,-30,597
2,-30,598
2,-31,598
2,-31,599
2,-32,599
2,-32,600
2,-32,601
2,-33,601
2,-33,602
2,-34,602
2,-34,603
2,-35,603
2,-35,604
2,-35,605
2,-36,605
2,-36,606
2,-37,606
2,-37,607
2,-37,608
2,-38,608
2,-38,609
2,-39,609
2,-39,610
2,-40,610
2,-40,611
2,-40,612
2,-41,612
2,-41,613
2,-42,613
2,-42,614
2,-43,614
2,-43,615
2,-43,616
2,-44,616
2,-44,617
2,-45,617
2,-45,618
2,-45,619
2,-46,619
2,-46,620
2,-47,620
2,-47,621
2,-47,622
2,-48,622
2,-48,623
2,-49,623
2,-49,624
2,-49,625
2,-50,625
2,-50,626
2,-51,626
2,-51,627
2,-52,627
2,-52,628
2,-52,629
2,-53,629
2,-53,630
2,-54,630
2,-54,631
2,-54,632
2,-55,632
2,-55,633
2,-56,633
2,-56,634
2,-56,635
2,-57,635
2,-57,636
2,-58,636
2,-58,637
2,-58,638
2,-59,638
2,-59,639
2,-60,639
2,-60,640
2,-60,641
2,-61,641
2,-61,642
2,-62,642
2,-62,643
2,-62,644
2,-63,644
2,-63,645
2,-64,645
2,-64,646
2,-64,647
2,-65,647
2,-65,648
2,-66,648
2,-66,649
2,-66,650
2,-67,650
2,-67,651
2,-68,651
2,-68,652
2,-68,653
2,-69,653
2,-69,654
2,-70,654
2,-70,655
2,-70,656
2,-71,656
2,-71,657
2,-72,657
2,-72,658
2,-72,659
2,-73,659
2,-73,660
2,-74,660
2,-74,661
2,-74,662
2,-75,662
2,-75,663
2,-76,663
2,-76,664
2,-76,665
2,-76,666
2,-77,666
2,-77,667
2,-77,668
2,-77,669
2,-76,669
2,-75,669
2,-74,669
2,-73,669
2,-72,669
2,-71,669
2,-70,669
2,-69,669
2,-68,669
2,-67,669
2,-66,669
2,-66,670
2,-65,670
2,-64,670
2,-64,671
2,-64,672
2,-64,673
2,-64,674
2,-64,675
2,-65,675
2,-65,676
2,-65,677
2,-66,677
2,-66,678
2,-67,678
2,-67,679
2,-67,680
2,-68,680
2,-68,681
2,-68,682
2,-69,682
2,-69,683
2,-70,683
2,-70,684
2,-70,685
2,-71,685
2,-71,686
2,-71,687
2,-71,688
2,-71,689
2,-71,690
2,-70,690
2,-69,690
2,-68,690
2,-67,690
2,-66,690
2,-65,690
2,-64,690
2,-63,690
2,-62,690
2,-61,690
2,-61,691
2,-60,691
2,-60,692
2,-60,693
2,-60,694
2,-60,695
2,-60,696
2,-60,697
2,-60,698
2,-61,698
2,-61,699
2,-61,700
2,-62,700
2,-62,701
2,-63,701
2,-63,702
2,-63,703
2,-64,703
2,-64,704
2,-64,705
2,-65,705
2,-65,706
2,-65,707
2,-66,707
2,-66,708
2,-66,709
2,-66,710
2,-66,711
2,-66,712
2,-65,712
2,-64,712
2,-63,712
2,-62,712
2,-61,712
2,-60,712
2,-59,712
2,-58,712
2,-57,712
2,-56,712
2,-55,712
2,-54,712
2,-53,712
2,-52,712
2,-52,713
2,-51,713
2,-50,713
2,-49,713
2,-48,713
2,-47,713
2,-46,713
2,-45,713
2,-44,713
2,-43,713
2,-42,713
2,-41,713
2,-40,713
2,-39,713
2,-38,713
2,-38,714
2,-37,714
2,-36,714
2,-35,714
2,-34,714
2,-33,714
2,-32,714
2,-31,714
2,-30,714
2,-29,714
2,-28,714
2,-27,714
2,-27,715
2,-26,715
2,-25,715
2,-24,715
2,-23,715
2,-22,715
2,-21,715
2,-20,715
2,-19,715
2,-18,715
2,-18,716
2,-17,716
2,-16,716
2,-15,716
2,-14,716
2,-13,716
2,-12,716
2,-11,716
2,-10,716
2,-10,717
2,-9,717
2,-8,717
2,-7,717
2,-6,717
2,-5,717
2,-4,717
2,-3,717
2,-3,718
2,-2,718
2,-1,718
2,0,718
2,1,718
2,2,718
2,3,718
2,3,719
2,4,719
2,5,719
2,6,719
2,7,719
2,8,719
2,9,719
2,9,720
2,10,720
2,11,720
2,12,720
2,13,720
2,14,720
2,15,720
2,15,721
2,16,721
2,17,721
2,18,721
2,19,721
2,20,721
2,20,722
2,21,722
2,22,722
2,23,722
2,24,722
2,24,723
2,25,723
2,26,723
2,27,723
2,28,723
2,29,723
2,29,724
2,30,724
2,31,724
2,32,724
2,33,724
2,34,724
2,34,725
2,35,725
2,36,725
2,37,725
2,37,726
2,38,726
2,39,726
2,40,726
2,41,726
2,42,726
2,42,727
2,43,727
2,44,727
2,45,727
2,46,727
2,46,728
2,47,728
2,48,728
2,49,728
2,49,729
2,50,729
2,51,729
2,52,729
2,53,729
2,53,730
2,54,730
2,55,730
2,56,730
2,57,730
2,57,731
2,58,731
2,59,731
2,60,731
2,60,732
2,61,732
2,62,732
2,63,732
2,63,733
2,64,733
2,65,733
2,66,733
2,66,734
2,67,734
2,68,734
2,69,734
2,69,735
2,70,735
2,71,735
2,72,735
2,72,736
2,73,736
2,74,736
2,75,736
2,75,737
2,76,737
2,77,737
2,78,737
2,78,738
2,79,738
2,80,738
2,81,738
2,81,739
2,82,739
2,83,739
2,84,739
2,84,740
2,85,740
2,86,740
2,87,740
2,87,741
2,88,741
2,89,741
2,89,742
2,90,742
2,91,742
2,92,742
2,92,743
2,93,743
2,94,743
2,95,743
2,95,744
2,96,744
2,97,744
2,97,745
2,98,745
2,99,745
2,99,746
2,100,746
2,101,746
2,102,746
2,102,747
2,103,747
2,104,747
2,104,748
2,105,748
2,106,748
2,107,748
2,107,749
2,108,749
2,109,749
2,109,750
2,110,750
2,111,750
2,111,751
2,112,751
2,113,751
2,114,751
2,114,752
2,115,752
2,116,752
2,116,753
2,117,753
2,118,753
2,118,754
2,119,754
2,120,754
2,120,755
2,121,755
2,122,755
2,122,756
2,123,756
2,124,756
2,124,757
2,125,757
2,126,757
2,126,758
2,127,758
2,128,758
2,129,758
2,129,759
2,130,759
2,131,759
2,131,760
2,132,760
2,133,760
2,133,761
2,134,761
2,134,762
2,135,762
2,136,762
2,137,762
2,137,763
2,138,763
2,138,764
2,139,764
2,140,764
2,140,765
2,141,765
2,142,765
2,142,766
2,143,766
2,144,766
2,144,767
2,145,767
2,146,767
2,146,768
2,147,768
2,148,768
2,148,769
2,149,769
2,149,770
2,150,770
2,151,770
2,151,771
2,152,771
2,153,771
2,153,772
2,154,772
2,155,772
2,155,773
2,156,773
2,157,773
2,157,774
2,158,774
2,158,775
2,159,775
2,160,775
2,160,776
2,161,776
2,162,776
2,162,777
2,163,777
2,163,778
2,164,778
2,165,778
2,165,779
2,166,779
2,166,780
2,167,780
2,168,780
2,168,781
2,169,781
2,170,781
2,170,782
2,171,782
2,171,783
2,172,783
2,173,783
2,173,784
2,174,784
2,174,785
2,175,785
2,176,785
2,176,786
2,177,786
2,177,787
2,178,787
2,179,787
2,179,788
2,180,788
2,181,788
2,182,788
2,183,788
2,184,788
2,185,788
2,185,787
2,185,786
2,186,786
2,186,785
2,186,784
2,187,784
2,187,783
2,187,782
2,187,781
2,188,781
2,188,780
2,188,779
2,189,779
2,189,778
2,189,777
2,190,777
2,190,776
2,190,775
2,191,775
2,191,774
2,192,774
2,193,774
2,194,774
2,195,774
2,196,774
2,197,774
2,198,774
2,199,774
2,199,775
2,200,775
2,201,775
2,201,776
2,202,776
2,202,777
2,203,777
2,203,778
2,204,778
2,205,778
2,206,778
2,207,778
2,207,777
2,207,776
2,208,776
2,208,775
2,208,774
2,208,773
2,209,773
2,209,772
2,209,771
2,210,771
2,210,770
2,210,769
2,211,769
2,211,768
2,211,767
2,211,766
2,212,766
2,212,765
2,213,765
2,213,764
2,214,764
2,215,764
2,216,764
2,217,764
2,218,764
2,219,764
2,220,764
2,221,764
2,221,765
2,222,765
2,223,765
2,223,766
2,224,766
2,224,767
2,225,767
2,225,768
2,226,768
2,227,768
2,228,768
2,229,768
2,229,767
2,229,766
2,230,766
2,230,765
2,230,764
2,231,764
2,231,763
2,231,762
2,231,761
2,232,761
2,232,760
2,232,759
2,233,759
2,233,758
2,233,757
2,234,757
2,234,756
2,234,755
2,235,755
2,235,754
2,235,753
2,236,753
2,236,752
2,236,751
2,236,750
2,237,750
2,237,749
2,237,748
2,238,748
2,238,747
2,238,746
2,239,746
2,239,745
2,239,744
2,240,744
2,240,743
2,240,742
2,241,742
2,241,741
2,241,740
2,242,740
2,242,739
2,242,738
2,242,737
2,243,737
2,243,736
2,243,735
2,244,735
2,244,734
2,244,733
2,245,733
2,245,732
2,245,731
2,246,731
2,246,730
2,246,729
2,247,729
2,247,728
2,247,727
2,248,727
2,248,726
2,248,725
2,249,725
2,249,724
2,249,723
2,250,723
2,250,722
2,250,721
2,251,721
2,251,720
2,251,719
2,252,719
2,252,718
2,252,717
2,253,717
2,253,716
2,253,715
2,254,715
2,254,714
2,254,713
2,255,713
2,255,712
2,255,711
2,256,711
2,256,710
2,256,709
2,257,709
2,257,708
2,257,707
2,258,707
2,258,706
2,258,705
2,259,705
2,259,704
2,259,703
2,260,703
2,260,702
2,260,701
2,261,701
2,261,700
2,261,699
2,262,699
2,262,698
2,262,697
2,263,697
2,263,696
2,264,696
2,264,695
2,264,694
2,265,694
2,265,693
2,265,692
2,266,692
2,266,691
2,266,690
2,267,690
2,267,689
2,267,688
2,268,688
2,268,687
2,268,686
2,269,686
2,269,685
2,269,684
2,270,684
2,270,683
2,270,682
2,271,682
2,271,681
2,272,681
2,272,680
2,272,679
2,273,679
2,273,678
2,273,677
2,274,677
2,274,676
2,274,675
2,275,675
2,275,674
2,275,673
2,276,673
2,276,672
2,276,671
2,277,671
2,277,670
2,278,670
2,278,669
2,278,668
2,279,668
2,279,667
2,279,666
2,280,666
2,280,665
2,280,664
2,281,664
2,281,663
2,282,663
2,282,662
2,282,661
2,283,661
2,283,660
2,283,659
2,284,659
2,284,658
2,284,657
2,285,657
2,285,656
2,286,656
2,286,655
2,286,654
2,287,654
2,287,653
2,287,652
2,288,652
2,288,651
2,288,650
2,289,650
2,289,649
2,290,649
2,290,648
2,290,647
2,291,647
2,291,646
2,291,645
2,292,645
2,292,644
2,293,644
2,293,643
2,294,643
2,294,642
2,294,641
2,295,641
2,296,641
2,297,641
2,298,641
2,299,641
2,300,641
2,301,641
2,302,641
2,302,642
2,303,642
2,303,643
2,304,643
2,304,644
2,305,644
2,305,645
2,306,645
2,306,646
2,307,646
2,308,646
2,309,646
2,310,646
2,310,645
2,311,645
2,311,644
2,312,644
2,312,643
2,312,642
2,313,642
2,313,641
2,313,640
2,314,640
2,314,639
2,315,639
2,315,638
2,315,637
2,316,637
2,316,636
2,316,635
2,317,635
2,317,634
2,318,634
2,318,633
2,318,632
2,319,632
2,319,631
2,319,630
2,320,630
2,320,629
2,321,629
2,321,628
2,321,627
2,322,627
2,322,626
2,322,625
2,323,625
2,323,624
2,324,624
2,324,623
2,324,622
2,325,622
2,325,621
2,325,620
2,326,620
2,326,619
2,327,619
2,327,618
2,327,617
2,328,617
2,328,616
2,329,616
2,329,615
2,329,614
2,330,614
2,330,613
2,330,612
2,331,612
2,331,611
2,332,611
2,332,610
2,332,609
2,333,609
2,333,608
2,334,608
2,334,607
2,334,606
2,335,606
2,335,605
2,336,605
2,336,604
2,336,603
2,337,603
2,337,602
2,337,601
2,338,601
2,338,600
2,339,600
2,339,599
2,339,598
2,340,598
2,340,597
2,341,597
2,341,596
2,341,595
2,342,595
2,342,594
2,343,594
2,343,593
2,343,592
2,344,592
2,344,591
2,345,591
2,345,590
2,345,589
2,346,589
2,346,588
2,347,588
2,347,587
2,347,586
2,348,586
2,348,585
2,349,585
2,349,584
2,349,583
2,350,583
2,350,582
2,351,582
2,351,581
2,351,580
2,352,580
2,352,579
2,353,579
2,353,578
2,353,577
2,354,577
2,354,576
2,355,576
2,355,575
2,355,574
2,356,574
2,356,573
2,357,573
2,357,572
2,357,571
2,358,571
2,358,570
2,359,570
2,359,569
2,359,568
2,360,568
2,360,567
2,361,567
2,361,566
2,361,565
2,362,565
2,362,564
2,363,564
2,363,563
2,363,562
2,364,562
2,364,561
2,365,561
2,365,560
2,365,559
2,366,559
2,366,558
2,367,558
2,367,557
2,368,557
2,368,556
2,368,555
2,369,555
2,369,554
2,370,554
2,370,553
2,370,552
2,371,552
2,371,551
2,372,551
2,372,550
2,372,549
2,373,549
2,373,548
2,374,548
2,374,547
2,375,547
2,375,546
2,375,545
2,376,545
2,376,544
2,377,544
2,377,543
2,377,542
2,378,542
2,378,541
2,379,541
2,379,540
2,380,540
2,380,539
2,380,538
2,381,538
2,381,537
2,382,537
2,382,536
2,382,535
2,383,535
2,383,534
2,384,534
2,384,533
2,385,533
2,385,532
2,385,531
2,386,531
2,386,530
2,387,530
2,387,529
2,387,528
2,388,528
2,388,527
2,389,527
2,389,526
2,390,526
2,390,525
2,390,524
2,391,524
2,391,523
2,392,523
2,392,522
2,393,522
2,393,521
2,393,520
2,394,520
2,394,519
2,395,519
2,395,518
2,396,518
2,396,517
2,396,516
2,397,516
2,397,515
2,398,515
2,398,514
2,399,514
2,399,513
2,399,512
2,400,512
2,400,511
2,401,511
2,401,510
2,401,509
2,402,509
2,402,508
2,403,508
2,403,507
2,404,507
2,404,506
2,405,506
2,405,505
2,405,504
2,406,504
2,406,503
2,407,503
2,407,502
2,408,502
2,408,501
2,408,500
2,409,500
2,409,499
2,410,499
2,410,498
2,411,498
2,411,497
2,411,496
2,412,496
2,412,495
2,413,495
2,413,494
2,414,494
2,414,493
2,414,492
2,415,492
2,415,491
2,416,491
2,416,490
2,417,490
2,417,489
2,417,488
2,418,488
2,418,487
2,419,487
2,419,486
2,420,486
2,420,485
2,421,485
2,421,484
2,421,483
2,422,483
2,422,482
2,423,482
2,423,481
2,424,481
2,424,480
2,425,480
2,425,479
2,426,479
2,427,479
2,428,479
2,429,479
2,429,480
2,430,480
2,430,481
2,431,481
2,431,482
2,432,482
2,432,483
2,432,484
2,433,484
2,433,485
2,434,485
2,434,486
2,434,487
2,434,488
2,435,488
2,435,489
2,435,490
2,435,491
2,435,492
2,434,492
2,434,493
2,434,494
2,433,494
2,433,495
2,432,495
2,432,496
2,431,496
2,431,497
2,431,498
2,430,498
2,430,499
2,429,499
2,429,500
2,428,500
2,428,501
2,427,501
2,427,502
2,427,503
2,427,504
2,427,505
2,427,506
2,427,507
2,427,508
2,427,509
2,428,509
2,428,510
2,429,510
2,429,511
2,429,512
2,430,512
2,430,513
2,431,513
2,431,514
2,432,514
2,432,515
2,432,516
2,432,517
2,433,517
2,433,518
2,433,519
2,433,520
2,433,521
2,432,521
2,432,522
2,431,522
2,431,523
2,431,524
2,430,524
2,430,525
2,429,525
2,429,526
2,428,526
2,428,527
2,428,528
2,427,528
2,427,529
2,426,529
2,426,530
2,425,530
2,425,531
2,425,532
2,425,533
2,425,534
2,425,535
2,425,536
2,425,537
2,425,538
2,426,538
2,426,539
2,427,539
2,427,540
2,428,540
2,428,541
2,429,541
2,429,542
2,430,542
2,430,543
2,430,544
2,431,544
2,431,545
2,432,545
2,432,546
2,433,546
2,433,547
2,434,547
2,434,548
2,435,548
2,435,549
2,435,550
2,436,550
2,436,551
2,437,551
2,437,552
2,438,552
2,438,553
2,439,553
2,439,554
2,439,555
2,440,555
2,440,556
2,441,556
2,441,557
2,442,557
2,442,558
2,443,558
2,443,559
2,444,559
2,444,560
2,444,561
2,445,561
2,445,562
2,446,562
2,446,563
2,447,563
2,447,564
2,448,564
2,448,565
2,448,566
2,449,566
2,449,567
2,450,567
2,450,568
2,451,568
2,451,569
2,452,569
2,452,570
2,452,571
2,453,571
2,453,572
2,454,572
2,454,573
2,455,573
2,455,574
2,456,574
2,456,575
2,456,576
2,457,576
2,457,577
2,458,577
2,458,578
2,459,578
2,459,579
2,460,579
2,460,580
2,460,581
2,461,581
2,461,582
2,462,582
2,462,583
2,463,583
2,463,584
2,464,584
2,464,585
2,464,586
2,465,586
2,465,587
2,466,587
2,466,588
2,467,588
2,467,589
2,468,589
2,468,590
2,468,591
2,469,591
2,469,592
2,470,592
2,470,593
2,471,593
2,471,594
2,471,595
2,472,595
2,472,596
2,473,596
2,473,597
2,474,597
2,474,598
2,475,598
2,475,599
2,475,600
2,476,600
2,476,601
2,477,601
2,478,601
2,479,601
2,480,601
2,481,601
2,482,601
2,482,600
2,483,600
2,483,599
2,483,598
2,484,598
2,484,597
2,485,597
2,485,596
2,486,596
2,486,595
2,486,594
2,487,594
2,487,593
2,488,593
2,488,592
2,489,592
2,490,592
2,491,592
2,492,592
2,493,592
2,493,593
2,494,593
2,494,594
2,495,594
2,495,595
2,495,596
2,496,596
2,496,597
2,497,597
2,497,598
2,498,598
2,498,599
2,498,600
2,499,600
2,499,601
2,500,601
2,500,602
2,501,602
2,502,602
2,503,602
2,504,602
2,505,602
2,505,601
2,506,601
2,506,600
2,506,599
2,507,599
2,507,598
2,508,598
2,508,597
2,509,597
2,509,596
2,509,595
2,510,595
2,510,594
2,511,594
2,511,593
2,511,592
2,512,592
2,512,591
2,513,591
2,513,590
2,514,590
2,514,589
2,514,588
2,515,588
2,515,587
2,516,587
2,516,586
2,517,586
2,517,585
2,517,584
2,518,584
2,518,583
2,519,583
2,519,582
2,520,582
2,520,581
2,520,580
2,521,580
2,521,579
2,522,579
2,522,578
2,523,578
2,523,577
2,524,577
2,524,576
2,524,575
2,525,575
2,525,574
2,526,574
2,526,573
2,527,573
2,527,572
2,527,571
2,528,571
2,528,570
2,529,570
2,529,569
2,530,569
2,530,568
2,531,568
2,531,567
2,531,566
2,532,566
2,532,565
2,533,565
2,533,564
2,534,564
2,534,563
2,535,563
2,535,562
2,535,561
2,536,561
2,536,560
2,537,560
2,537,559
2,538,559
2,538,558
2,539,558
2,539,557
2,539,556
2,540,556
2,540,555
2,541,555
2,541,554
2,542,554
2,542,553
2,543,553
2,543,552
2,543,551
2,544,551
2,544,550
2,545,550
2,545,549
2,546,549
2,546,548
2,547,548
2,547,547
2,548,547
2,548,546
2,548,545
2,549,545
2,549,544
2,550,544
2,550,543
2,551,543
2,551,542
2,552,542
2,552,541
2,553,541
2,553,540
2,553,539
2,554,539
2,554,538
2,555,538
2,555,537
2,556,537
2,556,536
2,557,536
2,557,535
2,557,534
2,558,534
2,558,533
2,558,532
2,558,531
2,558,530
2,558,529
2,557,529
2,557,528
2,556,528
2,556,527
2,556,526
2,555,526
2,555,525
2,554,525
2,554,524
2,554,523
2,553,523
2,553,522
2,552,522
2,552,521
2,551,521
2,550,521
2,550,520
2,549,520
2,548,520
2,547,520
2,546,520
2,545,520
2,544,520
2,544,521
2,544,522
2,543,522
2,543,523
2,542,523
2,542,524
2,541,524
2,541,525
2,540,525
2,540,526
2,539,526
2,539,527
2,539,528
2,538,528
2,538,529
2,537,529
2,537,530
2,536,530
2,536,531
2,535,531
2,535,532
2,534,532
2,534,533
2,534,534
2,533,534
2,533,535
2,532,535
2,532,536
2,531,536
2,531,537
2,530,537
2,530,538
2,530,539
2,529,539
2,529,540
2,528,540
2,528,541
2,527,541
2,527,542
2,526,542
2,526,543
2,525,543
2,525,544
2,525,545
2,524,545
2,524,546
2,523,546
2,523,547
2,522,547
2,522,548
2,521,548
2,521,549
2,521,550
2,520,550
2,520,551
2,519,551
2,519,552
2,518,552
2,518,553
2,518,554
2,517,554
2,517,555
2,516,555
2,516,556
2,515,556
2,515,557
2,514,557
2,514,558
2,514,559
2,513,559
2,513,560
2,512,560
2,512,561
2,511,561
2,511,562
2,511,563
2,510,563
2,510,564
2,509,564
2,509,565
2,508,565
2,508,566
2,507,566
2,507,567
2,507,568
2,506,568
2,506,569
2,505,569
2,505,570
2,504,570
2,504,571
2,503,571
2,503,572
2,502,572
2,501,572
2,500,572
2,499,572
2,499,571
2,498,571
2,498,570
2,497,570
2,497,569
2,496,569
2,496,568
2,496,567
2,495,567
2,495,566
2,494,566
2,494,565
2,493,565
2,493,564
2,492,564
2,492,563
2,491,563
2,490,563
2,489,563
2,488,563
2,487,563
2,487,564
2,486,564
2,486,565
2,485,565
2,485,566
2,484,566
2,484,567
2,484,568
2,483,568
2,483,569
2,482,569
2,482,570
2,481,570
2,481,571
2,481,572
2,480,572
2,479,572
2,478,572
2,477,572
2,476,572
2,475,572
2,475,571
2,474,571
2,474,570
2,474,569
2,473,569
2,473,568
2,472,568
2,472,567
2,471,567
2,471,566
2,471,565
2,470,565
2,470,564
2,469,564
2,469,563
2,468,563
2,468,562
2,467,562
2,467,561
2,467,560
2,466,560
2,466,559
2,465,559
2,465,558
2,464,558
2,464,557
2,463,557
2,463,556
2,463,555
2,462,555
2,462,554
2,461,554
2,461,553
2,460,553
2,460,552
2,460,551
2,459,551
2,459,550
2,458,550
2,458,549
2,457,549
2,457,548
2,456,548
2,456,547
2,456,546
2,455,546
2,455,545
2,454,545
2,454,544
2,453,544
2,453,543
2,452,543
2,452,542
2,452,541
2,451,541
2,451,540
2,450,540
2,450,539
2,449,539
2,449,538
2,448,538
2,448,537
2,448,536
2,447,536
2,447,535
2,446,535
2,446,534
2,446,533
2,446,532
2,446,531
2,446,530
2,446,529
2,447,529
2,447,528
2,448,528
2,448,527
2,448,526
2,449,526
2,449,525
2,450,525
2,450,524
2,451,524
2,451,523
2,451,522
2,452,522
2,452,521
2,453,521
2,453,520
2,453,519
2,453,518
2,454,518
2,454,517
2,454,516
2,454,515
2,454,514
2,454,513
2,453,513
2,453,512
2,452,512
2,452,511
2,452,510
2,451,510
2,451,509
2,450,509
2,450,508
2,449,508
2,449,507
2,448,507
2,448,506
2,448,505
2,447,505
2,447,504
2,447,503
2,447,502
2,447,501
2,448,501
2,448,500
2,449,500
2,449,499
2,449,498
2,450,498
2,450,497
2,451,497
2,451,496
2,452,496
2,452,495
2,453,495
2,453,494
2,453,493
2,454,493
2,454,492
2,455,492
2,455,491
2,456,491
2,456,490
2,456,489
2,456,488
2,456,487
2,456,486
2,456,485
2,456,484
2,455,484
2,455,483
2,455,482
2,454,482
2,454,481
2,453,481
2,453,480
2,452,480
2,452,479
2,452,478
2,451,478
2,451,477
2,450,477
2,450,476
2,450,475
2,450,474
2,450,473
2,450,472
2,451,472
2,451,471
2,451,470
2,452,470
2,452,469
2,453,469
2,453,468
2,454,468
2,454,467
2,455,467
2,455,466
2,455,465
2,456,465
2,456,464
2,457,464
2,457,463
2,458,463
2,458,462
2,458,461
2,459,461
2,459,460
2,459,459
2,459,458
2,459,457
2,459,456
2,459,455
2,458,455
2,458,454
2,458,453
2,457,453
2,457,452
2,456,452
2,456,451
2,456,450
2,455,450
2,455,449
2,454,449
2,454,448
2,453,448
2,453,447
2,453,446
2,453,445
2,453,444
2,454,444
2,454,443
2,454,442
2,455,442
2,455,441
2,456,441
2,456,440
2,457,440
2,457,439
2,458,439
2,458,438
2,459,438
2,459,437
2,459,436
2,460,436
2,460,435
2,461,435
2,461,434
2,462,434
2,462,433
2,462,432
2,463,432
2,463,431
2,463,430
2,463,429
2,463,428
2,463,427
2,463,426
2,462,426
2,462,425
2,462,424
2,461,424
2,461,423
2,460,423
2,460,422
2,460,421
2,459,421
2,459,420
2,458,420
2,458,419
2,457,419
2,456,419
2,455,419
2,454,419
2,453,419
2,453,420
2,452,420
2,452,421
2,452,422
2,451,422
2,451,423
2,450,423
2,450,424
2,449,424
2,449,425
2,448,425
2,448,426
2,447,426
2,447,427
2,447,428
2,446,428
2,446,429
2,445,429
2,445,430
2,444,430
2,444,431
2,443,431
2,443,432
2,443,433
2,442,433
2,442,434
2,441,434
2,441,435
2,440,435
2,440,436
2,439,436
2,439,437
2,438,437
2,438,438
2,438,439
2,437,439
2,437,440
2,436,440
2,436,441
2,435,441
2,435,442
2,434,442
2,434,443
2,434,444
2,433,444
2,433,445
2,432,445
2,432,446
2,431,446
2,431,447
2,430,447
2,430,448
2,429,448
2,429,449
2,429,450
2,428,450
2,428,451
2,427,451
2,427,452
2,426,452
2,426,453
2,425,453
2,425,454
2,425,455
2,424,455
2,424,456
2,423,456
2,423,457
2,422,457
2,422,458
2,421,458
2,421,459
2,421,460
2,420,460
2,420,461
2,419,461
2,419,462
2,418,462
2,418,463
2,418,464
2,417,464
2,417,465
2,416,465
2,416,466
2,415,466
2,415,467
2,414,467
2,414,468
2,414,469
2,413,469
2,413,470
2,412,470
2,412,471
2,411,471
2,411,472
2,410,472
2,410,473
2,410,474
2,409,474
2,409,475
2,408,475
2,408,476
2,407,476
2,407,477
2,407,478
2,406,478
2,406,479
2,405,479
2,405,480
2,404,480
2,404,481
2,404,482
2,403,482
2,403,483
2,402,483
2,402,484
2,401,484
2,401,485
2,400,485
2,400,486
2,400,487
2,399,487
2,399,488
2,398,488
2,398,489
2,397,489
2,397,490
2,397,491
2,396,491
2,396,492
2,395,492
2,395,493
2,394,493
2,394,494
2,394,495
2,393,495
2,393,496
2,392,496
2,392,497
2,391,497
2,391,498
2,391,499
2,390,499
2,390,500
2,389,500
2,389,501
2,388,501
2,388,502
2,388,503
2,387,503
2,387,504
2,386,504
2,386,505
2,385,505
2,385,506
2,385,507
2,384,507
2,384,508
2,383,508
2,383,509
2,382,509
2,382,510
2,382,511
2,381,511
2,381,512
2,380,512
2,380,513
2,379,513
2,378,513
2,377,513
2,376,513
2,375,513
2,374,513
2,374,512
2,373,512
2,373,511
2,372,511
2,372,510
2,371,510
2,371,509
2,370,509
2,370,508
2,369,508
2,369,507
2,368,507
2,368,506
2,368,505
2,367,505
2,367,504
2,366,504
2,366,503
2,365,503
2,365,502
2,364,502
2,364,501
2,363,501
2,363,500
2,362,500
2,362,499
2,361,499
2,361,498
2,360,498
2,360,497
2,359,497
2,359,496
2,358,496
2,358,495
2,357,495
2,357,494
2,356,494
2,356,493
2,355,493
2,355,492
2,355,491
2,354,491
2,354,490
2,353,490
2,353,489
2,352,489
2,352,488
2,351,488
2,351,487
2,350,487
2,350,486
2,349,486
2,349,485
2,348,485
2,348,484
2,347,484
2,347,483
2,346,483
2,346,482
2,345,482
2,345,481
2,344,481
2,344,480
2,343,480
2,343,479
2,342,479
2,342,478
2,341,478
2,341,477
2,340,477
2,340,476
2,339,476
2,339,475
2,339,474
2,338,474
2,338,473
2,337,473
2,337,472
2,336,472
2,336,471
2,335,471
2,335,470
2,334,470
2,334,469
2,333,469
2,333,468
2,332,468
2,332,467
2,331,467
2,331,466
2,330,466
2,330,465
2,329,465
2,329,464
2,328,464
2,328,463
2,327,463
2,327,462
2,326,462
2,326,461
2,325,461
2,325,460
2,324,460
2,324,459
2,323,459
2,323,458
2,322,458
2,322,457
2,321,457
2,321,456
2,320,456
2,320,455
2,319,455
2,319,454
2,318,454
2,318,453
2,317,453
2,317,452
2,316,452
2,316,451
2,315,451
2,315,450
2,314,450
2,314,449
2,313,449
2,313,448
2,312,448
2,312,447
2,311,447
2,311,446
2,310,446
2,310,445
2,309,445
2,309,444
2,308,444
2,308,443
2,307,443
2,307,442
2,306,442
2,306,441
2,305,441
2,305,440
2,304,440
2,304,439
2,303,439
2,303,438
2,302,438
2,302,437
2,301,437
2,301,436
2,300,436
2,300,435
2,299,435
2,299,434
2,298,434
2,298,433
2,297,433
2,297,432
2,296,432
2,296,431
2,295,431
2,295,430
2,294,430
2,294,429
2,293,429
2,293,428
2,292,428
2,292,427
2,291,427
2,291,426
2,290,426
2,290,425
2,289,425
2,288,425
2,288,424
2,287,424
2,287,423
2,286,423
2,286,422
2,285,422
2,285,421
2,284,421
2,284,420
2,283,420
2,283,419
2,282,419
2,282,418
2,281,418
2,281,417
2,280,417
2,280,416
2,279,416
2,279,415
2,278,415
2,278,414
2,277,414
2,277,413
2,276,413
2,276,412
2,275,412
2,275,411
2,274,411
2,274,410
2,273,410
2,272,410
2,272,409
2,271,409
2,271,408
2,270,408
2,270,407
2,269,407
2,269,406
2,268,406
2,268,405
2,267,405
2,267,404
2,266,404
2,266,403
2,265,403
2,265,402
2,264,402
2,263,402
2,263,401
2,262,401
2,262,400
2,261,400
2,261,399
2,260,399
2,260,398
2,259,398
2,259,397
2,258,397
2,258,396
2,257,396
2,257,395
2,256,395
2,256,394
2,255,394
2,254,394
2,254,393
2,253,393
2,253,392
2,252,392
2,252,391
2,251,391
2,251,390
2,250,390
2,250,389
2,249,389
2,249,388
2,248,388
2,247,388
2,247,387
2,246,387
2,246,386
2,245,386
2,245,385
2,244,385
2,244,384
2,243,384
2,243,383
2,242,383
2,242,382
2,241,382
2,240,382
2,240,381
2,239,381
2,239,380
2,238,380
2,238,379
2,237,379
2,237,378
2,236,378
2,235,378
2,235,377
2,234,377
2,234,376
2,233,376
2,233,375
2,232,375
2,232,374
2,231,374
2,230,374
2,230,373
2,229,373
2,229,372
2,228,372
2,228,371
2,227,371
2,227,370
2,226,370
2,225,370
2,225,369
2,224,369
2,224,368
2,223,368
2,223,367
2,222,367
2,222,366
2,221,366
2,220,366
2,220,365
2,219,365
2,219,364
2,218,364
2,218,363
2,217,363
2,216,363
2,216,362
2,215,362
2,215,361
2,214,361
2,214,360
2,213,360
2,212,360
2,212,359
2,211,359
2,211,358
2,210,358
2,210,357
2,209,357
2,208,357
2,208,356
2,207,356
2,207,355
2,206,355
2,205,355
2,205,354
2,204,354
2,204,353
2,203,353
2,202,353
2,202,352
2,201,352
2,201,351
2,200,351
2,199,351
2,199,350
2,198,350
2,198,349
2,197,349
2,196,349
2,196,348
2,196,347
2,196,346
2,195,346
2,195,345
2,195,344
2,196,344
2,196,343
2,197,343
2,197,342
2,198,342
2,198,341
2,199,341
2,199,340
2,200,339
2,201,338
2,201,337
2,202,337
2,202,336
2,203,336
2,203,335
2,204,335
2,204,334
2,205,334
2,205,333
2,206,333
2,206,332
2,207,332
2,207,331
2,207,330
2,208,330
2,209,329
2,209,328
2,210,328
2,210,327
2,211,327
2,211,326
2,212,326
2,212,325
2,213,325
2,213,324
2,214,323
2,214,322
2,215,322
2,215,321
2,216,321
2,216,320
2,217,320
2,217,319
2,218,319
2,218,318
2,219,318
2,219,317
2,220,317
2,220,316
2,220,315
2,221,315
2,222,314
2,222,313
2,223,313
2,223,312
2,224,312
2,224,311
2,225,311
2,225,310
2,226,310
2,226,309
2,226,308
2,227,308
2,227,307
2,228,307
2,228,306
2,229,306
2,229,305
2,230,305
2,230,304
2,231,304
2,231,303
2,232,303
2,232,302
2,233,301
2,233,300
2,234,300
2,234,299
2,235,299
2,235,298
2,236,298
2,236,297
2,237,297
2,237,296
2,238,296
2,238,295
2,239,294
2,240,293
2,240,292
2,241,292
2,241,291
2,242,291
2,242,290
2,243,290
2,243,289
2,244,289
2,244,288
2,245,287
2,245,286
2,246,286
2,246,285
2,247,285
2,247,284
2,248,284
2,248,283
2,249,283
2,249,282
2,250,281
2,250,280
2,251,280
2,251,279
2,252,279
2,252,278
2,253,278
2,253,277
2,254,277
2,254,276
2,255,276
2,255,275
2,256,274
2,256,273
2,257,273
2,257,272
2,258,272
2,258,271
2,259,271
2,259,270
2,260,270
2,260,269
2,261,269
2,261,268
2,262,267
2,262,266
2,263,266
2,263,265
2,264,265
2,264,264
2,265,264
2,265,263
2,266,263
2,266,262
2,267,262
2,267,261
2,268,260
2,268,259
2,269,259
2,269,258
2,270,258
2,270,257
2,271,257
2,271,256
2,272,256
2,272,255
2,273,254
2,273,253
2,274,253
2,274,252
2,275,252
2,275,251
2,276,251
2,276,250
2,277,250
2,277,249
2,278,248
2,278,247
2,279,247
2,279,246
2,280,246
2,280,245
2,281,245
2,281,244
2,282,243
2,283,242
2,283,241
2,284,241
2,284,240
2,285,240
2,285,239
2,286,239
2,286,238
2,287,237
2,288,237
2,288,236
2,289,235
2,289,234
2,290,234
2,290,233
2,291,233
2,291,232
2,292,232
2,292,231
2,293,231
2,293,230
2,294,229
2,294,228
2,295,228
2,295,227
2,296,227
2,296,226
2,297,226
2,297,225
2,298,224
2,298,223
2,299,223
2,299,222
2,300,222
2,300,221
2,301,221
2,301,220
2,302,220
2,302,219
2,303,218
2,304,217
2,305,216
2,305,215
2,306,215
2,306,214
2,307,213
2,307,212
2,308,212
2,308,211
2,309,211
2,310,210
2,310,209
2,311,209
2,311,208
2,312,207
2,312,206
2,313,206
2,313,205
2,314,205
2,314,204
2,315,204
2,315,203
2,316,203
2,316,202
2,317,201
2,317,200
2,318,200
2,318,199
2,319,199
2,319,198
2,320,198
2,320,197
2,321,196
2,322,195
2,322,194
2,323,194
2,323,193
2,324,192
2,325,192
2,325,191
2,326,190
2,327,189
2,327,188
2,328,188
2,328,187
2,329,187
2,329,186
2,330,185
2,330,184
2,331,184
2,331,183
2,332,183
2,332,182
2,333,182
2,333,181
2,334,180
2,334,179
2,335,179
2,335,178
2,336,178
2,336,177
2,337,177
2,337,176
2,338,175
2,339,174
2,339,173
2,340,173
2,340,172
2,341,172
2,341,171
2,342,170
2,343,169
2,343,168
2,344,168
2,344,167
2,345,167
2,345,166
2,346,165
2,346,164
2,347,164
2,347,163
2,348,163
2,348,162
2,348,161
2,348,160
2,349,160
2,349,159
2,350,158
2,350,157
2,351,156
2,351,155
2,351,154
2,351,153
2,351,152
2,351,151
2,351,150
2,351,149
2,351,148
2,351,147
2,351,146
2,351,145
2,350,145
2,349,145
2,349,146
2,348,146
2,348,147
2,347,147
2,347,148
2,346,149
2,345,150
2,345,151
2,344,151
2,344,152
2,343,152
2,343,153
2,342,154
2,341,155
2,341,156
2,340,156
2,340,157
2,339,157
2,339,158
2,338,159
2,337,160
2,337,161
2,336,161
2,336,162
2,335,162
2,335,163
2,334,164
2,334,165
2,333,165
2,333,166
2,332,166
2,332,167
2,331,167
2,330,167
2,329,167
2,328,167
2,327,167
2,326,167
2,326,166
2,326,165
2,326,164
2,326,163
2,325,163
2,324,163
2,323,163
2,323,164
2,322,164
2,322,165
2,321,166
2,320,167
2,320,168
2,319,168
2,319,169
2,318,169
2,318,170
2,317,171
2,316,172
2,316,173
2,315,173
2,315,174
2,314,175
2,313,176
2,312,177
2,312,178
2,311,178
2,311,179
2,310,180
2,309,181
2,309,182
2,308,182
2,308,183
2,307,183
2,307,184
2,306,185
2,305,186
2,304,187
2,304,188
2,303,188
2,303,189
2,302,189
2,302,190
2,301,191
2,300,192
2,299,193
2,299,194
2,298,194
2,298,195
2,297,195
2,297,196
2,296,197
2,296,198
2,295,198
2,295,199
2,294,199
2,294,200
2,293,200
2,293,201
2,292,202
2,291,203
2,291,204
2,290,204
2,290,205
2,289,205
2,289,206
2,288,207
2,287,208
2,286,209
2,286,210
2,285,210
2,285,211
2,284,211
2,284,212
2,283,213
2,282,214
2,281,215
2,281,216
2,280,216
2,279,216
2,278,216
2,277,216
2,276,216
2,275,216
2,274,216
2,273,216
2,273,215
2,273,214
2,272,214
2,271,214
2,270,215
2,269,216
2,269,217
2,268,217
2,268,218
2,267,218
2,267,219
2,266,220
2,265,221
2,264,222
2,263,223
2,263,224
2,262,224
2,262,225
2,261,225
2,261,226
2,260,227
2,259,228
2,258,229
2,258,230
2,257,230
2,257,231
2,256,232
2,255,233
2,254,234
2,254,235
2,253,235
2,253,236
2,252,236
2,252,237
2,251,237
2,250,238
2,249,239
2,248,239
2,247,239
2,246,239
2,245,239
2,244,239
2,243,239
2,243,238
2,242,238
2,241,238
2,240,238
2,239,239
2,238,240
2,237,241
2,236,242
2,236,243
2,235,243
2,235,244
2,234,244
2,234,245
2,233,246
2,232,247
2,231,248
2,230,249
2,230,250
2,229,250
2,229,251
2,228,251
2,228,252
2,227,252
2,227,253
2,226,254
2,225,255
2,224,256
2,223,257
2,223,258
2,222,258
2,222,259
2,221,259
2,221,260
2,220,260
2,220,261
2,219,262
2,218,262
2,217,262
2,216,262
2,215,262
2,214,262
2,213,262
2,212,262
2,211,262
2,210,262
2,209,262
2,209,261
2,208,261
2,208,260
2,207,260
2,207,259
2,206,259
2,206,258
2,205,258
2,205,257
2,204,257
2,204,256
2,203,256
2,203,255
2,202,255
2,202,254
2,201,254
2,200,254
2,200,253
2,199,253
2,199,252
2,198,252
2,198,251
2,198,250
2,199,249
2,200,248
2,201,247
2,202,246
2,202,245
2,203,245
2,203,244
2,204,244
2,204,243
2,205,242
2,206,241
2,207,240
2,208,239
2,209,238
2,210,237
2,210,236
2,211,236
2,211,235
2,212,235
2,212,234
2,213,233
2,214,232
2,215,231
2,216,230
2,217,229
2,218,228
2,219,227
2,219,226
2,220,226
2,220,225
2,221,225
2,221,224
2,222,223
2,223,222
2,224,221
2,224,220
2,225,219
2,225,218
2,225,217
2,225,216
2,225,215
2,225,214
2,225,213
2,225,212
2,225,211
2,225,210
2,226,209
2,227,208
2,228,207
2,229,206
2,229,205
2,230,205
2,230,204
2,231,203
2,232,202
2,233,201
2,234,200
2,235,199
2,236,198
2,236,197
2,237,197
2,237,196
2,238,195
2,239,194
2,240,193
2,241,192
2,242,191
2,242,190
2,243,190
2,243,189
2,244,188
2,245,187
2,246,186
2,247,185
2,248,184
2,249,183
2,249,182
2,250,181
2,251,180
2,252,179
2,253,178
2,254,177
2,254,176
2,255,175
2,256,174
2,257,173
2,258,172
2,258,171
2,259,171
2,259,170
2,260,169
2,261,168
2,262,167
2,263,166
2,263,165
2,264,165
2,264,164
2,265,163
2,266,162
2,267,161
2,268,160
2,268,159
2,269,159
2,269,158
2,270,157
2,271,156
2,272,155
2,272,154
2,273,154
2,273,153
2,274,152
2,275,151
2,276,150
2,276,149
2,277,149
2,277,148
2,278,147
2,279,146
2,280,145
2,281,144
2,281,143
2,282,142
2,283,141
2,284,140
2,285,139
2,285,138
2,286,137
2,287,136
2,288,135
2,288,134
2,289,133
2,290,132
2,291,131
2,292,130
2,292,129
2,293,128
2,294,127
2,295,126
2,295,125
2,296,124
2,297,123
2,298,122
2,299,121
2,299,120
2,300,119
2,301,118
2,302,116
2,303,115
2,304,114
2,305,113
2,305,112
2,306,111
2,307,110
2,308,109
2,308,108
2,309,107
2,310,106
2,311,105
2,311,104
2,312,103
2,313,102
2,314,101
2,314,100
2,315,99
2,316,98
2,317,97
2,317,96
2,318,95
2,319,94
2,320,93
2,320,92
2,321,91
2,322,90
2,322,89
2,323,88
2,324,87
2,325,86
2,325,85
2,326,84
2,327,83
2,327,82
2,328,81
2,329,80
2,330,78
2,331,77
2,332,76
2,332,75
2,333,74
2,334,73
2,335,72
2,335,71
2,336,70
2,337,69
2,337,68
2,338,67
2,339,66
2,340,64
2,341,63
2,341,62
2,342,61
2,343,60
2,344,59
2,344,58
2,345,57
2,346,56
2,346,55
2,347,54
2,348,53
2,348,52
2,349,51
2,350,50
2,350,49
2,351,48
2,352,47
2,353,46
2,354,46
2,355,46
2,356,46
2,356,47
2,356,48
2,356,49
2,356,50
2,357,50
2,358,50
2,358,49
2,359,48
2,360,47
2,360,46
2,361,45
2,362,44
2,362,43
2,363,42
2,364,41
2,364,40
2,365,39
2,366,38
2,366,37
2,367,36
2,368,35
2,368,34
2,369,33
2,370,32
2,370,31
2,371,30
2,372,29
2,372,28
2,373,27
2,373,26
2,374,25
2,375,24
2,375,23
2,376,22
2,377,21
2,377,20
2,378,19
2,379,18
2,379,17
2,380,16
2,381,15
2,381,14
2,382,13
2,382,12
2,383,12
2,383,11
2,384,10
2,385,8
2,386,7
2,386,6
2,387,5
2,388,4
2,388,3
2,389,2
2,389,1
2,390,0
2,391,-1
2,391,-2
2,392,-3
2,392,-4
2,393,-5
2,394,-6
2,394,-7
2,395,-8
2,396,-9
2,396,-10
2,397,-11
2,397,-12
2,398,-13
2,399,-14
2,399,-15
2,400,-16
2,401,-18
2,402,-19
2,402,-20
2,403,-21
2,403,-22
2,404,-23
2,405,-24
2,405,-25
2,406,-26
2,407,-27
2,408,-27
2,409,-27
2,410,-27
2,410,-26
2,410,-25
2,410,-24
2,410,-23
2,410,-22
2,410,-21
2,410,-20
2,411,-20
2,412,-20
2,412,-21
2,413,-22
2,413,-23
2,414,-24
2,414,-25
2,415,-25
2,415,-26
2,416,-27
2,416,-28
2,417,-29
2,418,-30
2,418,-31
2,419,-32
2,419,-33
2,420,-34
2,420,-35
2,421,-35
2,421,-36
2,422,-37
2,422,-38
2,423,-39
2,424,-40
2,424,-41
2,425,-42
2,425,-43
2,426,-44
2,426,-45
2,427,-46
2,428,-47
2,428,-48
2,429,-49
2,429,-50
2,430,-51
2,430,-52
2,431,-53
2,432,-54
2,432,-55
2,433,-56
2,433,-57
2,434,-58
2,435,-59
2,435,-60
2,436,-61
2,436,-62
2,437,-63
2,438,-65
2,438,-66
2,439,-66
2,439,-67
2,440,-68
2,440,-69
2,441,-70
2,441,-71
2,442,-72
2,442,-73
2,443,-74
2,443,-75
2,444,-75
2,444,-76
2,445,-77
2,445,-78
2,446,-79
2,446,-80
2,447,-81
2,447,-82
2,448,-83
2,448,-84
2,449,-85
2,450,-87
2,451,-89
2,452,-90
2,452,-91
2,453,-93
2,453,-94
2,454,-96
2,454,-97
25,357,151
25,356,151
25,355,152
25,355,153
22,377,140
22,377,139
22,377,138
22,377,137
22,377,136
22,377,135
22,377,134
22,376,134
22,376,133
22,376,132
22,376,131
22,376,130
22,376,129
22,375,129
22,374,129
22,374,130
22,373,130
22,373,131
22,372,131
22,372,132
22,371,132
22,371,133
22,370,134
22,370,135
22,369,135
22,369,136
22,368,136
22,368,137
22,367,138
22,367,139
22,366,139
22,366,140
22,365,140
22,365,141
22,364,141
22,364,142
22,364,143
22,363,143
22,363,144
22,362,144
22,362,145
22,361,145
22,361,146
22,361,147
22,360,148
22,360,149
22,360,150
22,359,150
22,359,151
22,358,151
22,358,152
22,358,153
22,358,154
22,358,155
22,358,156
22,358,157
22,358,158
22,358,159
22,358,160
22,358,161
22,358,162
22,359,162
22,360,162
22,361,162
22,361,161
22,362,161
22,362,160
22,363,160
22,363,159
22,364,159
22,364,158
22,364,157
22,365,157
22,365,156
22,366,156
22,366,155
22,367,155
22,367,154
22,368,154
22,368,153
22,368,152
22,369,152
22,369,151
22,370,151
22,370,150
22,371,150
22,371,149
22,372,148
22,372,147
22,373,147
22,373,146
