curve_id,abs_step_L,abs_step_R
1,718,84
1,717,84
1,717,85
1,716,85
1,715,85
1,715,86
1,714,86
1,714,87
1,713,87
1,713,88
1,712,88
1,712,89
1,711,89
1,711,90
1,711,91
1,711,92
1,711,93
1,711,94
1,711,95
1,711,96
1,711,97
1,711,98
1,711,99
1,711,100
1,711,101
1,710,101
1,710,102
1,709,102
1,709,103
1,708,103
1,707,103
1,707,104
1,706,104
1,706,105
1,705,105
1,704,105
1,704,106
1,703,106
1,703,107
1,702,107
1,702,108
1,701,108
1,700,108
1,700,109
1,699,109
1,699,110
1,698,110
1,698,111
1,697,111
1,697,112
1,697,113
1,697,114
1,697,115
1,697,116
1,697,117
1,697,118
1,697,119
1,697,120
1,697,121
1,697,122
1,697,123
1,696,123
1,696,124
1,695,124
1,695,125
1,694,125
1,694,126
1,693,126
1,693,127
1,692,127
1,692,128
1,691,128
1,691,129
1,691,130
1,691,131
1,691,132
1,691,133
1,691,134
1,691,135
1,691,136
1,691,137
1,691,138
1,691,139
1,691,140
1,691,141
1,690,141
1,690,142
1,689,142
1,688,142
1,688,143
1,687,143
1,687,144
1,686,144
1,686,145
1,685,145
1,684,145
1,684,146
1,683,146
1,683,147
1,682,147
1,682,148
1,681,148
1,681,149
1,680,149
1,679,149
1,679,150
1,678,150
1,678,151
1,677,151
1,677,152
1,677,153
1,677,154
1,677,155
1,677,156
1,677,157
1,677,158
1,677,159
1,677,160
1,677,161
1,677,162
1,677,163
1,677,164
1,676,164
1,675,164
1,675,165
1,674,165
1,674,166
1,673,166
1,673,167
1,672,167
1,672,168
1,671,168
1,670,168
1,670,169
1,669,169
1,669,170
1,668,170
1,668,171
1,667,171
1,667,172
1,666,172
1,665,172
1,665,173
1,664,173
1,664,174
1,664,175
1,664,176
1,664,177
1,664,178
1,664,179
1,664,180
1,664,181
1,664,182
1,664,183
1,664,184
1,664,185
1,664,186
1,663,186
1,663,187
1,662,187
1,662,188
1,661,188
1,661,189
1,660,189
1,659,189
1,659,190
1,658,190
1,658,191
1,657,191
1,657,192
1,656,192
1,656,193
1,655,193
1,655,194
1,654,194
1,653,194
1,653,195
1,652,195
1,652,196
1,651,196
1,651,197
1,650,197
1,650,198
1,649,198
1,649,199
1,648,199
1,647,199
1,647,200
1,646,200
1,646,201
1,645,201
1,645,202
1,644,202
1,644,203
1,643,203
1,643,204
1,642,204
1,641,204
1,641,205
1,640,205
1,640,206
1,639,206
1,639,207
1,638,207
1,638,208
1,637,208
1,637,209
1,636,209
1,636,210
1,635,210
1,635,211
1,634,211
1,634,212
1,634,213
1,634,214
1,634,215
1,634,216
1,634,217
1,634,218
1,634,219
1,634,220
1,634,221
1,634,222
1,634,223
1,633,223
1,633,224
1,632,224
1,632,225
1,631,225
1,631,226
1,630,226
1,630,227
1,629,227
1,629,228
1,628,228
1,628,229
1,627,229
1,627,230
1,626,230
1,625,230
1,625,231
1,624,231
1,624,232
1,623,232
1,623,233
1,622,233
1,622,234
1,621,234
1,621,235
1,620,235
1,620,236
1,619,236
1,619,237
1,618,237
1,618,238
1,617,238
1,616,238
1,616,239
1,615,239
1,615,240
1,614,240
1,614,241
1,613,241
1,613,242
1,612,242
1,612,243
1,611,243
1,611,244
1,610,244
1,610,245
1,609,245
1,609,246
1,608,246
1,608,247
1,607,247
1,607,248
1,606,248
1,605,248
1,605,249
1,604,249
1,604,250
1,603,250
1,603,251
1,602,251
1,602,252
1,601,252
1,601,253
1,600,253
1,600,254
1,599,254
1,599,255
1,598,255
1,598,256
1,597,256
1,597,257
1,596,257
1,596,258
1,595,258
1,595,259
1,594,259
1,594,260
1,593,260
1,593,261
1,592,261
1,592,262
1,591,262
1,591,263
1,590,263
1,590,264
1,589,264
1,588,264
1,588,265
1,587,265
1,586,265
1,585,265
1,584,265
1,584,264
1,584,263
1,583,263
1,583,262
1,582,262
1,581,262
1,580,262
1,579,262
1,578,262
1,578,263
1,577,263
1,577,264
1,576,264
1,576,265
1,575,265
1,575,266
1,574,266
1,574,267
1,573,267
1,573,268
1,572,268
1,572,269
1,571,269
1,571,270
1,570,270
1,570,271
1,569,271
1,569,272
1,568,272
1,567,272
1,566,272
1,565,272
1,564,272
1,564,271
1,564,270
1,563,270
1,563,269
1,562,269
1,561,269
1,560,269
1,559,269
1,559,270
1,558,270
1,558,271
1,557,271
1,557,272
1,556,272
1,555,272
1,554,272
1,553,272
1,553,271
1,553,270
1,552,270
1,552,269
1,552,268
1,551,268
1,550,268
1,549,268
1,548,268
1,548,269
1,547,269
1,547,270
1,546,270
1,546,271
1,545,271
1,544,271
1,543,271
1,542,271
1,541,271
1,540,271
1,540,270
1,540,269
1,539,269
1,538,269
1,537,269
1,536,269
1,535,269
1,535,270
1,534,270
1,534,271
1,533,271
1,533,272
1,533,273
1,533,274
1,533,275
1,533,276
1,533,277
1,533,278
1,533,279
1,533,280
1,534,280
1,534,281
1,534,282
1,534,283
1,534,284
1,533,284
1,533,285
1,532,285
1,532,286
1,531,286
1,531,287
1,530,287
1,530,288
1,529,288
1,529,289
1,528,289
1,528,290
1,528,291
1,528,292
1,528,293
1,528,294
1,528,295
1,529,295
1,529,296
1,529,297
1,529,298
1,529,299
1,529,300
1,529,301
1,528,301
1,528,302
1,527,302
1,527,303
1,526,303
1,526,304
1,525,304
1,525,305
1,525,306
1,524,306
1,524,307
1,524,308
1,524,309
1,524,310
1,524,311
1,524,312
1,525,312
1,525,313
1,525,314
1,525,315
1,525,316
1,525,317
1,524,317
1,524,318
1,523,318
1,523,319
1,522,319
1,522,320
1,521,320
1,521,321
1,520,321
1,520,322
1,519,322
1,519,323
1,518,323
1,518,324
1,517,324
1,517,325
1,516,325
1,516,326
1,515,326
1,515,327
1,514,327
1,514,328
1,514,329
1,513,329
1,513,330
1,512,330
1,512,331
1,512,332
1,512,333
1,512,334
1,512,335
1,512,336
1,512,337
1,513,337
1,513,338
1,513,339
1,513,340
1,513,341
1,513,342
1,512,342
1,512,343
1,511,343
1,511,344
1,510,344
1,510,345
1,509,345
1,509,346
1,509,347
1,509,348
1,509,349
1,509,350
1,509,351
1,509,352
1,509,353
1,509,354
1,510,354
1,510,355
1,510,356
1,510,357
1,510,358
1,509,358
1,509,359
1,508,359
1,508,360
1,507,360
1,507,361
1,506,361
1,506,362
1,506,363
1,505,363
1,505,364
1,504,364
1,504,365
1,503,365
1,503,366
1,502,366
1,502,367
1,501,367
1,501,368
1,500,368
1,500,369
1,499,369
1,499,370
1,498,370
1,498,371
1,498,372
1,498,373
1,498,374
1,498,375
1,498,376
1,498,377
1,498,378
1,499,378
1,499,379
1,499,380
1,499,381
1,499,382
1,499,383
1,498,383
1,498,384
1,497,384
1,497,385
1,496,385
1,496,386
1,495,386
1,495,387
1,494,387
1,494,388
1,494,389
1,493,389
1,493,390
1,492,390
1,492,391
1,491,391
1,491,392
1,490,392
1,490,393
1,489,393
1,489,394
1,488,394
1,488,395
1,488,396
1,487,396
1,487,397
1,487,398
1,487,399
1,487,400
1,487,401
1,487,402
1,487,403
1,488,403
1,488,404
1,488,405
1,488,406
1,488,407
1,488,408
1,487,408
1,487,409
1,486,409
1,486,410
1,485,410
1,485,411
1,485,412
1,484,412
1,484,413
1,483,413
1,483,414
1,482,414
1,482,415
1,481,415
1,481,416
1,480,416
1,480,417
1,479,417
1,479,418
1,479,419
1,478,419
1,478,420
1,477,420
1,477,421
1,476,421
1,476,422
1,475,422
1,475,423
1,474,423
1,474,424
1,473,424
1,473,425
1,473,426
1,472,426
1,472,427
1,471,427
1,471,428
1,470,428
1,470,429
1,469,429
1,469,430
1,468,430
1,468,431
1,467,431
1,467,432
1,467,433
1,466,433
1,466,434
1,465,434
1,465,435
1,464,435
1,464,436
1,463,436
1,463,437
1,462,437
1,462,438
1,462,439
1,461,439
1,461,440
1,460,440
1,460,441
1,459,441
1,459,442
1,458,442
1,458,443
1,457,443
1,457,444
1,457,445
1,456,445
1,456,446
1,455,446
1,455,447
1,454,447
1,453,447
1,452,447
1,451,447
1,450,447
1,449,447
1,449,446
1,448,446
1,448,445
1,447,445
1,446,445
1,445,445
1,445,446
1,444,446
1,444,447
1,443,447
1,443,448
1,443,449
1,442,449
1,441,449
1,440,449
1,439,449
1,438,449
1,437,449
1,437,448
1,436,448
1,436,447
1,435,447
1,435,446
1,435,445
1,434,445
1,434,444
1,433,444
1,433,443
1,432,443
1,432,442
1,432,441
1,431,441
1,431,440
1,430,440
1,430,439
1,429,439
1,429,438
1,429,437
1,428,437
1,428,436
1,427,436
1,427,435
1,426,435
1,426,434
1,426,433
1,425,433
1,425,432
1,424,432
1,424,431
1,424,430
1,423,430
1,423,429
1,422,429
1,422,428
1,421,428
1,421,427
1,421,426
1,420,426
1,420,425
1,419,425
1,419,424
1,418,424
1,418,423
1,418,422
1,417,422
1,417,421
1,416,421
1,416,420
1,415,420
1,415,419
1,415,418
1,415,417
1,416,417
1,416,416
1,416,415
1,417,415
1,417,414
1,418,414
1,418,413
1,419,413
1,419,412
1,420,412
1,420,411
1,420,410
1,420,409
1,420,408
1,420,407
1,420,406
1,420,405
1,419,405
1,419,404
1,418,404
1,418,403
1,418,402
1,418,401
1,418,400
1,419,400
1,419,399
1,420,399
1,420,398
1,420,397
1,421,397
1,421,396
1,422,396
1,422,395
1,423,395
1,423,394
1,423,393
1,423,392
1,423,391
1,423,390
1,423,389
1,422,389
1,422,388
1,421,388
1,420,388
1,419,388
1,418,388
1,418,389
1,417,389
1,417,390
1,417,391
1,416,391
1,416,392
1,415,392
1,415,393
1,414,393
1,414,394
1,413,394
1,413,395
1,412,395
1,412,396
1,412,397
1,411,397
1,411,398
1,410,398
1,410,399
1,409,399
1,409,400
1,408,400
1,408,401
1,408,402
1,407,402
1,407,403
1,406,403
1,406,404
1,405,404
1,405,405
1,404,405
1,404,406
1,403,406
1,403,407
1,403,408
1,402,408
1,402,409
1,401,409
1,401,410
1,400,410
1,400,411
1,399,411
1,399,412
1,399,413
1,398,413
1,398,414
1,397,414
1,397,415
1,396,415
1,396,416
1,395,416
1,395,417
1,395,418
1,394,418
1,394,419
1,393,419
1,393,420
1,392,420
1,392,421
1,391,421
1,391,422
1,391,423
1,390,423
1,390,424
1,389,424
1,389,425
1,388,425
1,388,426
1,387,426
1,387,427
1,386,427
1,386,428
1,386,429
1,385,429
1,385,430
1,384,430
1,384,431
1,383,431
1,383,432
1,383,433
1,382,433
1,382,434
1,381,434
1,381,435
1,380,435
1,380,436
1,379,436
1,379,437
1,379,438
1,378,438
1,378,439
1,377,439
1,377,440
1,376,440
1,376,441
1,375,441
1,375,442
1,375,443
1,374,443
1,374,444
1,373,444
1,373,445
1,372,445
1,372,446
1,372,447
1,371,447
1,371,448
1,370,448
1,370,449
1,369,449
1,369,450
1,368,450
1,368,451
1,368,452
1,367,452
1,367,453
1,366,453
1,366,454
1,365,454
1,365,455
1,365,456
1,364,456
1,364,457
1,363,457
1,363,458
1,362,458
1,362,459
1,361,459
1,361,460
1,361,461
1,360,461
1,360,462
1,359,462
1,359,463
1,358,463
1,358,464
1,358,465
1,357,465
1,357,466
1,356,466
1,356,467
1,355,467
1,355,468
1,355,469
1,354,469
1,354,470
1,353,470
1,353,471
1,352,471
1,352,472
1,352,473
1,351,473
1,351,474
1,350,474
1,350,475
1,349,475
1,349,476
1,348,476
1,348,477
1,348,478
1,347,478
1,347,479
1,346,479
1,346,480
1,345,480
1,345,481
1,344,481
1,343,481
1,342,481
1,341,481
1,340,481
1,340,480
1,339,480
1,338,480
1,337,480
1,336,480
1,336,481
1,335,481
1,335,482
1,334,482
1,334,483
1,334,484
1,333,484
1,333,485
1,332,485
1,332,486
1,331,486
1,331,487
1,331,488
1,330,488
1,330,489
1,329,489
1,329,490
1,328,490
1,328,491
1,328,492
1,327,492
1,327,493
1,326,493
1,326,494
1,326,495
1,325,495
1,325,496
1,324,496
1,324,497
1,323,497
1,323,498
1,323,499
1,322,499
1,322,500
1,321,500
1,321,501
1,320,501
1,320,502
1,320,503
1,319,503
1,319,504
1,318,504
1,318,505
1,317,505
1,317,506
1,317,507
1,316,507
1,316,508
1,315,508
1,315,509
1,315,510
1,314,510
1,314,511
1,313,511
1,313,512
1,312,512
1,312,513
1,312,514
1,311,514
1,311,515
1,310,515
1,310,516
1,310,517
1,309,517
1,309,518
1,308,518
1,308,519
1,307,519
1,307,520
1,307,521
1,306,521
1,306,522
1,305,522
1,305,523
1,305,524
1,304,524
1,304,525
1,303,525
1,303,526
1,302,526
1,302,527
1,302,528
1,301,528
1,301,529
1,300,529
1,300,530
1,300,531
1,299,531
1,299,532
1,298,532
1,298,533
1,298,534
1,297,534
1,297,535
1,296,535
1,296,536
1,295,536
1,295,537
1,295,538
1,294,538
1,294,539
1,293,539
1,293,540
1,293,541
1,292,541
1,292,542
1,291,542
1,291,543
1,291,544
1,290,544
1,290,545
1,289,545
1,289,546
1,288,546
1,287,546
1,286,546
1,285,546
1,284,546
1,283,546
1,283,545
1,282,545
1,281,545
1,280,545
1,280,546
1,279,546
1,279,547
1,278,547
1,278,548
1,278,549
1,277,549
1,277,550
1,276,550
1,276,551
1,275,551
1,274,551
1,273,551
1,272,551
1,271,551
1,270,551
1,269,551
1,268,551
1,267,551
1,266,551
1,266,552
1,265,552
1,265,553
1,264,553
1,264,554
1,264,555
1,263,555
1,263,556
1,262,556
1,261,556
1,260,556
1,259,556
1,258,556
1,257,556
1,256,556
1,255,556
1,255,555
1,254,555
1,253,555
1,253,554
1,252,554
1,252,553
1,251,553
1,251,552
1,250,552
1,249,552
1,249,551
1,248,551
1,248,550
1,247,550
1,247,549
1,246,549
1,245,549
1,245,548
1,244,548
1,244,547
1,243,547
1,242,547
1,242,546
1,241,546
1,241,545
1,240,545
1,239,545
1,239,544
1,238,544
1,238,543
1,237,543
1,237,542
1,236,542
1,235,542
1,235,541
1,234,541
1,234,540
1,233,540
1,232,540
1,232,539
1,231,539
1,231,538
1,230,538
1,229,538
1,229,537
1,228,537
1,228,536
1,227,536
1,226,536
1,226,535
1,225,535
1,225,534
1,224,534
1,223,534
1,223,533
1,222,533
1,222,532
1,221,532
1,220,532
1,220,531
1,219,531
1,219,530
1,218,530
1,217,530
1,217,529
1,216,529
1,215,529
1,215,528
1,214,528
1,214,527
1,213,527
1,212,527
1,212,526
1,211,526
1,211,525
1,210,525
1,209,525
1,209,524
1,208,524
1,207,524
1,207,523
1,206,523
1,205,523
1,205,522
1,204,522
1,204,521
1,203,521
1,202,521
1,202,520
1,201,520
1,200,520
1,200,519
1,199,519
1,199,518
1,198,518
1,197,518
1,197,517
1,196,517
1,195,517
1,195,516
1,194,516
1,193,516
1,193,515
1,192,515
1,192,514
1,191,514
1,190,514
1,190,513
1,189,513
1,188,513
1,188,512
1,187,512
1,186,512
1,186,511
1,185,511
1,184,511
1,184,510
1,183,510
1,182,510
1,182,509
1,181,509
1,180,509
1,180,508
1,179,508
1,178,508
1,178,507
1,177,507
1,176,507
1,176,506
1,175,506
1,174,506
1,174,505
1,173,505
1,172,505
1,172,504
1,171,504
1,170,504
1,170,503
1,169,503
1,168,503
1,168,502
1,167,502
1,166,502
1,166,501
1,165,501
1,164,501
1,164,500
1,163,500
1,162,500
1,162,499
1,161,499
1,160,499
1,160,498
1,159,498
1,158,498
1,157,498
1,157,497
1,156,497
1,155,497
1,155,496
1,155,495
1,155,494
1,155,493
1,155,492
1,155,491
1,156,491
1,156,490
1,157,490
1,157,489
1,158,489
1,158,488
1,158,487
1,159,487
1,159,486
1,160,486
1,160,485
1,160,484
1,160,483
1,160,482
1,159,482
1,159,481
1,158,481
1,158,480
1,158,479
1,158,478
1,158,477
1,159,477
1,159,476
1,159,475
1,160,475
1,160,474
1,161,474
1,161,473
1,162,473
1,162,472
1,162,471
1,163,471
1,163,470
1,163,469
1,163,468
1,163,467
1,162,467
1,162,466
1,161,466
1,161,465
1,161,464
1,161,463
1,161,462
1,162,462
1,162,461
1,163,461
1,163,460
1,164,460
1,164,459
1,165,459
1,165,458
1,165,457
1,166,457
1,166,456
1,167,456
1,167,455
1,168,455
1,168,454
1,169,454
1,169,453
1,169,452
1,170,452
1,170,451
1,171,451
1,171,450
1,172,450
1,172,449
1,173,449
1,173,448
1,173,447
1,174,447
1,174,446
1,175,446
1,175,445
1,176,445
1,176,444
1,177,444
1,177,443
1,177,442
1,178,442
1,178,441
1,179,441
1,179,440
1,180,440
1,180,439
1,181,439
1,181,438
1,181,437
1,182,437
1,182,436
1,183,436
1,183,435
1,184,435
1,184,434
1,185,434
1,185,433
1,186,433
1,186,432
1,186,431
1,187,431
1,187,430
1,188,430
1,188,429
1,189,429
1,189,428
1,190,428
1,190,427
1,190,426
1,191,426
1,191,425
1,192,425
1,192,424
1,193,424
1,193,423
1,194,423
1,194,422
1,195,422
1,195,421
1,195,420
1,196,420
1,196,419
1,197,419
1,197,418
1,198,418
1,198,417
1,199,417
1,199,416
1,199,415
1,200,415
1,200,414
1,201,414
1,201,413
1,202,413
1,202,412
1,203,412
1,203,411
1,204,411
1,204,410
1,204,409
1,205,409
1,205,408
1,206,408
1,206,407
1,207,407
1,207,406
1,208,406
1,208,405
1,208,404
1,209,404
1,209,403
1,210,403
1,210,402
1,211,402
1,211,401
1,212,401
1,212,400
1,213,400
1,213,399
1,213,398
1,214,398
1,214,397
1,215,397
1,215,396
1,216,396
1,216,395
1,217,395
1,217,394
1,218,394
1,218,393
1,218,392
1,219,392
1,219,391
1,220,391
1,220,390
1,221,390
1,221,389
1,222,389
1,222,388
1,222,387
1,223,387
1,223,386
1,224,386
1,224,385
1,225,385
1,225,384
1,226,384
1,226,383
1,227,383
1,227,382
1,227,381
1,228,381
1,228,380
1,229,380
1,229,379
1,230,379
1,230,378
1,231,378
1,231,377
1,232,377
1,232,376
1,232,375
1,233,375
1,233,374
1,234,374
1,234,373
1,235,373
1,235,372
1,236,372
1,236,371
1,237,371
1,237,370
1,237,369
1,238,369
1,238,368
1,239,368
1,239,367
1,240,367
1,240,366
1,241,366
1,241,365
1,242,365
1,242,364
1,242,363
1,243,363
1,243,362
1,244,362
1,244,361
1,245,361
1,245,360
1,246,360
1,246,359
1,247,359
1,247,358
1,247,357
1,248,357
1,248,356
1,249,356
1,249,355
1,250,355
1,250,354
1,251,354
1,251,353
1,252,353
1,252,352
1,252,351
1,253,351
1,253,350
1,254,350
1,254,349
1,255,349
1,255,348
1,256,348
1,256,347
1,256,346
1,257,346
1,257,345
1,258,345
1,258,344
1,259,344
1,259,343
1,260,343
1,260,342
1,261,342
1,261,341
1,261,340
1,262,340
1,262,339
1,263,339
1,263,338
1,264,338
1,264,337
1,265,337
1,265,336
1,266,336
1,266,335
1,266,334
1,267,334
1,267,333
1,268,333
1,268,332
1,269,332
1,269,331
1,270,331
1,270,330
1,271,330
1,271,329
1,271,328
1,272,328
1,272,327
1,273,327
1,273,326
1,274,326
1,274,325
1,275,325
1,275,324
1,276,324
1,276,323
1,277,323
1,277,322
1,277,321
1,278,321
1,278,320
1,279,320
1,279,319
1,280,319
1,280,318
1,281,318
1,281,317
1,282,317
1,282,316
1,282,315
1,283,315
1,283,314
1,284,314
1,284,313
1,285,313
1,285,312
1,286,312
1,286,311
1,287,311
1,287,310
1,287,309
1,288,309
1,288,308
1,289,308
1,289,307
1,290,307
1,290,306
1,291,306
1,291,305
1,292,305
1,292,304
1,292,303
1,293,303
1,293,302
1,294,302
1,294,301
1,295,301
1,295,300
1,296,300
1,296,299
1,297,299
1,297,298
1,297,297
1,298,297
1,298,296
1,299,296
1,299,295
1,300,295
1,300,294
1,301,294
1,301,293
1,302,293
1,302,292
1,302,291
1,303,291
1,303,290
1,304,290
1,304,289
1,305,289
1,305,288
1,306,288
1,306,287
1,307,287
1,307,286
1,307,285
1,308,285
1,308,284
1,309,284
1,309,283
1,310,283
1,310,282
1,311,282
1,311,281
1,312,281
1,312,280
1,312,279
1,313,279
1,313,278
1,314,278
1,314,277
1,315,277
1,315,276
1,316,276
1,316,275
1,317,275
1,317,274
1,317,273
1,318,273
1,318,272
1,319,272
1,319,271
1,320,271
1,320,270
1,321,270
1,321,269
1,322,269
1,322,268
1,322,267
1,323,267
1,323,266
1,324,266
1,324,265
1,325,265
1,325,264
1,326,264
1,326,263
1,327,263
1,327,262
1,327,261
1,328,261
1,328,260
1,329,260
1,329,259
1,330,259
1,330,258
1,331,258
1,331,257
1,332,257
1,332,256
1,332,255
1,333,255
1,333,254
1,334,254
1,334,253
1,335,253
1,335,252
1,335,251
1,335,250
1,335,249
1,335,248
1,335,247
1,335,246
1,335,245
1,334,245
1,333,245
1,333,246
1,332,246
1,332,247
1,331,247
1,331,248
1,331,249
1,330,249
1,330,250
1,329,250
1,329,251
1,328,251
1,328,252
1,327,252
1,326,252
1,325,252
1,324,252
1,323,252
1,322,252
1,321,252
1,320,252
1,319,252
1,319,253
1,318,253
1,318,254
1,318,255
1,317,255
1,317,256
1,316,256
1,316,257
1,315,257
1,315,258
1,314,258
1,314,259
1,313,259
1,313,260
1,312,260
1,311,260
1,310,260
1,309,260
1,308,260
1,307,260
1,307,259
1,307,258
1,306,258
1,306,257
1,306,256
1,305,256
1,305,255
1,305,254
1,304,254
1,304,253
1,304,252
1,303,252
1,303,251
1,302,251
1,302,250
1,302,249
1,301,249
1,301,248
1,301,247
1,300,247
1,300,246
1,300,245
1,299,245
1,299,244
1,299,243
1,298,243
1,298,242
1,297,242
1,297,241
1,297,240
1,296,240
1,296,239
1,296,238
1,296,237
1,296,236
1,297,236
1,297,235
1,297,234
1,298,234
1,298,233
1,299,233
1,299,232
1,300,232
1,300,231
1,301,231
1,301,230
1,302,230
1,302,229
1,302,228
1,303,228
1,304,227
1,304,226
1,305,226
1,305,225
1,305,224
1,305,223
1,305,222
1,305,221
1,305,220
1,306,220
1,307,220
1,308,220
1,309,220
1,309,221
1,308,221
1,308,222
1,308,223
1,307,223
1,307,224
1,306,224
1,306,225
1,305,225
1,305,226
1,304,226
1,304,227
1,303,227
1,303,228
1,303,229
1,302,229
1,302,230
1,301,230
1,301,231
1,301,232
1,300,232
1,300,233
1,300,234
1,300,235
1,300,236
1,300,237
1,300,238
1,300,239
1,300,240
1,300,241
1,300,242
1,301,242
1,301,243
1,301,244
1,302,244
1,302,245
1,303,245
1,303,246
1,303,247
1,304,247
1,304,248
1,304,249
1,305,249
1,305,250
1,305,251
1,306,251
1,306,252
1,306,253
1,307,253
1,307,254
1,307,255
1,308,255
1,308,256
1,308,257
1,309,257
1,309,258
1,310,258
1,310,259
1,310,260
1,311,260
1,312,260
1,313,260
1,313,259
1,314,259
1,314,258
1,315,258
1,315,257
1,316,257
1,316,256
1,317,256
1,317,255
1,317,254
1,318,254
1,318,253
1,319,253
1,320,253
1,320,252
1,321,252
1,322,252
1,323,252
1,324,252
1,325,252
1,326,252
1,327,252
1,328,252
1,328,251
1,329,251
1,329,250
1,330,250
1,330,249
1,330,248
1,331,248
1,331,247
1,332,247
1,332,246
1,333,246
1,333,245
1,334,245
1,335,245
1,336,245
1,337,245
1,338,245
1,339,245
1,339,246
1,339,247
1,339,248
1,338,248
1,338,249
1,337,249
1,337,250
1,337,251
1,336,251
1,336,252
1,335,252
1,335,253
1,334,253
1,334,254
1,333,254
1,333,255
1,332,255
1,332,256
1,332,257
1,331,257
1,331,258
1,330,258
1,330,259
1,329,259
1,329,260
1,328,260
1,328,261
1,328,262
1,327,262
1,327,263
1,326,263
1,326,264
1,325,264
1,325,265
1,324,265
1,324,266
1,323,266
1,323,267
1,323,268
1,322,268
1,322,269
1,321,269
1,321,270
1,320,270
1,320,271
1,319,271
1,319,272
1,318,272
1,318,273
1,318,274
1,317,274
1,317,275
1,316,275
1,316,276
1,315,276
1,315,277
1,314,277
1,314,278
1,313,278
1,313,279
1,313,280
1,312,280
1,312,281
1,311,281
1,311,282
1,310,282
1,310,283
1,309,283
1,309,284
1,308,284
1,308,285
1,308,286
1,307,286
1,307,287
1,306,287
1,306,288
1,305,288
1,305,289
1,304,289
1,304,290
1,304,291
1,303,291
1,303,292
1,302,292
1,302,293
1,301,293
1,301,294
1,300,294
1,300,295
1,299,295
1,299,296
1,299,297
1,298,297
1,298,298
1,297,298
1,297,299
1,296,299
1,296,300
1,295,300
1,295,301
1,294,301
1,294,302
1,294,303
1,293,303
1,293,304
1,292,304
1,292,305
1,291,305
1,291,306
1,290,306
1,290,307
1,289,307
1,289,308
1,289,309
1,288,309
1,288,310
1,287,310
1,287,311
1,286,311
1,286,312
1,285,312
1,285,313
1,284,313
1,284,314
1,284,315
1,283,315
1,283,316
1,282,316
1,282,317
1,281,317
1,281,318
1,280,318
1,280,319
1,279,319
1,279,320
1,279,321
1,278,321
1,278,322
1,277,322
1,277,323
1,276,323
1,276,324
1,275,324
1,275,325
1,274,325
1,274,326
1,274,327
1,273,327
1,273,328
1,272,328
1,272,329
1,271,329
1,271,330
1,270,330
1,270,331
1,269,331
1,269,332
1,269,333
1,268,333
1,268,334
1,267,334
1,267,335
1,266,335
1,266,336
1,265,336
1,265,337
1,265,338
1,264,338
1,264,339
1,263,339
1,263,340
1,262,340
1,262,341
1,261,341
1,261,342
1,260,342
1,260,343
1,260,344
1,259,344
1,259,345
1,258,345
1,258,346
1,257,346
1,257,347
1,256,347
1,256,348
1,255,348
1,255,349
1,255,350
1,254,350
1,254,351
1,253,351
1,253,352
1,252,352
1,252,353
1,251,353
1,251,354
1,250,354
1,250,355
1,250,356
1,249,356
1,249,357
1,248,357
1,248,358
1,247,358
1,247,359
1,246,359
1,246,360
1,245,360
1,245,361
1,245,362
1,244,362
1,244,363
1,243,363
1,243,364
1,242,364
1,242,365
1,241,365
1,241,366
1,241,367
1,240,367
1,240,368
1,239,368
1,239,369
1,238,369
1,238,370
1,237,370
1,237,371
1,236,371
1,236,372
1,236,373
1,235,373
1,235,374
1,234,374
1,234,375
1,233,375
1,233,376
1,232,376
1,232,377
1,231,377
1,231,378
1,231,379
1,230,379
1,230,380
1,229,380
1,229,381
1,228,381
1,228,382
1,227,382
1,227,383
1,227,384
1,226,384
1,226,385
1,225,385
1,225,386
1,224,386
1,224,387
1,223,387
1,223,388
1,222,388
1,222,389
1,222,390
1,221,390
1,221,391
1,220,391
1,220,392
1,219,392
1,219,393
1,218,393
1,218,394
1,217,394
1,217,395
1,217,396
1,216,396
1,216,397
1,215,397
1,215,398
1,214,398
1,214,399
1,213,399
1,213,400
1,213,401
1,212,401
1,212,402
1,211,402
1,211,403
1,210,403
1,210,404
1,209,404
1,209,405
1,208,405
1,208,406
1,208,407
1,207,407
1,207,408
1,206,408
1,206,409
1,205,409
1,205,410
1,204,410
1,204,411
1,204,412
1,203,412
1,203,413
1,202,413
1,202,414
1,201,414
1,201,415
1,200,415
1,200,416
1,200,417
1,199,417
1,199,418
1,198,418
1,198,419
1,197,419
1,197,420
1,196,420
1,196,421
1,195,421
1,195,422
1,195,423
1,194,423
1,194,424
1,193,424
1,193,425
1,192,425
1,192,426
1,191,426
1,191,427
1,191,428
1,190,428
1,190,429
1,189,429
1,189,430
1,188,430
1,188,431
1,187,431
1,187,432
1,187,433
1,186,433
1,186,434
1,185,434
1,185,435
1,184,435
1,184,436
1,183,436
1,183,437
1,183,438
1,182,438
1,182,439
1,181,439
1,181,440
1,180,440
1,180,441
1,179,441
1,179,442
1,178,442
1,178,443
1,178,444
1,177,444
1,177,445
1,176,445
1,176,446
1,175,446
1,175,447
1,174,447
1,174,448
1,174,449
1,173,449
1,173,450
1,172,450
1,172,451
1,171,451
1,171,452
1,170,452
1,170,453
1,170,454
1,169,454
1,169,455
1,168,455
1,168,456
1,167,456
1,167,457
1,166,457
1,166,458
1,166,459
1,165,459
1,165,460
1,164,460
1,164,461
1,164,462
1,164,463
1,164,464
1,164,465
1,165,465
1,166,465
1,166,466
1,166,467
1,166,468
1,166,469
1,165,469
1,165,470
1,164,470
1,164,471
1,164,472
1,163,472
1,163,473
1,162,473
1,162,474
1,161,474
1,161,475
1,161,476
1,161,477
1,161,478
1,161,479
1,161,480
1,161,481
1,162,481
1,163,481
1,163,482
1,163,483
1,163,484
1,162,484
1,162,485
1,161,485
1,161,486
1,160,486
1,160,487
1,160,488
1,159,488
1,159,489
1,158,489
1,158,490
1,157,490
1,157,491
1,157,492
1,157,493
1,157,494
1,157,495
1,158,495
1,159,495
1,159,496
1,160,496
1,161,496
1,161,497
1,162,497
1,163,497
1,163,498
1,164,498
1,165,498
1,165,499
1,166,499
1,167,499
1,168,499
1,168,500
1,169,500
1,170,500
1,170,501
1,171,501
1,172,501
1,172,502
1,173,502
1,174,502
1,174,503
1,175,503
1,176,503
1,176,504
1,177,504
1,178,504
1,178,505
1,179,505
1,180,505
1,180,506
1,181,506
1,182,506
1,182,507
1,183,507
1,183,508
1,184,508
1,185,508
1,185,509
1,186,509
1,187,509
1,187,510
1,188,510
1,189,510
1,189,511
1,190,511
1,191,511
1,191,512
1,192,512
1,193,512
1,193,513
1,194,513
1,195,513
1,195,514
1,196,514
1,196,515
1,197,515
1,198,515
1,198,516
1,199,516
1,200,516
1,200,517
1,201,517
1,201,518
1,202,518
1,203,518
1,203,519
1,204,519
1,205,519
1,205,520
1,206,520
1,207,520
1,207,521
1,208,521
1,208,522
1,209,522
1,210,522
1,210,523
1,211,523
1,211,524
1,212,524
1,213,524
1,213,525
1,214,525
1,215,525
1,215,526
1,216,526
1,216,527
1,217,527
1,218,527
1,218,528
1,219,528
1,219,529
1,220,529
1,221,529
1,221,530
1,222,530
1,223,530
1,223,531
1,224,531
1,224,532
1,225,532
1,226,532
1,226,533
1,227,533
1,227,534
1,228,534
1,229,534
1,229,535
1,230,535
1,230,536
1,231,536
1,232,536
1,232,537
1,233,537
1,233,538
1,234,538
1,235,538
1,235,539
1,236,539
1,236,540
1,237,540
1,238,540
1,238,541
1,239,541
1,239,542
1,240,542
1,240,543
1,241,543
1,242,543
1,242,544
1,243,544
1,243,545
1,244,545
1,245,545
1,245,546
1,246,546
1,246,547
1,247,547
1,247,548
1,248,548
1,249,548
1,249,549
1,250,549
1,250,550
1,251,550
1,252,550
1,252,551
1,253,551
1,253,552
1,254,552
1,254,553
1,255,553
1,256,553
1,256,554
1,257,554
1,257,555
1,258,555
1,258,556
1,259,556
1,260,556
1,261,556
1,262,556
1,262,555
1,263,555
1,263,554
1,263,553
1,264,553
1,264,552
1,265,552
1,265,551
1,266,551
1,266,550
1,267,550
1,268,550
1,269,550
1,270,550
1,271,550
1,272,550
1,273,550
1,274,550
1,275,550
1,276,550
1,276,549
1,277,549
1,277,548
1,278,548
1,278,547
1,278,546
1,279,546
1,279,545
1,280,545
1,281,545
1,282,545
1,283,545
1,284,545
1,285,545
1,286,545
1,287,545
1,288,545
1,289,545
1,289,544
1,290,544
1,290,543
1,290,542
1,291,542
1,291,541
1,292,541
1,292,540
1,293,540
1,293,539
1,293,538
1,294,538
1,294,537
1,295,537
1,295,536
1,295,535
1,296,535
1,296,534
1,297,534
1,297,533
1,297,532
1,298,532
1,298,531
1,299,531
1,299,530
1,300,530
1,300,529
1,300,528
1,301,528
1,301,527
1,302,527
1,302,526
1,302,525
1,303,525
1,303,524
1,304,524
1,304,523
1,304,522
1,305,522
1,305,521
1,306,521
1,306,520
1,307,520
1,307,519
1,307,518
1,308,518
1,308,517
1,309,517
1,309,516
1,310,516
1,310,515
1,310,514
1,311,514
1,311,513
1,312,513
1,312,512
1,312,511
1,313,511
1,313,510
1,314,510
1,314,509
1,315,509
1,315,508
1,315,507
1,316,507
1,316,506
1,317,506
1,317,505
1,317,504
1,318,504
1,318,503
1,319,503
1,319,502
1,320,502
1,320,501
1,320,500
1,321,500
1,321,499
1,322,499
1,322,498
1,323,498
1,323,497
1,323,496
1,324,496
1,324,495
1,325,495
1,325,494
1,326,494
1,326,493
1,326,492
1,327,492
1,327,491
1,328,491
1,328,490
1,329,490
1,329,489
1,329,488
1,330,488
1,330,487
1,331,487
1,331,486
1,332,486
1,332,485
1,332,484
1,333,484
1,333,483
1,334,483
1,334,482
1,335,482
1,335,481
1,335,480
1,336,480
1,336,479
1,337,479
1,338,479
1,339,479
1,340,479
1,341,479
1,342,479
1,342,480
1,343,480
1,344,480
1,345,480
1,346,480
1,346,479
1,346,478
1,347,478
1,347,477
1,348,477
1,348,476
1,349,476
1,349,475
1,349,474
1,350,474
1,350,473
1,351,473
1,351,472
1,352,472
1,352,471
1,352,470
1,353,470
1,353,469
1,354,469
1,354,468
1,355,468
1,355,467
1,356,467
1,356,466
1,356,465
1,357,465
1,357,464
1,358,464
1,358,463
1,359,463
1,359,462
1,359,461
1,360,461
1,360,460
1,361,460
1,361,459
1,362,459
1,362,458
1,362,457
1,363,457
1,363,456
1,364,456
1,364,455
1,365,455
1,365,454
1,366,454
1,366,453
1,366,452
1,367,452
1,367,451
1,368,451
1,368,450
1,369,450
1,369,449
1,369,448
1,370,448
1,370,447
1,371,447
1,371,446
1,372,446
1,372,445
1,373,445
1,373,444
1,373,443
1,374,443
1,374,442
1,375,442
1,375,441
1,376,441
1,376,440
1,377,440
1,377,439
1,377,438
1,378,438
1,378,437
1,379,437
1,379,436
1,380,436
1,380,435
1,381,435
1,381,434
1,381,433
1,382,433
1,382,432
1,383,432
1,383,431
1,384,431
1,384,430
1,384,429
1,385,429
1,385,428
1,386,428
1,386,427
1,387,427
1,387,426
1,388,426
1,388,425
1,389,425
1,389,424
1,389,423
1,390,423
1,390,422
1,391,422
1,391,421
1,392,421
1,392,420
1,393,420
1,393,419
1,393,418
1,394,418
1,394,417
1,395,417
1,395,416
1,396,416
1,396,415
1,397,415
1,397,414
1,397,413
1,398,413
1,398,412
1,399,412
1,399,411
1,400,411
1,400,410
1,401,410
1,401,409
1,401,408
1,402,408
1,402,407
1,403,407
1,403,406
1,404,406
1,404,405
1,405,405
1,405,404
1,406,404
1,406,403
1,406,402
1,407,402
1,407,401
1,408,401
1,408,400
1,409,400
1,409,399
1,410,399
1,410,398
1,411,398
1,411,397
1,411,396
1,412,396
1,412,395
1,413,395
1,413,394
1,414,394
1,414,393
1,415,393
1,415,392
1,416,392
1,416,391
1,416,390
1,417,390
1,417,389
1,418,389
1,418,388
1,419,388
1,419,387
1,420,387
1,421,387
1,422,387
1,423,387
1,423,388
1,424,388
1,424,389
1,424,390
1,425,390
1,425,391
1,425,392
1,425,393
1,424,393
1,424,394
1,423,394
1,423,395
1,422,395
1,422,396
1,422,397
1,421,397
1,421,398
1,421,399
1,420,399
1,420,400
1,420,401
1,420,402
1,420,403
1,420,404
1,421,404
1,421,405
1,421,406
1,422,406
1,422,407
1,422,408
1,422,409
1,422,410
1,421,410
1,421,411
1,420,411
1,420,412
1,419,412
1,419,413
1,418,413
1,418,414
1,418,415
1,417,415
1,417,416
1,417,417
1,417,418
1,417,419
1,417,420
1,418,420
1,418,421
1,419,421
1,419,422
1,419,423
1,420,423
1,420,424
1,421,424
1,421,425
1,422,425
1,422,426
1,422,427
1,423,427
1,423,428
1,424,428
1,424,429
1,425,429
1,425,430
1,425,431
1,426,431
1,426,432
1,427,432
1,427,433
1,427,434
1,428,434
1,428,435
1,429,435
1,429,436
1,430,436
1,430,437
1,430,438
1,431,438
1,431,439
1,432,439
1,432,440
1,433,440
1,433,441
1,433,442
1,434,442
1,434,443
1,435,443
1,435,444
1,436,444
1,436,445
1,436,446
1,437,446
1,437,447
1,438,447
1,438,448
1,439,448
1,440,448
1,441,448
1,442,448
1,443,448
1,443,447
1,444,447
1,444,446
1,445,446
1,445,445
1,446,445
1,447,445
1,448,445
1,449,445
1,450,445
1,450,446
1,451,446
1,451,447
1,452,447
1,453,447
1,454,447
1,455,447
1,455,446
1,456,446
1,456,445
1,456,444
1,457,444
1,457,443
1,458,443
1,458,442
1,459,442
1,459,441
1,460,441
1,460,440
1,461,440
1,461,439
1,461,438
1,462,438
1,462,437
1,463,437
1,463,436
1,464,436
1,464,435
1,465,435
1,465,434
1,466,434
1,466,433
1,466,432
1,467,432
1,467,431
1,468,431
1,468,430
1,469,430
1,469,429
1,470,429
1,470,428
1,471,428
1,471,427
1,472,427
1,472,426
1,472,425
1,473,425
1,473,424
1,474,424
1,474,423
1,475,423
1,475,422
1,476,422
1,476,421
1,477,421
1,477,420
1,478,420
1,478,419
1,478,418
1,479,418
1,479,417
1,480,417
1,480,416
1,481,416
1,481,415
1,482,415
1,482,414
1,483,414
1,483,413
1,484,413
1,484,412
1,485,412
1,485,411
1,485,410
1,486,410
1,486,409
1,486,408
1,487,408
1,487,407
1,487,406
1,487,405
1,487,404
1,487,403
1,486,403
1,485,403
1,485,402
1,484,402
1,483,402
1,482,402
1,481,402
1,481,403
1,480,403
1,480,404
1,479,404
1,479,405
1,479,406
1,478,406
1,478,407
1,477,407
1,477,408
1,476,408
1,476,409
1,475,409
1,475,410
1,474,410
1,474,411
1,473,411
1,473,412
1,473,413
1,472,413
1,472,414
1,471,414
1,471,415
1,470,415
1,470,416
1,469,416
1,469,417
1,468,417
1,468,418
1,467,418
1,467,419
1,467,420
1,466,420
1,466,421
1,465,421
1,465,422
1,464,422
1,464,423
1,463,423
1,463,424
1,462,424
1,462,425
1,462,426
1,461,426
1,461,427
1,460,427
1,460,428
1,459,428
1,459,429
1,458,429
1,458,430
1,457,430
1,457,431
1,456,431
1,455,431
1,454,431
1,453,431
1,452,431
1,451,431
1,451,430
1,450,430
1,449,430
1,448,430
1,447,430
1,447,431
1,446,431
1,446,432
1,445,432
1,444,432
1,444,433
1,443,433
1,442,433
1,441,433
1,440,433
1,439,433
1,439,432
1,438,432
1,438,431
1,438,430
1,437,430
1,437,429
1,436,429
1,436,428
1,435,428
1,435,427
1,435,426
1,434,426
1,434,425
1,433,425
1,433,424
1,432,424
1,432,423
1,432,422
1,431,422
1,431,421
1,430,421
1,430,420
1,430,419
1,429,419
1,429,418
1,428,418
1,428,417
1,428,416
1,428,415
1,428,414
1,428,413
1,429,413
1,429,412
1,430,412
1,430,411
1,431,411
1,431,410
1,432,410
1,432,409
1,432,408
1,432,407
1,432,406
1,432,405
1,432,404
1,432,403
1,432,402
1,431,402
1,431,401
1,431,400
1,431,399
1,431,398
1,431,397
1,432,397
1,432,396
1,433,396
1,433,395
1,434,395
1,434,394
1,435,394
1,435,393
1,435,392
1,436,392
1,436,391
1,436,390
1,436,389
1,436,388
1,436,387
1,436,386
1,435,386
1,435,385
1,434,385
1,434,384
1,434,383
1,434,382
1,434,381
1,435,381
1,435,380
1,436,380
1,436,379
1,436,378
1,437,378
1,437,377
1,438,377
1,438,376
1,439,376
1,439,375
1,439,374
1,439,373
1,439,372
1,439,371
1,439,370
1,439,369
1,438,369
1,438,368
1,438,367
1,438,366
1,438,365
1,438,364
1,439,364
1,439,363
1,440,363
1,440,362
1,441,362
1,441,361
1,442,361
1,442,360
1,443,360
1,443,359
1,443,358
1,443,357
1,443,356
1,443,355
1,443,354
1,442,354
1,442,353
1,441,353
1,440,353
1,439,353
1,438,353
1,438,354
1,437,354
1,437,355
1,436,355
1,436,356
1,435,356
1,435,357
1,434,357
1,434,358
1,434,359
1,433,359
1,433,360
1,432,360
1,432,361
1,431,361
1,431,362
1,430,362
1,430,363
1,429,363
1,429,364
1,428,364
1,428,365
1,428,366
1,427,366
1,427,367
1,426,367
1,426,368
1,425,368
1,425,369
1,424,369
1,424,370
1,423,370
1,423,371
1,423,372
1,422,372
1,422,373
1,421,373
1,421,374
1,420,374
1,420,375
1,419,375
1,419,376
1,418,376
1,418,377
1,418,378
1,417,378
1,417,379
1,416,379
1,416,380
1,415,380
1,415,381
1,414,381
1,414,382
1,413,382
1,413,383
1,413,384
1,412,384
1,412,385
1,411,385
1,411,386
1,410,386
1,410,387
1,409,387
1,409,388
1,408,388
1,408,389
1,408,390
1,407,390
1,407,391
1,406,391
1,406,392
1,405,392
1,405,393
1,404,393
1,404,394
1,403,394
1,403,395
1,403,396
1,402,396
1,402,397
1,401,397
1,401,398
1,400,398
1,400,399
1,399,399
1,399,400
1,399,401
1,398,401
1,398,402
1,397,402
1,397,403
1,396,403
1,396,404
1,395,404
1,395,405
1,394,405
1,393,405
1,392,405
1,391,405
1,390,405
1,390,404
1,389,404
1,389,403
1,388,403
1,388,402
1,387,402
1,387,401
1,387,400
1,386,400
1,386,399
1,385,399
1,385,398
1,384,398
1,384,397
1,384,396
1,383,396
1,383,395
1,382,395
1,382,394
1,381,394
1,381,393
1,381,392
1,380,392
1,380,391
1,379,391
1,379,390
1,378,390
1,378,389
1,378,388
1,377,388
1,377,387
1,376,387
1,376,386
1,375,386
1,375,385
1,375,384
1,374,384
1,374,383
1,373,383
1,373,382
1,372,382
1,372,381
1,372,380
1,371,380
1,371,379
1,370,379
1,370,378
1,369,378
1,369,377
1,369,376
1,368,376
1,368,375
1,367,375
1,367,374
1,366,374
1,366,373
1,366,372
1,365,372
1,365,371
1,364,371
1,364,370
1,364,369
1,363,369
1,363,368
1,362,368
1,362,367
1,361,367
1,361,366
1,361,365
1,360,365
1,360,364
1,359,364
1,359,363
1,358,363
1,358,362
1,358,361
1,357,361
1,357,360
1,356,360
1,356,359
1,355,359
1,355,358
1,355,357
1,354,357
1,354,356
1,353,356
1,353,355
1,353,354
1,352,354
1,352,353
1,351,353
1,351,352
1,350,352
1,350,351
1,350,350
1,349,350
1,349,349
1,348,349
1,348,348
1,347,348
1,347,347
1,347,346
1,346,346
1,346,345
1,345,345
1,345,344
1,345,343
1,344,343
1,344,342
1,343,342
1,343,341
1,342,341
1,342,340
1,342,339
1,341,339
1,341,338
1,340,338
1,340,337
1,340,336
1,339,336
1,339,335
1,338,335
1,338,334
1,337,334
1,337,333
1,337,332
1,336,332
1,336,331
1,335,331
1,335,330
1,335,329
1,334,329
1,334,328
1,333,328
1,333,327
1,332,327
1,332,326
1,332,325
1,331,325
1,331,324
1,330,324
1,330,323
1,330,322
1,329,322
1,329,321
1,328,321
1,328,320
1,327,320
1,327,319
1,327,318
1,326,318
1,326,317
1,325,317
1,325,316
1,325,315
1,324,315
1,324,314
1,323,314
1,323,313
1,323,312
1,322,312
1,322,311
1,321,311
1,321,310
1,320,310
1,320,309
1,320,308
1,319,308
1,319,307
1,318,307
1,318,306
1,318,305
1,317,305
1,317,304
1,316,304
1,316,303
1,316,302
1,315,302
1,315,301
1,314,301
1,314,300
1,314,299
1,313,299
1,313,298
1,312,298
1,312,297
1,312,296
1,311,296
1,311,295
1,310,295
1,310,294
1,310,293
1,310,292
1,310,291
1,311,291
1,311,290
1,312,290
1,312,289
1,313,289
1,313,288
1,313,287
1,314,287
1,314,286
1,315,286
1,315,285
1,316,285
1,316,284
1,317,284
1,317,283
1,318,283
1,318,282
1,318,281
1,319,281
1,319,280
1,320,280
1,320,279
1,321,279
1,321,278
1,322,278
1,322,277
1,323,277
1,323,276
1,323,275
1,324,275
1,324,274
1,325,274
1,325,273
1,326,273
1,326,272
1,327,272
1,327,271
1,328,271
1,328,270
1,328,269
1,329,269
1,329,268
1,330,268
1,330,267
1,331,267
1,331,266
1,332,266
1,332,265
1,333,265
1,333,264
1,333,263
1,334,263
1,334,262
1,335,262
1,335,261
1,336,261
1,336,260
1,337,260
1,337,259
1,338,259
1,338,258
1,338,257
1,339,257
1,339,256
1,340,256
1,340,255
1,341,255
1,341,254
1,342,254
1,342,253
1,343,253
1,343,252
1,343,251
1,344,251
1,344,250
1,345,250
1,345,249
1,346,249
1,346,248
1,347,248
1,347,247
1,348,247
1,348,246
1,348,245
1,349,245
1,349,244
1,350,244
1,350,243
1,351,243
1,351,242
1,352,242
1,352,241
1,353,241
1,353,240
1,353,239
1,354,239
1,354,238
1,355,238
1,355,237
1,356,237
1,356,236
1,357,236
1,357,235
1,358,235
1,358,234
1,358,233
1,359,233
1,359,232
1,360,232
1,360,231
1,361,231
1,361,230
1,362,230
1,362,229
1,362,228
1,363,228
1,363,227
1,364,227
1,364,226
1,365,226
1,365,225
1,366,225
1,366,224
1,367,224
1,367,223
1,367,222
1,368,222
1,368,221
1,369,221
1,369,220
1,370,220
1,370,219
1,371,219
1,371,218
1,372,218
1,372,217
1,372,216
1,373,216
1,373,215
1,374,215
1,374,214
1,375,214
1,375,213
1,376,213
1,376,212
1,377,212
1,377,211
1,378,210
1,378,209
1,379,209
1,379,208
1,380,208
1,380,207
1,380,206
1,381,206
1,381,205
1,381,204
1,381,203
1,381,202
1,381,201
1,381,200
1,381,199
1,380,199
1,379,199
1,378,200
1,378,201
1,377,201
1,377,202
1,376,202
1,376,203
1,375,203
1,375,204
1,374,204
1,374,205
1,373,205
1,372,205
1,371,205
1,370,205
1,369,205
1,369,204
1,368,204
1,367,204
1,367,205
1,366,205
1,366,206
1,365,206
1,365,207
1,364,207
1,364,208
1,364,209
1,363,209
1,363,210
1,362,210
1,362,211
1,361,211
1,361,212
1,360,212
1,360,213
1,359,213
1,359,214
1,359,215
1,358,215
1,358,216
1,357,216
1,357,217
1,356,217
1,356,218
1,355,218
1,355,219
1,355,220
1,354,220
1,354,221
1,353,221
1,353,222
1,352,222
1,352,223
1,351,223
1,351,224
1,350,224
1,350,225
1,349,225
1,348,225
1,347,225
1,346,225
1,345,225
1,344,225
1,343,225
1,342,225
1,342,226
1,341,226
1,341,227
1,340,227
1,340,228
1,339,228
1,339,229
1,338,229
1,338,230
1,337,230
1,337,231
1,337,232
1,336,232
1,336,233
1,335,233
1,334,233
1,333,233
1,332,233
1,331,233
1,330,233
1,329,233
1,328,233
1,328,234
1,327,234
1,327,235
1,326,235
1,326,236
1,325,236
1,325,237
1,324,237
1,324,238
1,323,238
1,323,239
1,323,240
1,322,240
1,321,240
1,321,241
1,320,241
1,319,241
1,318,241
1,317,241
1,316,241
1,316,240
1,315,240
1,315,239
1,315,238
1,315,237
1,314,237
1,314,236
1,314,235
1,313,235
1,313,234
1,313,233
1,312,233
1,312,232
1,312,231
1,311,231
1,311,230
1,311,229
1,311,228
1,311,227
1,311,226
1,312,226
1,312,225
1,313,225
1,313,224
1,314,224
1,314,223
1,315,222
1,315,221
1,316,221
1,316,220
1,317,220
1,317,219
1,318,219
1,318,218
1,318,217
1,319,217
1,319,216
1,320,216
1,320,215
1,320,214
1,320,213
1,320,212
1,320,211
1,320,210
1,320,209
1,320,208
1,320,207
1,321,207
1,321,206
1,321,205
1,322,205
1,323,204
1,323,203
1,324,203
1,324,202
1,325,202
1,325,201
1,326,200
1,326,199
1,327,199
1,327,198
1,328,198
1,328,197
1,329,197
1,329,196
1,330,196
1,330,195
1,330,194
1,331,194
1,331,193
1,332,193
1,332,192
1,333,192
1,333,191
1,334,190
1,335,189
1,335,188
1,336,188
1,336,187
1,337,187
1,337,186
1,338,186
1,338,185
1,338,184
1,339,184
1,340,183
1,340,182
1,341,182
1,341,181
1,342,181
1,342,180
1,343,179
1,343,178
1,344,178
1,344,177
1,345,177
1,345,176
1,346,176
1,346,175
1,347,174
1,348,173
1,348,172
1,349,172
1,349,171
1,350,171
1,350,170
1,351,169
1,351,168
1,352,168
1,352,167
1,353,167
1,353,166
1,354,166
1,354,165
1,355,164
1,356,163
1,356,162
1,357,162
1,357,161
1,358,161
1,358,160
1,359,159
1,359,158
1,360,158
1,360,157
1,361,157
1,361,156
1,362,156
1,362,155
1,362,154
1,363,154
1,363,153
1,364,153
1,364,152
1,365,152
1,365,151
1,366,151
1,366,150
1,367,149
1,367,148
1,368,148
1,369,148
1,370,148
1,371,148
1,372,148
1,373,148
1,374,148
1,375,148
1,375,147
1,376,147
1,376,146
1,377,146
1,377,145
1,377,144
1,378,144
1,378,143
1,379,143
1,379,142
1,380,142
1,380,141
1,381,141
1,381,140
1,381,139
1,382,139
1,382,138
1,383,138
1,383,137
1,384,137
1,384,136
1,385,135
1,385,134
1,386,134
1,386,133
1,387,133
1,387,132
1,388,132
1,388,131
1,388,130
1,389,130
1,389,129
1,390,129
1,390,128
1,391,128
1,391,127
1,392,127
1,392,126
1,393,126
1,393,125
1,394,125
1,395,125
1,396,125
1,397,125
1,397,126
1,398,126
1,399,126
1,400,126
1,400,125
1,401,125
1,401,124
1,402,124
1,402,123
1,402,122
1,403,122
1,403,121
1,404,121
1,404,120
1,405,120
1,405,119
1,406,119
1,406,118
1,406,117
1,407,117
1,407,116
1,408,116
1,408,115
1,409,115
1,409,114
1,409,113
1,410,113
1,410,112
1,411,112
1,411,111
1,412,111
1,412,110
1,413,110
1,413,109
1,413,108
1,414,108
1,414,107
1,415,107
1,415,106
1,416,106
1,416,105
1,416,104
1,416,103
1,417,103
1,417,102
1,417,101
1,417,100
1,417,99
1,417,98
1,417,97
1,417,96
1,416,96
1,415,96
1,415,97
1,414,97
1,414,98
1,413,98
1,413,99
1,412,99
1,412,100
1,411,101
1,411,102
1,410,102
1,410,103
1,409,103
1,408,103
1,407,103
1,406,103
1,406,102
1,405,102
1,404,102
1,403,102
1,403,103
1,402,103
1,402,104
1,401,104
1,401,105
1,400,105
1,400,106
1,399,107
1,399,108
1,398,108
1,398,109
1,397,109
1,397,110
1,397,111
1,396,111
1,396,112
1,395,112
1,395,113
1,394,113
1,394,114
1,394,115
1,393,115
1,392,116
1,392,117
1,391,117
1,391,118
1,390,119
1,390,120
1,389,120
1,389,121
1,388,121
1,388,122
1,387,122
1,387,123
1,387,124
1,386,124
1,386,125
1,385,125
1,385,126
1,384,126
1,383,126
1,382,126
1,381,126
1,382,126
1,383,126
1,384,126
1,385,126
1,385,125
1,386,125
1,386,124
1,387,124
1,387,123
1,388,123
1,388,122
1,388,121
1,389,121
1,389,120
1,390,120
1,390,119
1,391,119
1,391,118
1,392,117
1,392,116
1,393,116
1,393,115
1,394,115
1,394,114
1,395,114
1,395,113
1,395,112
1,396,112
1,396,111
1,397,111
1,397,110
1,398,109
1,398,108
1,399,108
1,399,107
1,400,107
1,400,106
1,401,106
1,401,105
1,402,105
1,402,104
1,402,103
1,403,103
1,403,102
1,404,102
1,405,102
1,406,102
1,407,102
1,408,102
1,408,103
1,409,103
1,410,103
1,410,102
1,411,102
1,411,101
1,412,101
1,412,100
1,413,99
1,413,98
1,414,98
1,414,97
1,415,97
1,415,96
1,416,96
1,416,95
1,417,95
1,418,95
1,419,95
1,420,95
1,420,96
1,421,96
1,422,96
1,423,96
1,424,96
1,424,95
1,424,94
1,425,94
1,425,93
1,426,93
1,426,92
1,427,92
1,427,91
1,427,90
1,428,90
1,428,89
1,429,89
1,429,88
1,430,88
1,430,87
1,430,86
1,431,86
1,431,85
1,432,85
1,432,84
1,433,84
1,433,83
1,434,83
1,434,82
1,434,81
1,435,81
1,435,80
1,436,80
1,436,79
1,437,79
1,437,78
1,437,77
1,438,77
1,438,76
1,439,76
1,439,75
1,440,75
1,440,74
1,441,74
1,442,74
1,443,74
1,444,74
1,444,75
1,445,75
1,446,75
1,447,75
1,448,74
1,448,73
1,449,73
1,449,72
1,450,72
1,450,71
1,451,71
1,451,70
1,451,69
1,452,69
1,453,69
1,454,69
1,455,69
1,455,70
1,455,71
1,456,71
1,457,71
1,458,71
1,458,70
1,459,70
1,459,69
1,460,69
1,460,68
1,461,68
1,461,67
1,462,67
1,462,66
1,462,65
1,463,65
1,464,65
1,465,65
1,466,65
1,467,65
1,467,66
1,467,67
1,468,67
1,469,67
1,470,67
1,470,66
1,470,65
1,471,65
1,471,64
1,472,64
1,472,63
1,473,63
1,473,62
1,474,62
1,474,61
1,475,60
1,475,59
1,476,59
1,476,58
1,477,58
1,477,57
1,478,57
1,478,56
1,478,55
1,479,55
1,479,54
1,480,54
1,480,53
1,481,53
1,481,52
1,482,52
1,482,51
1,482,50
1,483,50
1,483,49
1,484,49
1,484,48
1,484,47
1,485,47
1,485,46
1,485,45
1,485,44
1,485,43
1,485,42
1,485,41
1,485,40
1,485,39
1,485,38
1,485,37
1,486,37
1,486,36
1,486,35
1,487,35
1,487,34
1,487,33
1,488,33
1,488,32
1,489,32
1,489,31
1,490,31
1,490,30
1,490,29
1,491,29
1,491,28
1,492,28
1,492,27
1,493,27
1,493,26
1,494,26
1,494,25
1,494,24
1,495,24
1,495,23
1,495,22
1,495,21
1,495,20
1,495,19
1,495,18
1,495,17
1,495,16
1,495,15
1,495,14
1,495,13
1,495,12
1,496,12
1,496,11
1,497,11
1,497,10
1,498,10
1,498,9
1,498,8
1,499,8
1,499,7
1,500,7
1,500,6
1,501,6
1,501,5
1,501,4
1,502,4
1,502,3
1,503,3
1,503,2
1,504,2
1,504,1
1,504,0
1,505,0
1,505,-1
1,505,-2
1,506,-3
1,506,-4
1,506,-5
1,506,-6
1,506,-7
1,506,-8
1,506,-9
1,506,-10
1,506,-11
1,506,-12
1,506,-13
1,507,-13
1,507,-14
1,507,-15
1,508,-15
1,508,-16
1,509,-16
1,509,-17
1,510,-17
1,510,-18
1,510,-19
1,511,-19
1,511,-20
1,512,-20
1,512,-21
1,513,-21
1,513,-22
1,513,-23
1,514,-23
1,514,-24
1,515,-24
1,515,-25
1,516,-25
1,516,-26
1,516,-27
1,517,-27
1,517,-28
1,518,-28
1,518,-29
1,519,-29
1,519,-30
1,519,-31
1,520,-31
1,520,-32
1,521,-32
1,521,-33
1,522,-33
1,522,-34
1,522,-35
1,523,-35
1,523,-36
1,524,-36
1,524,-37
1,525,-37
1,525,-38
1,525,-39
1,526,-39
1,526,-40
1,527,-40
1,527,-41
1,527,-42
1,528,-42
1,528,-43
1,529,-43
1,529,-44
1,530,-44
1,530,-45
1,531,-45
1,531,-46
1,531,-47
1,532,-47
1,532,-48
1,533,-48
1,533,-49
1,534,-49
1,534,-50
1,534,-51
1,535,-51
1,535,-52
1,536,-52
1,536,-53
1,537,-53
1,537,-54
1,537,-55
1,538,-55
1,538,-56
1,539,-56
1,539,-57
1,540,-57
1,540,-58
1,540,-59
1,541,-59
1,541,-60
1,542,-60
1,542,-61
1,543,-61
1,543,-62
1,543,-63
1,544,-63
1,544,-64
1,545,-64
1,545,-65
1,546,-65
1,546,-66
1,546,-67
1,547,-67
1,547,-68
1,548,-68
1,548,-69
1,549,-69
1,549,-70
1,549,-71
1,550,-71
1,550,-72
1,551,-72
1,551,-73
1,552,-73
1,552,-74
1,553,-74
1,553,-75
1,553,-76
1,554,-76
1,554,-77
1,555,-77
1,555,-78
1,556,-78
1,556,-79
1,556,-80
1,557,-80
1,557,-81
1,558,-81
1,558,-82
1,559,-82
1,559,-83
1,559,-84
1,560,-84
1,560,-85
1,561,-85
1,561,-86
1,562,-86
1,562,-87
1,562,-88
1,563,-88
1,563,-89
1,564,-89
1,564,-90
1,565,-90
1,565,-91
1,565,-92
1,566,-92
1,566,-93
1,567,-93
1,567,-94
1,568,-94
1,568,-95
1,568,-96
1,569,-96
1,569,-97
1,570,-97
1,570,-98
1,571,-98
1,571,-99
1,572,-99
1,572,-100
1,572,-101
1,573,-101
1,573,-102
1,574,-102
1,574,-103
1,575,-103
1,575,-104
1,575,-105
1,576,-105
1,576,-106
1,577,-106
1,577,-107
1,578,-107
1,578,-108
1,578,-109
1,579,-109
1,579,-110
1,580,-110
1,580,-111
1,581,-111
1,581,-112
1,582,-112
1,582,-113
1,582,-114
1,583,-114
1,583,-115
1,584,-115
1,584,-116
1,585,-116
1,585,-117
1,585,-118
1,586,-118
1,586,-119
1,587,-119
1,587,-120
1,588,-120
1,588,-121
1,589,-121
1,589,-122
1,589,-123
1,590,-123
1,590,-124
1,591,-124
1,591,-125
1,592,-125
1,592,-126
1,592,-127
1,593,-127
1,593,-128
1,594,-128
1,594,-129
1,595,-129
1,595,-130
1,596,-130
1,596,-131
1,596,-132
1,597,-132
1,597,-133
1,598,-133
1,598,-134
1,599,-134
1,599,-135
1,600,-135
1,600,-136
1,600,-137
1,601,-137
1,601,-138
1,602,-138
1,602,-139
1,603,-139
1,603,-140
1,604,-140
1,604,-141
1,604,-142
1,605,-142
1,605,-143
1,606,-143
1,606,-144
1,607,-144
1,607,-145
1,608,-145
1,608,-146
1,608,-147
1,609,-147
1,609,-148
1,610,-148
1,610,-149
1,611,-149
1,611,-150
1,612,-150
1,612,-151
1,612,-152
1,613,-152
1,613,-153
1,614,-153
1,614,-154
1,615,-154
1,615,-155
1,616,-155
1,616,-156
1,616,-157
1,617,-157
1,617,-158
1,618,-158
1,618,-159
1,619,-159
1,619,-160
1,620,-160
1,620,-161
1,620,-162
1,621,-162
1,621,-163
1,622,-163
1,622,-164
1,623,-164
1,623,-165
1,624,-165
1,624,-166
1,625,-166
1,625,-167
1,625,-168
1,626,-168
1,626,-169
1,627,-169
1,628,-169
1,629,-169
1,629,-168
1,629,-167
1,629,-166
1,629,-165
1,629,-164
1,629,-163
1,629,-162
1,630,-162
1,631,-162
1,632,-162
1,633,-162
1,634,-162
1,634,-163
1,634,-164
1,635,-164
1,635,-165
1,636,-165
1,636,-166
1,637,-166
1,637,-167
1,638,-167
1,638,-168
1,639,-168
1,639,-169
1,640,-169
1,640,-170
1,640,-171
1,641,-171
1,641,-172
1,642,-172
1,642,-173
1,643,-173
1,643,-174
1,644,-174
1,644,-175
1,645,-175
1,646,-175
1,646,-174
1,646,-173
1,646,-172
1,646,-171
1,646,-170
1,646,-169
1,646,-168
1,646,-167
1,647,-167
1,648,-167
1,649,-167
1,650,-167
1,651,-167
1,651,-168
1,652,-168
1,652,-169
1,653,-169
1,653,-170
1,654,-170
1,654,-171
1,655,-171
1,655,-172
1,656,-172
1,656,-173
1,656,-174
1,657,-174
1,657,-175
1,658,-175
1,658,-176
1,659,-176
1,659,-177
1,660,-177
1,660,-178
1,661,-178
1,662,-178
1,663,-178
1,663,-177
1,663,-176
1,663,-175
1,663,-174
1,663,-173
1,663,-172
1,663,-171
1,664,-171
1,665,-171
1,666,-171
1,667,-171
1,668,-171
1,669,-171
1,669,-172
1,670,-172
1,671,-172
1,672,-172
1,672,-171
1,672,-170
1,672,-169
1,672,-168
1,672,-167
1,672,-166
1,672,-165
1,673,-165
1,674,-165
1,675,-165
1,676,-165
1,677,-165
1,678,-165
1,678,-166
1,679,-166
1,680,-166
1,681,-166
1,681,-165
1,681,-164
1,681,-163
1,681,-162
1,681,-161
1,681,-160
1,681,-159
1,682,-159
1,683,-159
1,684,-159
1,685,-159
1,686,-159
1,687,-159
1,687,-160
1,688,-160
1,689,-160
1,689,-159
1,689,-158
1,689,-157
1,689,-156
1,689,-155
1,689,-154
1,689,-153
1,690,-153
1,691,-153
1,692,-153
1,693,-153
1,694,-153
1,695,-153
1,696,-153
1,697,-153
1,697,-152
1,697,-151
1,697,-150
1,697,-149
1,697,-148
1,697,-147
1,697,-146
1,697,-145
1,697,-144
1,697,-143
1,697,-142
1,697,-141
1,697,-140
1,697,-139
1,697,-138
1,697,-137
1,697,-136
1,697,-135
1,697,-134
1,697,-133
1,697,-132
1,697,-131
1,697,-130
1,697,-129
1,697,-128
1,697,-127
1,697,-126
1,697,-125
1,697,-124
1,697,-123
1,697,-122
1,697,-121
1,697,-120
1,697,-119
1,697,-118
1,697,-117
1,697,-116
1,697,-115
1,696,-115
1,696,-114
1,695,-114
1,695,-113
1,694,-113
1,694,-112
1,693,-112
1,693,-111
1,692,-111
1,692,-110
1,691,-110
1,691,-109
1,691,-108
1,690,-108
1,690,-107
1,690,-106
1,690,-105
1,690,-104
1,690,-103
1,690,-102
1,690,-101
1,690,-100
1,690,-99
1,690,-98
1,690,-97
1,690,-96
1,690,-95
1,690,-94
1,690,-93
1,690,-92
1,690,-91
1,690,-90
1,690,-89
1,690,-88
1,690,-87
1,690,-86
1,690,-85
1,690,-84
1,690,-83
1,690,-82
1,689,-82
1,689,-81
1,688,-81
1,687,-81
1,687,-80
1,686,-80
1,686,-79
1,685,-79
1,685,-78
1,684,-78
1,684,-77
1,683,-77
1,683,-76
1,683,-75
1,682,-75
1,682,-74
1,682,-73
1,682,-72
1,682,-71
1,682,-70
1,682,-69
1,682,-68
1,682,-67
1,682,-66
1,682,-65
1,682,-64
1,682,-63
1,681,-63
1,681,-62
1,680,-62
1,680,-61
1,680,-60
1,679,-60
1,679,-59
1,678,-59
1,678,-58
1,677,-58
1,677,-57
1,676,-57
1,676,-56
1,675,-56
1,675,-55
1,674,-55
1,674,-54
1,674,-53
1,674,-52
1,674,-51
1,674,-50
1,674,-49
1,674,-48
1,674,-47
1,674,-46
1,674,-45
1,674,-44
1,674,-43
1,674,-42
1,673,-42
1,673,-41
1,672,-41
1,672,-40
1,671,-40
1,671,-39
1,670,-39
1,669,-39
1,669,-38
1,668,-38
1,668,-37
1,667,-37
1,667,-36
1,666,-36
1,666,-35
1,666,-34
1,665,-34
1,665,-33
1,665,-32
1,665,-31
1,665,-30
1,665,-29
1,665,-28
1,665,-27
1,665,-26
1,665,-25
1,665,-24
1,665,-23
1,665,-22
1,664,-22
1,664,-21
1,663,-21
1,663,-20
1,662,-20
1,662,-19
1,661,-19
1,661,-18
1,660,-18
1,660,-17
1,659,-17
1,659,-16
1,658,-16
1,658,-15
1,658,-14
1,657,-14
1,657,-13
1,657,-12
1,657,-11
1,657,-10
1,657,-9
1,657,-8
1,657,-7
1,657,-6
1,657,-5
1,657,-4
1,657,-3
1,657,-2
1,657,-1
1,657,0
1,657,1
1,657,2
1,657,3
1,657,4
1,657,5
1,657,6
1,657,7
1,657,8
1,658,8
1,658,9
1,658,10
1,658,11
1,658,12
1,658,13
1,658,14
1,658,15
1,658,16
1,658,17
1,658,18
1,659,18
1,659,19
1,659,20
1,659,21
1,659,22
1,659,23
1,659,24
1,659,25
1,659,26
1,660,26
1,660,27
1,660,28
1,660,29
1,660,30
1,660,31
1,660,32
1,660,33
1,660,34
1,660,35
1,661,35
1,661,36
1,661,37
1,661,38
1,661,39
1,662,39
1,662,40
1,663,40
1,664,40
1,665,40
1,666,40
1,667,40
1,667,39
1,668,39
1,669,39
1,670,39
1,671,39
1,671,40
1,671,41
1,671,42
1,672,42
1,672,43
1,673,43
1,674,43
1,675,43
1,676,43
1,677,43
1,678,43
1,679,43
1,679,42
1,680,42
1,681,42
1,681,43
1,681,44
1,682,44
1,682,45
1,682,46
1,682,47
1,683,47
1,684,47
1,685,47
1,686,47
1,687,47
1,688,47
1,688,46
1,689,46
1,690,46
1,691,46
1,691,47
1,691,48
1,692,48
1,692,49
1,692,50
1,692,51
1,693,51
1,694,51
1,695,51
1,696,51
1,697,51
1,698,51
1,699,51
1,699,50
1,700,50
1,701,50
1,701,51
1,702,51
1,702,52
1,702,53
1,702,54
1,702,55
1,702,56
1,702,57
1,703,57
1,703,58
1,703,59
1,703,60
1,703,61
1,703,62
1,704,62
1,704,63
1,704,64
1,704,65
1,704,66
1,705,66
1,706,66
1,707,66
1,708,66
1,709,66
1,710,66
1,711,66
1,712,66
1,713,66
1,714,66
1,714,67
1,714,68
1,714,69
1,714,70
1,715,70
1,715,71
1,715,72
1,715,73
1,715,74
1,715,75
1,716,75
1,716,76
1,716,77
1,716,78
1,716,79
1,716,80
1,717,80
1,717,81
2,717,84
2,717,83
2,717,82
2,717,81
2,717,80
2,716,80
2,716,79
2,716,78
2,716,77
2,716,76
2,716,75
2,715,75
2,715,74
2,715,73
2,715,72
2,715,71
2,715,70
2,714,70
2,714,69
2,714,68
2,714,67
2,713,67
2,712,67
2,711,67
2,710,67
2,709,67
2,708,67
2,707,67
2,706,67
2,705,67
2,704,67
2,704,66
2,704,65
2,704,64
2,704,63
2,703,63
2,703,62
2,703,61
2,703,60
2,703,59
2,703,58
2,703,57
2,702,57
2,702,56
2,702,55
2,702,54
2,702,53
2,702,52
2,701,52
2,701,51
2,700,51
2,699,51
2,698,51
2,697,51
2,696,51
2,695,51
2,695,52
2,694,52
2,693,52
2,692,52
2,692,51
2,692,50
2,692,49
2,691,49
2,691,48
2,691,47
2,690,47
2,689,47
2,688,47
2,687,47
2,686,47
2,685,47
2,685,48
2,684,48
2,683,48
2,682,48
2,682,47
2,682,46
2,681,46
2,681,45
2,681,44
2,681,43
2,680,43
2,679,43
2,678,43
2,677,43
2,676,43
2,675,43
2,674,43
2,674,44
2,673,44
2,672,44
2,671,44
2,671,43
2,671,42
2,671,41
2,670,41
2,670,40
2,669,40
2,668,40
2,667,40
2,666,40
2,665,40
2,664,40
2,664,41
2,663,41
2,662,41
2,661,41
2,661,40
2,661,39
2,661,38
2,661,37
2,660,37
2,660,36
2,660,35
2,660,34
2,660,33
2,660,32
2,660,31
2,660,30
2,659,30
2,659,29
2,659,28
2,659,27
2,659,26
2,659,25
2,659,24
2,659,23
2,659,22
2,659,21
2,658,21
2,658,20
2,658,19
2,658,18
2,658,17
2,658,16
2,658,15
2,658,14
2,658,13
2,658,12
2,657,12
2,657,11
2,657,10
2,657,9
2,657,8
2,657,7
2,657,6
2,657,5
2,657,4
2,657,3
2,657,2
2,656,2
2,656,1
2,656,0
2,656,-1
2,656,-2
2,656,-3
2,656,-4
2,656,-5
2,656,-6
2,656,-7
2,656,-8
2,656,-9
2,656,-10
2,656,-11
2,656,-12
2,656,-13
2,657,-13
2,657,-14
2,658,-14
2,658,-15
2,659,-15
2,660,-15
2,660,-16
2,661,-16
2,661,-17
2,661,-18
2,662,-18
2,662,-19
2,662,-20
2,662,-21
2,662,-22
2,662,-23
2,662,-24
2,662,-25
2,662,-26
2,662,-27
2,662,-28
2,662,-29
2,662,-30
2,663,-30
2,663,-31
2,664,-31
2,664,-32
2,665,-32
2,665,-33
2,666,-33
2,666,-34
2,667,-34
2,667,-35
2,668,-35
2,668,-36
2,669,-36
2,669,-37
2,670,-37
2,670,-38
2,670,-39
2,671,-39
2,671,-40
2,671,-41
2,671,-42
2,671,-43
2,671,-44
2,671,-45
2,671,-46
2,671,-47
2,671,-48
2,671,-49
2,671,-50
2,671,-51
2,672,-51
2,672,-52
2,673,-52
2,673,-53
2,674,-53
2,674,-54
2,675,-54
2,675,-55
2,676,-55
2,677,-55
2,677,-56
2,677,-57
2,678,-57
2,678,-58
2,678,-59
2,679,-59
2,679,-60
2,679,-61
2,679,-62
2,679,-63
2,679,-64
2,679,-65
2,679,-66
2,679,-67
2,679,-68
2,679,-69
2,679,-70
2,679,-71
2,680,-71
2,680,-72
2,680,-73
2,681,-73
2,682,-73
2,682,-74
2,683,-74
2,683,-75
2,684,-75
2,684,-76
2,685,-76
2,685,-77
2,686,-77
2,686,-78
2,687,-78
2,687,-79
2,687,-80
2,687,-81
2,687,-82
2,687,-83
2,687,-84
2,687,-85
2,687,-86
2,687,-87
2,687,-88
2,687,-89
2,687,-90
2,687,-91
2,687,-92
2,687,-93
2,687,-94
2,687,-95
2,687,-96
2,687,-97
2,687,-98
2,687,-99
2,687,-100
2,687,-101
2,687,-102
2,687,-103
2,687,-104
2,687,-105
2,688,-105
2,688,-106
2,689,-106
2,690,-106
2,690,-107
2,691,-107
2,691,-108
2,692,-108
2,692,-109
2,693,-109
2,693,-110
2,694,-110
2,694,-111
2,695,-111
2,695,-112
2,695,-113
2,695,-114
2,696,-114
2,696,-115
2,696,-116
2,696,-117
2,696,-118
2,696,-119
2,696,-120
2,696,-121
2,696,-122
2,696,-123
2,696,-124
2,696,-125
2,696,-126
2,696,-127
2,696,-128
2,696,-129
2,696,-130
2,696,-131
2,696,-132
2,696,-133
2,696,-134
2,696,-135
2,696,-136
2,696,-137
2,696,-138
2,696,-139
2,696,-140
2,696,-141
2,696,-142
2,696,-143
2,696,-144
2,696,-145
2,696,-146
2,696,-147
2,696,-148
2,696,-149
2,696,-150
2,696,-151
2,696,-152
2,695,-152
2,694,-152
2,693,-152
2,692,-152
2,691,-152
2,691,-151
2,690,-151
2,689,-151
2,688,-151
2,688,-152
2,688,-153
2,688,-154
2,688,-155
2,688,-156
2,688,-157
2,688,-158
2,688,-159
2,687,-159
2,686,-159
2,685,-159
2,684,-159
2,683,-159
2,683,-158
2,682,-158
2,681,-158
2,680,-158
2,680,-159
2,680,-160
2,680,-161
2,680,-162
2,680,-163
2,680,-164
2,679,-164
2,679,-165
2,678,-165
2,677,-165
2,676,-165
2,675,-165
2,675,-164
2,674,-164
2,673,-164
2,672,-164
2,671,-164
2,671,-165
2,671,-166
2,671,-167
2,671,-168
2,671,-169
2,671,-170
2,671,-171
2,670,-171
2,669,-171
2,668,-171
2,667,-171
2,666,-171
2,665,-171
2,665,-170
2,664,-170
2,663,-170
2,662,-170
2,662,-171
2,662,-172
2,662,-173
2,662,-174
2,662,-175
2,662,-176
2,662,-177
2,661,-177
2,660,-177
2,659,-177
2,658,-177
2,657,-177
2,657,-176
2,656,-176
2,656,-175
2,655,-175
2,655,-174
2,654,-174
2,654,-173
2,653,-173
2,653,-172
2,652,-172
2,652,-171
2,652,-170
2,651,-170
2,651,-169
2,650,-169
2,650,-168
2,649,-168
2,649,-167
2,648,-167
2,648,-166
2,647,-166
2,647,-165
2,646,-165
2,645,-165
2,645,-166
2,645,-167
2,645,-168
2,645,-169
2,645,-170
2,645,-171
2,645,-172
2,644,-172
2,643,-172
2,642,-172
2,641,-172
2,640,-172
2,639,-172
2,639,-171
2,638,-171
2,638,-170
2,638,-169
2,637,-169
2,637,-168
2,636,-168
2,636,-167
2,635,-167
2,635,-166
2,634,-166
2,634,-165
2,633,-165
2,633,-164
2,632,-164
2,632,-163
2,632,-162
2,631,-162
2,631,-161
2,630,-161
2,630,-160
2,629,-160
2,628,-160
2,627,-160
2,627,-161
2,627,-162
2,627,-163
2,627,-164
2,627,-165
2,627,-166
2,627,-167
2,626,-167
2,625,-167
2,624,-167
2,623,-167
2,623,-166
2,622,-166
2,622,-165
2,621,-165
2,621,-164
2,620,-164
2,620,-163
2,619,-163
2,619,-162
2,619,-161
2,618,-161
2,618,-160
2,617,-160
2,617,-159
2,616,-159
2,616,-158
2,615,-158
2,615,-157
2,615,-156
2,614,-156
2,614,-155
2,613,-155
2,613,-154
2,612,-154
2,612,-153
2,611,-153
2,611,-152
2,611,-151
2,610,-151
2,610,-150
2,609,-150
2,609,-149
2,608,-149
2,608,-148
2,607,-148
2,607,-147
2,607,-146
2,606,-146
2,606,-145
2,605,-145
2,605,-144
2,604,-144
2,604,-143
2,603,-143
2,603,-142
2,603,-141
2,602,-141
2,602,-140
2,601,-140
2,601,-139
2,600,-139
2,600,-138
2,599,-138
2,599,-137
2,599,-136
2,598,-136
2,598,-135
2,597,-135
2,597,-134
2,596,-134
2,596,-133
2,596,-132
2,595,-132
2,595,-131
2,594,-131
2,594,-130
2,593,-130
2,593,-129
2,592,-129
2,592,-128
2,592,-127
2,591,-127
2,591,-126
2,590,-126
2,590,-125
2,589,-125
2,589,-124
2,589,-123
2,588,-123
2,588,-122
2,587,-122
2,587,-121
2,586,-121
2,586,-120
2,586,-119
2,585,-119
2,585,-118
2,584,-118
2,584,-117
2,583,-117
2,583,-116
2,582,-116
2,582,-115
2,582,-114
2,581,-114
2,581,-113
2,580,-113
2,580,-112
2,579,-112
2,579,-111
2,579,-110
2,578,-110
2,578,-109
2,577,-109
2,577,-108
2,576,-108
2,576,-107
2,576,-106
2,575,-106
2,575,-105
2,574,-105
2,574,-104
2,573,-104
2,573,-103
2,572,-103
2,572,-102
2,572,-101
2,571,-101
2,571,-100
2,570,-100
2,570,-99
2,569,-99
2,569,-98
2,569,-97
2,568,-97
2,568,-96
2,567,-96
2,567,-95
2,566,-95
2,566,-94
2,566,-93
2,565,-93
2,565,-92
2,564,-92
2,564,-91
2,563,-91
2,563,-90
2,563,-89
2,562,-89
2,562,-88
2,561,-88
2,561,-87
2,560,-87
2,560,-86
2,560,-85
2,559,-85
2,559,-84
2,558,-84
2,558,-83
2,557,-83
2,557,-82
2,557,-81
2,556,-81
2,556,-80
2,555,-80
2,555,-79
2,554,-79
2,554,-78
2,554,-77
2,553,-77
2,553,-76
2,552,-76
2,552,-75
2,551,-75
2,551,-74
2,551,-73
2,550,-73
2,550,-72
2,549,-72
2,549,-71
2,548,-71
2,548,-70
2,548,-69
2,547,-69
2,547,-68
2,546,-68
2,546,-67
2,545,-67
2,545,-66
2,545,-65
2,544,-65
2,544,-64
2,543,-64
2,543,-63
2,542,-63
2,542,-62
2,542,-61
2,541,-61
2,541,-60
2,540,-60
2,540,-59
2,539,-59
2,539,-58
2,539,-57
2,538,-57
2,538,-56
2,537,-56
2,537,-55
2,536,-55
2,536,-54
2,536,-53
2,535,-53
2,535,-52
2,534,-52
2,534,-51
2,533,-51
2,533,-50
2,533,-49
2,532,-49
2,532,-48
2,531,-48
2,531,-47
2,530,-47
2,530,-46
2,530,-45
2,529,-45
2,529,-44
2,528,-44
2,528,-43
2,527,-43
2,527,-42
2,527,-41
2,526,-41
2,526,-40
2,525,-40
2,525,-39
2,524,-39
2,524,-38
2,524,-37
2,523,-37
2,523,-36
2,522,-36
2,522,-35
2,521,-35
2,521,-34
2,521,-33
2,520,-33
2,520,-32
2,519,-32
2,519,-31
2,518,-31
2,518,-30
2,518,-29
2,517,-29
2,517,-28
2,516,-28
2,516,-27
2,515,-27
2,515,-26
2,515,-25
2,514,-25
2,514,-24
2,513,-24
2,513,-23
2,512,-23
2,512,-22
2,512,-21
2,511,-21
2,511,-20
2,511,-19
2,511,-18
2,510,-18
2,510,-17
2,510,-16
2,510,-15
2,510,-14
2,510,-13
2,510,-12
2,510,-11
2,510,-10
2,510,-9
2,510,-8
2,509,-8
2,509,-7
2,509,-6
2,508,-6
2,508,-5
2,507,-5
2,507,-4
2,507,-3
2,506,-3
2,506,-2
2,505,-2
2,505,-1
2,504,-1
2,504,0
2,504,1
2,503,1
2,503,2
2,502,2
2,502,3
2,501,3
2,501,4
2,501,5
2,500,5
2,500,6
2,500,7
2,500,8
2,500,9
2,500,10
2,500,11
2,500,12
2,500,13
2,500,14
2,500,15
2,500,16
2,499,16
2,499,17
2,499,18
2,498,18
2,498,19
2,497,19
2,497,20
2,497,21
2,496,21
2,496,22
2,495,22
2,495,23
2,494,23
2,494,24
2,494,25
2,493,25
2,493,26
2,492,26
2,492,27
2,491,27
2,491,28
2,491,29
2,490,29
2,490,30
2,490,31
2,490,32
2,490,33
2,490,34
2,490,35
2,489,35
2,489,36
2,489,37
2,489,38
2,489,39
2,490,39
2,491,39
2,492,39
2,492,38
2,493,38
2,493,37
2,493,36
2,494,36
2,494,35
2,495,35
2,495,34
2,496,34
2,496,33
2,497,33
2,497,32
2,497,31
2,498,31
2,498,30
2,499,30
2,499,29
2,500,29
2,500,28
2,501,28
2,501,27
2,501,26
2,502,26
2,502,25
2,503,25
2,503,24
2,504,24
2,504,23
2,504,22
2,505,22
2,505,21
2,505,20
2,506,20
2,506,19
2,506,18
2,506,17
2,506,16
2,506,15
2,506,14
2,506,13
2,506,12
2,506,11
2,506,10
2,506,9
2,507,9
2,507,8
2,508,8
2,508,7
2,508,6
2,509,6
2,509,5
2,510,5
2,510,4
2,511,4
2,511,3
2,511,2
2,512,2
2,512,1
2,513,1
2,513,0
2,514,0
2,514,-1
2,515,-1
2,515,-2
2,515,-3
2,516,-3
2,516,-4
2,517,-4
2,517,-5
2,518,-5
2,518,-6
2,518,-7
2,519,-7
2,519,-8
2,520,-8
2,520,-9
2,521,-9
2,521,-10
2,522,-10
2,522,-11
2,522,-12
2,523,-12
2,523,-13
2,524,-13
2,524,-14
2,525,-14
2,525,-15
2,526,-15
2,526,-16
2,526,-17
2,527,-17
2,527,-18
2,528,-18
2,528,-19
2,529,-19
2,529,-20
2,529,-21
2,530,-21
2,530,-22
2,531,-22
2,531,-23
2,532,-23
2,532,-24
2,533,-24
2,533,-25
2,533,-26
2,534,-26
2,534,-27
2,535,-27
2,535,-28
2,536,-28
2,536,-29
2,536,-30
2,537,-30
2,538,-30
2,539,-30
2,540,-30
2,540,-29
2,540,-28
2,540,-27
2,540,-26
2,541,-26
2,542,-26
2,543,-26
2,543,-27
2,544,-27
2,544,-28
2,545,-28
2,545,-29
2,546,-29
2,546,-30
2,547,-30
2,547,-31
2,548,-31
2,549,-31
2,550,-31
2,550,-30
2,550,-29
2,550,-28
2,550,-27
2,550,-26
2,551,-26
2,552,-26
2,553,-26
2,554,-26
2,554,-27
2,555,-27
2,555,-28
2,555,-29
2,556,-29
2,556,-30
2,557,-30
2,558,-30
2,559,-30
2,559,-29
2,559,-28
2,559,-27
2,559,-26
2,560,-26
2,561,-26
2,562,-26
2,563,-26
2,564,-26
2,564,-27
2,565,-27
2,565,-28
2,565,-29
2,566,-29
2,566,-30
2,567,-30
2,568,-30
2,569,-30
2,569,-29
2,569,-28
2,569,-27
2,569,-26
2,569,-25
2,570,-25
2,571,-25
2,572,-25
2,573,-25
2,573,-26
2,574,-26
2,574,-27
2,575,-27
2,575,-28
2,576,-28
2,576,-29
2,576,-30
2,577,-30
2,578,-30
2,579,-30
2,579,-29
2,579,-28
2,579,-27
2,579,-26
2,579,-25
2,579,-24
2,579,-23
2,579,-22
2,579,-21
2,579,-20
2,579,-19
2,579,-18
2,579,-17
2,579,-16
2,579,-15
2,579,-14
2,580,-14
2,580,-13
2,581,-13
2,582,-13
2,583,-13
2,584,-13
2,584,-14
2,585,-14
2,585,-15
2,586,-15
2,586,-16
2,587,-16
2,588,-16
2,589,-16
2,589,-15
2,589,-14
2,589,-13
2,589,-12
2,589,-11
2,589,-10
2,589,-9
2,589,-8
2,589,-7
2,589,-6
2,590,-6
2,590,-5
2,590,-4
2,590,-3
2,590,-2
2,590,-1
2,590,0
2,590,1
2,590,2
2,590,3
2,590,4
2,590,5
2,590,6
2,590,7
2,590,8
2,590,9
2,590,10
2,590,11
2,590,12
2,591,12
2,591,13
2,591,14
2,591,15
2,591,16
2,591,17
2,591,18
2,591,19
2,591,20
2,591,21
2,591,22
2,592,22
2,593,22
2,594,22
2,595,22
2,596,22
2,597,22
2,597,21
2,598,21
2,598,20
2,599,20
2,600,20
2,601,20
2,601,21
2,601,22
2,601,23
2,601,24
2,601,25
2,601,26
2,601,27
2,601,28
2,602,28
2,602,29
2,602,30
2,602,31
2,602,32
2,602,33
2,602,34
2,602,35
2,602,36
2,602,37
2,602,38
2,603,38
2,603,39
2,603,40
2,603,41
2,603,42
2,603,43
2,603,44
2,603,45
2,603,46
2,603,47
2,603,48
2,604,48
2,604,49
2,604,50
2,604,51
2,604,52
2,604,53
2,604,54
2,604,55
2,604,56
2,605,56
2,605,57
2,605,58
2,605,59
2,605,60
2,605,61
2,605,62
2,605,63
2,605,64
2,606,64
2,606,65
2,606,66
2,606,67
2,607,67
2,608,67
2,609,67
2,610,67
2,611,67
2,611,66
2,612,66
2,612,65
2,613,65
2,613,64
2,614,64
2,615,64
2,616,64
2,616,65
2,616,66
2,616,67
2,616,68
2,616,69
2,616,70
2,616,71
2,617,71
2,617,72
2,617,73
2,617,74
2,617,75
2,617,76
2,617,77
2,617,78
2,618,78
2,618,79
2,618,80
2,618,81
2,618,82
2,618,83
2,618,84
2,619,84
2,619,85
2,619,86
2,619,87
2,619,88
2,619,89
2,620,89
2,620,90
2,620,91
2,620,92
2,619,92
2,619,93
2,618,93
2,618,94
2,617,94
2,617,95
2,616,95
2,616,96
2,615,96
2,615,97
2,615,98
2,614,98
2,614,99
2,613,99
2,613,100
2,613,101
2,613,102
2,613,103
2,613,104
2,613,105
2,613,106
2,613,107
2,613,108
2,613,109
2,613,110
2,613,111
2,614,111
2,614,112
2,614,113
2,614,114
2,614,115
2,614,116
2,615,116
2,615,117
2,615,118
2,615,119
2,615,120
2,616,120
2,616,121
2,616,122
2,616,123
2,616,124
2,616,125
2,617,125
2,617,126
2,617,127
2,617,128
2,617,129
2,618,129
2,618,130
2,618,131
2,618,132
2,618,133
2,618,134
2,619,134
2,619,135
2,619,136
2,619,137
2,619,138
2,619,139
2,619,140
2,618,140
2,618,141
2,617,141
2,617,142
2,616,142
2,616,143
2,615,143
2,615,144
2,615,145
2,614,145
2,614,146
2,614,147
2,614,148
2,614,149
2,614,150
2,614,151
2,614,152
2,614,153
2,614,154
2,614,155
2,614,156
2,614,157
2,614,158
2,613,158
2,612,158
2,612,159
2,611,159
2,611,160
2,610,160
2,610,161
2,609,161
2,609,162
2,608,162
2,608,163
2,608,164
2,608,165
2,607,165
2,607,166
2,607,167
2,607,168
2,607,169
2,607,170
2,607,171
2,607,172
2,607,173
2,607,174
2,608,174
2,608,175
2,608,176
2,608,177
2,609,177
2,609,178
2,609,179
2,609,180
2,610,180
2,610,181
2,610,182
2,610,183
2,610,184
2,611,184
2,611,185
2,611,186
2,611,187
2,612,187
2,612,188
2,612,189
2,612,190
2,613,190
2,613,191
2,613,192
2,613,193
2,613,194
2,612,194
2,611,194
2,611,195
2,610,195
2,610,196
2,609,196
2,609,197
2,609,198
2,608,198
2,608,199
2,608,200
2,608,201
2,608,202
2,608,203
2,608,204
2,608,205
2,608,206
2,608,207
2,608,208
2,608,209
2,608,210
2,608,211
2,607,211
2,607,212
2,606,212
2,606,213
2,605,213
2,605,214
2,604,214
2,603,214
2,603,215
2,603,216
2,602,216
2,602,217
2,602,218
2,602,219
2,602,220
2,602,221
2,602,222
2,602,223
2,602,224
2,603,224
2,603,225
2,603,226
2,603,227
2,602,227
2,602,228
2,601,228
2,601,229
2,600,229
2,600,230
2,599,230
2,599,231
2,598,231
2,598,232
2,598,233
2,598,234
2,598,235
2,598,236
2,598,237
2,598,238
2,598,239
2,598,240
2,598,241
2,598,242
2,598,243
2,598,244
2,597,244
2,597,245
2,596,245
2,596,246
2,595,246
2,595,247
2,594,247
2,594,248
2,593,248
2,593,249
2,592,249
2,591,249
2,590,249
2,589,249
2,589,248
2,589,247
2,589,246
2,588,246
2,587,246
2,587,245
2,586,245
2,585,245
2,584,245
2,583,245
2,583,246
2,582,246
2,582,247
2,581,247
2,581,248
2,580,248
2,580,249
2,579,249
2,579,250
2,578,250
2,578,251
2,577,251
2,577,252
2,576,252
2,576,253
2,575,253
2,575,254
2,574,254
2,574,255
2,573,255
2,573,256
2,572,256
2,571,256
2,570,256
2,569,256
2,569,255
2,569,254
2,568,254
2,568,253
2,568,252
2,567,252
2,566,252
2,565,252
2,564,252
2,564,253
2,563,253
2,563,254
2,562,254
2,562,255
2,561,255
2,561,256
2,560,256
2,560,257
2,559,257
2,559,258
2,558,258
2,558,259
2,557,259
2,557,260
2,556,260
2,556,261
2,555,261
2,555,262
2,554,262
2,554,263
2,553,263
2,553,264
2,553,265
2,553,266
2,553,267
2,553,268
2,553,269
2,553,270
2,553,271
2,554,271
2,555,271
2,556,271
2,557,271
2,558,271
2,558,270
2,559,270
2,559,269
2,560,269
2,560,268
2,561,268
2,562,268
2,563,268
2,564,268
2,564,269
2,564,270
2,565,270
2,565,271
2,566,271
2,567,271
2,568,271
2,569,271
2,570,271
2,570,270
2,571,270
2,571,269
2,572,269
2,572,268
2,573,268
2,573,267
2,574,267
2,575,267
2,575,266
2,576,266
2,576,265
2,577,265
2,577,264
2,578,264
2,578,263
2,579,263
2,579,262
2,580,262
2,580,261
2,581,261
2,582,261
2,583,261
2,583,262
2,584,262
2,584,263
2,584,264
2,585,264
2,586,264
2,587,264
2,588,264
2,589,264
2,590,264
2,590,263
2,591,263
2,591,262
2,592,262
2,592,261
2,593,261
2,593,260
2,594,260
2,594,259
2,595,259
2,595,258
2,596,258
2,597,258
2,597,257
2,598,257
2,598,256
2,599,256
2,599,255
2,600,255
2,600,254
2,601,254
2,601,253
2,602,253
2,602,252
2,603,252
2,603,251
2,604,251
2,604,250
2,605,250
2,605,249
2,606,249
2,606,248
2,607,248
2,607,247
2,608,247
2,608,246
2,609,246
2,610,246
2,610,245
2,611,245
2,611,244
2,612,244
2,612,243
2,613,243
2,613,242
2,614,242
2,614,241
2,615,241
2,615,240
2,616,240
2,616,239
2,617,239
2,617,238
2,618,238
2,618,237
2,619,237
2,620,237
2,620,236
2,621,236
2,621,235
2,622,235
2,622,234
2,623,234
2,623,233
2,624,233
2,624,232
2,625,232
2,625,231
2,626,231
2,626,230
2,627,230
2,628,230
2,628,229
2,629,229
2,629,228
2,630,228
2,630,227
2,631,227
2,631,226
2,632,226
2,632,225
2,632,224
2,632,223
2,632,222
2,632,221
2,632,220
2,632,219
2,632,218
2,632,217
2,632,216
2,632,215
2,632,214
2,632,213
2,633,213
2,633,212
2,634,212
2,634,211
2,635,211
2,636,211
2,636,210
2,637,210
2,637,209
2,638,209
2,638,208
2,639,208
2,639,207
2,640,207
2,640,206
2,641,206
2,641,205
2,642,205
2,643,205
2,643,204
2,644,204
2,644,203
2,645,203
2,645,202
2,646,202
2,646,201
2,647,201
2,647,200
2,648,200
2,649,200
2,649,199
2,650,199
2,650,198
2,651,198
2,651,197
2,652,197
2,652,196
2,653,196
2,653,195
2,654,195
2,655,195
2,655,194
2,656,194
2,656,193
2,657,193
2,657,192
2,658,192
2,658,191
2,659,191
2,659,190
2,660,190
2,661,190
2,661,189
2,662,189
2,662,188
2,662,187
2,662,186
2,662,185
2,662,184
2,662,183
2,662,182
2,662,181
2,662,180
2,662,179
2,662,178
2,662,177
2,662,176
2,663,176
2,663,175
2,664,175
2,664,174
2,665,174
2,666,174
2,666,173
2,667,173
2,667,172
2,668,172
2,668,171
2,669,171
2,669,170
2,670,170
2,671,170
2,671,169
2,672,169
2,672,168
2,673,168
2,673,167
2,674,167
2,674,166
2,675,166
2,675,165
2,675,164
2,676,164
2,676,163
2,676,162
2,676,161
2,676,160
2,676,159
2,676,158
2,676,157
2,676,156
2,675,156
2,675,155
2,675,154
2,676,154
2,676,153
2,677,153
2,677,152
2,678,152
2,678,151
2,679,151
2,680,151
2,680,150
2,681,150
2,681,149
2,682,149
2,682,148
2,683,148
2,683,147
2,684,147
2,685,147
2,685,146
2,686,146
2,686,145
2,687,145
2,687,144
2,688,144
2,688,143
2,689,143
2,689,142
2,689,141
2,689,140
2,689,139
2,689,138
2,689,137
2,689,136
2,689,135
2,689,134
2,689,133
2,689,132
2,689,131
2,689,130
2,690,130
2,690,129
2,691,129
2,691,128
2,692,128
2,693,128
2,693,127
2,694,127
2,694,126
2,695,126
2,695,125
2,695,124
2,695,123
2,695,122
2,695,121
2,695,120
2,695,119
2,695,118
2,695,117
2,695,116
2,695,115
2,695,114
2,696,114
2,696,113
2,697,113
2,697,112
2,698,112
2,698,111
2,699,111
2,700,111
2,700,110
2,701,110
2,701,109
2,702,109
2,702,108
2,703,108
2,704,108
2,704,107
2,705,107
2,705,106
2,706,106
2,706,105
2,707,105
2,708,105
2,708,104
2,709,104
2,709,103
2,710,103
2,710,102
2,710,101
2,710,100
2,710,99
2,710,98
2,710,97
2,710,96
2,710,95
2,710,94
2,710,93
2,710,92
2,710,91
2,711,91
2,711,90
2,712,90
2,712,89
2,713,89
2,713,88
2,714,88
7,692,102
7,692,103
7,691,103
7,691,104
7,690,104
7,690,105
7,689,105
7,689,106
7,688,106
7,687,106
7,687,107
7,687,108
7,686,108
7,686,109
7,686,110
7,686,111
7,686,112
7,686,113
7,686,114
7,686,115
7,686,116
7,686,117
7,686,118
7,686,119
7,686,120
7,685,120
7,685,121
7,684,121
7,683,121
7,683,122
7,682,122
7,682,123
7,681,123
7,681,124
7,680,124
7,680,125
7,680,126
7,680,127
7,680,128
7,680,129
7,680,130
7,680,131
7,680,132
7,680,133
7,680,134
7,680,135
7,680,136
7,680,137
7,679,137
7,678,137
7,678,138
7,677,138
7,677,139
7,676,139
7,676,140
7,675,140
7,674,140
7,674,141
7,673,141
7,673,142
7,672,142
7,672,143
7,671,143
7,671,144
7,670,144
7,669,144
7,669,145
7,668,145
7,668,146
7,667,146
7,667,147
7,666,147
7,666,148
7,665,148
7,664,148
7,663,148
7,663,147
7,663,146
7,662,146
7,662,145
7,662,144
7,662,143
7,662,142
7,662,141
7,662,140
7,663,140
7,663,139
7,664,139
7,664,138
7,665,138
7,665,137
7,666,137
7,666,136
7,667,136
7,667,135
7,667,134
7,667,133
7,667,132
7,667,131
7,667,130
7,667,129
7,667,128
7,667,127
7,667,126
7,667,125
7,667,124
7,667,123
7,667,122
7,666,122
7,666,121
7,666,120
7,666,119
7,666,118
7,665,118
7,665,117
7,665,116
7,665,115
7,665,114
7,664,114
7,664,113
7,664,112
7,664,111
7,664,110
7,664,109
7,663,109
7,663,108
7,663,107
7,663,106
7,663,105
7,662,105
7,662,104
7,662,103
7,662,102
7,662,101
7,662,100
7,661,100
7,661,99
7,661,98
7,661,97
7,661,96
7,661,95
7,661,94
7,661,93
7,661,92
7,662,92
7,662,91
7,663,91
7,664,91
7,664,90
7,665,90
7,665,89
7,666,89
7,666,88
7,667,88
7,668,88
7,669,88
7,669,89
7,669,90
7,670,90
7,670,91
7,670,92
7,671,92
7,671,93
7,672,93
7,673,93
7,674,93
7,675,93
7,676,93
7,676,92
7,677,92
7,678,92
7,679,92
7,680,92
7,680,93
7,680,94
7,680,95
7,681,95
7,681,96
7,682,96
7,683,96
7,684,96
7,685,96
7,686,96
7,687,96
7,688,96
7,688,95
7,689,95
7,690,95
7,691,95
7,691,96
7,691,97
7,691,98
7,692,98
9,691,102
9,691,101
9,691,100
9,691,99
9,691,98
9,691,97
9,691,96
9,690,96
9,689,96
9,688,96
9,687,96
9,686,96
9,685,96
9,685,97
9,684,97
9,683,97
9,682,97
9,681,97
9,680,97
9,680,96
9,680,95
9,680,94
9,680,93
9,679,93
9,678,93
9,677,93
9,676,93
9,675,93
9,674,93
9,673,93
9,673,94
9,672,94
9,671,94
9,670,94
9,670,93
9,670,92
9,670,91
9,669,91
9,669,90
9,669,89
9,668,89
9,667,89
9,666,89
9,665,89
9,664,89
9,663,89
9,663,90
9,663,91
9,662,91
9,662,92
9,662,93
9,662,94
9,662,95
9,662,96
9,662,97
9,662,98
9,662,99
9,662,100
9,662,101
9,662,102
9,662,103
9,663,103
9,663,104
9,663,105
9,663,106
9,663,107
9,663,108
9,664,108
9,664,109
9,664,110
9,664,111
9,664,112
9,665,112
9,665,113
9,665,114
9,665,115
9,665,116
9,665,117
9,666,117
9,666,118
9,666,119
9,666,120
9,666,121
9,667,121
9,667,122
9,667,123
9,667,124
9,667,125
9,668,125
9,668,126
9,668,127
9,668,128
9,668,129
9,669,129
9,669,130
9,669,131
9,669,132
9,669,133
9,668,133
9,668,134
9,667,134
9,667,135
9,666,135
9,666,136
9,665,136
9,665,137
9,664,137
9,664,138
9,664,139
9,663,139
9,663,140
9,663,141
9,663,142
9,663,143
9,663,144
9,663,145
9,663,146
9,663,147
9,664,147
9,665,147
9,666,147
9,667,147
9,668,147
9,669,147
9,669,146
9,670,146
9,670,145
9,671,145
9,671,144
9,672,144
9,672,143
9,673,143
9,674,143
9,674,142
9,675,142
9,675,141
9,676,141
9,676,140
9,677,140
9,677,139
9,678,139
9,678,138
9,678,137
9,678,136
9,678,135
9,678,134
9,678,133
9,678,132
9,678,131
9,678,130
9,678,129
9,678,128
9,678,127
9,679,127
9,679,126
9,680,126
9,680,125
9,681,125
9,681,124
9,682,124
9,683,124
9,683,123
9,684,123
9,684,122
9,684,121
9,684,120
9,684,119
9,684,118
9,684,117
9,684,116
9,684,115
9,684,114
9,684,113
9,684,112
9,684,111
9,684,110
9,685,110
9,685,109
9,686,109
9,686,108
9,687,108
9,688,108
9,688,107
9,689,107
9,689,106
9,690,106
4,619,92
4,619,91
4,619,90
4,619,89
4,619,88
4,619,87
4,618,87
4,618,86
4,618,85
4,618,84
4,618,83
4,618,82
4,618,81
4,617,81
4,617,80
4,617,79
4,617,78
4,617,77
4,617,76
4,617,75
4,616,75
4,616,74
4,616,73
4,616,72
4,616,71
4,616,70
4,616,69
4,616,68
4,615,68
4,615,67
4,615,66
4,615,65
4,614,65
4,613,65
4,612,65
4,611,65
4,611,66
4,610,66
4,610,67
4,609,67
4,608,67
4,608,68
4,607,68
4,606,68
4,605,68
4,605,67
4,605,66
4,605,65
4,605,64
4,605,63
4,605,62
4,605,61
4,604,61
4,604,60
4,604,59
4,604,58
4,604,57
4,604,56
4,604,55
4,604,54
4,604,53
4,603,53
4,603,52
4,603,51
4,603,50
4,603,49
4,603,48
4,603,47
4,603,46
4,603,45
4,602,45
4,602,44
4,602,43
4,602,42
4,602,41
4,602,40
4,602,39
4,602,38
4,602,37
4,602,36
4,601,36
4,601,35
4,601,34
4,601,33
4,601,32
4,601,31
4,601,30
4,601,29
4,601,28
4,601,27
4,601,26
4,600,26
4,600,25
4,600,24
4,600,23
4,600,22
4,600,21
4,599,21
4,598,21
4,597,21
4,596,21
4,595,21
4,595,22
4,594,22
4,594,23
4,593,23
4,593,24
4,592,24
4,591,24
4,591,23
4,590,23
4,590,22
4,590,21
4,590,20
4,590,19
4,590,18
4,590,17
4,590,16
4,590,15
4,590,14
4,590,13
4,590,12
4,590,11
4,590,10
4,589,10
4,589,9
4,589,8
4,589,7
4,589,6
4,589,5
4,589,4
4,589,3
4,589,2
4,589,1
4,589,0
4,589,-1
4,589,-2
4,589,-3
4,589,-4
4,589,-5
4,589,-6
4,589,-7
4,589,-8
4,588,-8
4,588,-9
4,588,-10
4,588,-11
4,588,-12
4,588,-13
4,588,-14
4,588,-15
4,587,-15
4,586,-15
4,585,-15
4,584,-15
4,584,-14
4,583,-14
4,583,-13
4,582,-13
4,582,-12
4,581,-12
4,580,-12
4,579,-12
4,578,-12
4,578,-13
4,578,-14
4,578,-15
4,578,-16
4,578,-17
4,578,-18
4,578,-19
4,578,-20
4,578,-21
4,578,-22
4,578,-23
4,578,-24
4,578,-25
4,578,-26
4,578,-27
4,578,-28
4,577,-28
4,576,-28
4,575,-28
4,574,-28
4,573,-28
4,573,-27
4,573,-26
4,572,-26
4,572,-25
4,571,-25
4,571,-24
4,570,-24
4,569,-24
4,568,-24
4,568,-25
4,568,-26
4,568,-27
4,568,-28
4,567,-28
4,566,-28
4,565,-28
4,564,-28
4,563,-28
4,563,-27
4,563,-26
4,562,-26
4,562,-25
4,561,-25
4,560,-25
4,559,-25
4,558,-25
4,558,-26
4,558,-27
4,558,-28
4,558,-29
4,557,-29
4,556,-29
4,555,-29
4,554,-29
4,554,-28
4,553,-28
4,553,-27
4,553,-26
4,552,-26
4,551,-26
4,551,-25
4,550,-25
4,549,-25
4,548,-25
4,548,-26
4,548,-27
4,548,-28
4,548,-29
4,547,-29
4,546,-29
4,545,-29
4,544,-29
4,544,-28
4,543,-28
4,543,-27
4,542,-27
4,542,-26
4,542,-25
4,541,-25
4,541,-24
4,540,-24
4,539,-24
4,539,-25
4,539,-26
4,539,-27
4,538,-27
4,538,-28
4,538,-29
4,537,-29
4,536,-29
4,535,-29
4,535,-28
4,534,-28
4,534,-27
4,533,-27
4,533,-26
4,532,-26
4,532,-25
4,532,-24
4,531,-24
4,531,-23
4,530,-23
4,530,-22
4,529,-22
4,529,-21
4,528,-21
4,528,-20
4,528,-19
4,527,-19
4,527,-18
4,526,-18
4,526,-17
4,525,-17
4,525,-16
4,525,-15
4,524,-15
4,524,-14
4,523,-14
4,523,-13
4,522,-13
4,522,-12
4,521,-12
4,521,-11
4,521,-10
4,520,-10
4,520,-9
4,519,-9
4,519,-8
4,518,-8
4,518,-7
4,518,-6
4,517,-6
4,517,-5
4,516,-5
4,516,-4
4,515,-4
4,515,-3
4,515,-2
4,514,-2
4,514,-1
4,513,-1
4,513,0
4,512,0
4,512,1
4,512,2
4,511,2
4,511,3
4,511,4
4,510,4
4,510,5
4,510,6
4,510,7
4,510,8
4,510,9
4,510,10
4,510,11
4,510,12
4,510,13
4,510,14
4,510,15
4,509,15
4,509,16
4,508,16
4,508,17
4,508,18
4,507,18
4,507,19
4,506,19
4,506,20
4,505,20
4,505,21
4,505,22
4,504,22
4,504,23
4,503,23
4,503,24
4,502,24
4,502,25
4,501,25
4,501,26
4,501,27
4,500,27
4,500,28
4,499,28
4,499,29
4,498,29
4,498,30
4,497,30
4,497,31
4,497,32
4,496,32
4,496,33
4,495,33
4,495,34
4,494,34
4,494,35
4,493,36
4,493,37
4,492,37
4,492,38
4,491,38
4,491,39
4,491,40
4,490,40
4,490,41
4,490,42
4,490,43
4,490,44
4,489,44
4,489,45
4,489,46
4,489,47
4,489,48
4,489,49
4,489,50
4,489,51
4,489,52
4,489,53
4,488,53
4,488,54
4,487,54
4,487,55
4,487,56
4,486,56
4,486,57
4,485,57
4,485,58
4,484,58
4,484,59
4,484,60
4,483,60
4,483,61
4,482,61
4,482,62
4,481,62
4,481,63
4,481,64
4,480,64
4,480,65
4,480,66
4,480,67
4,480,68
4,480,69
4,480,70
4,480,71
4,480,72
4,480,73
4,480,74
4,480,75
4,480,76
4,480,77
4,480,78
4,480,79
4,480,80
4,480,81
4,480,82
4,480,83
4,480,84
4,480,85
4,480,86
4,480,87
4,480,88
4,480,89
4,480,90
4,480,91
4,480,92
4,480,93
4,480,94
4,480,95
4,481,95
4,481,96
4,481,97
4,481,98
4,481,99
4,481,100
4,481,101
4,481,102
4,482,102
4,482,103
4,482,104
4,482,105
4,481,105
4,481,106
4,480,106
4,480,107
4,479,107
4,479,108
4,479,109
4,478,109
4,478,110
4,477,110
4,477,111
4,476,111
4,476,112
4,475,112
4,475,113
4,475,114
4,474,114
4,474,115
4,474,116
4,474,117
4,474,118
4,474,119
4,474,120
4,474,121
4,474,122
4,474,123
4,474,124
4,474,125
4,474,126
4,474,127
4,474,128
4,474,129
4,474,130
4,474,131
4,474,132
4,475,132
4,475,133
4,475,134
4,475,135
4,475,136
4,475,137
4,476,137
4,476,138
4,476,139
4,476,140
4,476,141
4,476,142
4,477,142
4,477,143
4,477,144
4,477,145
4,477,146
4,477,147
4,478,147
4,478,148
4,478,149
4,478,150
4,478,151
4,478,152
4,479,152
4,479,153
4,479,154
4,479,155
4,479,156
4,480,156
4,480,157
4,480,158
4,480,159
4,480,160
4,481,160
4,481,161
4,481,162
4,481,163
4,481,164
4,481,165
4,482,165
4,482,166
4,482,167
4,482,168
4,483,168
4,483,169
4,483,170
4,483,171
4,483,172
4,484,172
4,484,173
4,484,174
4,484,175
4,484,176
4,485,176
4,485,177
4,485,178
4,485,179
4,485,180
4,486,180
4,486,181
4,486,182
4,486,183
4,486,184
4,487,184
4,487,185
4,487,186
4,487,187
4,488,187
4,488,188
4,488,189
4,488,190
4,489,190
4,489,191
4,489,192
4,489,193
4,489,194
4,490,194
4,490,195
4,490,196
4,490,197
4,491,197
4,491,198
4,491,199
4,491,200
4,492,200
4,492,201
4,492,202
4,492,203
4,492,204
4,493,204
4,493,205
4,493,206
4,493,207
4,494,207
4,494,208
4,494,209
4,494,210
4,495,210
4,495,211
4,495,212
4,495,213
4,496,213
4,496,214
4,496,215
4,496,216
4,497,216
4,497,217
4,497,218
4,497,219
4,498,219
4,498,220
4,498,221
4,498,222
4,499,222
4,499,223
4,499,224
4,500,224
4,500,225
4,500,226
4,500,227
4,501,227
4,501,228
4,501,229
4,501,230
4,502,230
4,502,231
4,502,232
4,502,233
4,503,233
4,503,234
4,503,235
4,503,236
4,504,236
4,504,237
4,504,238
4,505,238
4,505,239
4,506,239
4,507,239
4,508,239
4,509,239
4,510,239
4,510,238
4,511,238
4,511,237
4,511,236
4,512,236
4,513,236
4,514,236
4,515,236
4,516,236
4,516,237
4,516,238
4,516,239
4,517,239
4,517,240
4,517,241
4,518,241
4,518,242
4,518,243
4,518,244
4,519,244
4,519,245
4,519,246
4,520,246
4,520,247
4,520,248
4,520,249
4,521,249
4,521,250
4,521,251
4,522,251
4,522,252
4,522,253
4,522,254
4,523,254
4,523,255
4,524,255
4,525,255
4,526,255
4,527,255
4,527,254
4,528,254
4,528,253
4,529,253
4,529,252
4,530,252
4,531,252
4,532,252
4,533,252
4,534,252
4,534,253
4,534,254
4,534,255
4,535,255
4,535,256
4,535,257
4,536,257
4,536,258
4,536,259
4,536,260
4,537,260
4,537,261
4,538,261
4,539,261
4,540,261
4,541,261
4,542,261
4,543,261
4,544,261
4,544,260
4,545,260
4,546,260
4,547,260
4,548,260
4,549,260
4,549,261
4,550,261
4,550,262
4,550,263
4,551,263
4,552,263
4,553,263
4,554,263
4,554,262
4,555,262
4,556,262
4,556,261
4,557,261
4,557,260
4,558,260
4,558,259
4,559,259
4,559,258
4,560,258
4,560,257
4,561,257
4,561,256
4,562,256
4,562,255
4,563,255
4,563,254
4,564,254
4,564,253
4,565,253
4,565,252
4,566,252
4,567,252
4,568,252
4,569,252
4,569,253
4,569,254
4,569,255
4,570,255
4,571,255
4,572,255
4,573,255
4,574,255
4,575,255
4,575,254
4,576,254
4,576,253
4,577,253
4,577,252
4,578,252
4,578,251
4,579,251
4,579,250
4,580,250
4,580,249
4,581,249
4,581,248
4,582,248
4,582,247
4,583,247
4,583,246
4,584,246
4,584,245
4,585,245
4,585,244
4,586,244
4,587,244
4,588,244
4,588,245
4,589,245
4,589,246
4,589,247
4,590,247
4,590,248
4,591,248
4,592,248
4,593,248
4,594,248
4,594,247
4,595,247
4,596,247
4,596,246
4,596,245
4,596,244
4,596,243
4,596,242
4,596,241
4,596,240
4,596,239
4,596,238
4,596,237
4,596,236
4,596,235
4,596,234
4,597,234
4,597,233
4,598,233
4,598,232
4,599,232
4,599,231
4,600,231
4,600,230
4,601,230
4,601,229
4,601,228
4,601,227
4,601,226
4,601,225
4,601,224
4,601,223
4,601,222
4,601,221
4,601,220
4,601,219
4,601,218
4,601,217
4,602,217
4,602,216
4,603,216
4,603,215
4,604,215
4,604,214
4,605,214
4,605,213
4,606,213
4,606,212
4,606,211
4,606,210
4,606,209
4,606,208
4,606,207
4,606,206
4,606,205
4,606,204
4,606,203
4,606,202
4,606,201
4,606,200
4,607,200
4,607,199
4,608,199
4,608,198
4,609,198
4,609,197
4,610,197
4,610,196
4,611,196
4,611,195
4,611,194
4,611,193
4,611,192
4,611,191
4,611,190
4,611,189
4,611,188
4,611,187
4,611,186
4,611,185
4,610,185
4,610,184
4,610,183
4,610,182
4,609,182
4,609,181
4,609,180
4,609,179
4,608,179
4,608,178
4,608,177
4,608,176
4,608,175
4,607,175
4,607,174
4,607,173
4,607,172
4,606,172
4,606,171
4,606,170
4,606,169
4,606,168
4,606,167
4,606,166
4,606,165
4,607,165
4,607,164
4,608,164
4,608,163
4,609,163
4,609,162
4,610,162
4,610,161
4,611,161
4,611,160
4,611,159
4,611,158
4,612,158
4,612,157
4,612,156
4,612,155
4,612,154
4,612,153
4,612,152
4,612,151
4,612,150
4,612,149
4,612,148
4,612,147
4,613,147
4,613,146
4,614,146
4,614,145
4,615,145
4,615,144
4,616,144
4,616,143
4,617,143
4,617,142
4,617,141
4,618,141
4,618,140
4,618,139
4,618,138
4,618,137
4,618,136
4,618,135
4,618,134
4,618,133
4,618,132
4,617,132
4,617,131
4,617,130
4,617,129
4,617,128
4,617,127
4,616,127
4,616,126
4,616,125
4,616,124
4,616,123
4,615,123
4,615,122
4,615,121
4,615,120
4,615,119
4,615,118
4,614,118
4,614,117
4,614,116
4,614,115
4,614,114
4,613,114
4,613,113
4,613,112
4,613,111
4,613,110
4,613,109
4,612,109
4,612,108
4,612,107
4,612,106
4,612,105
4,612,104
4,611,104
4,611,103
4,611,102
4,611,101
4,612,101
4,612,100
4,613,100
4,613,99
4,614,99
4,614,98
4,615,98
4,615,97
4,616,97
4,616,96
11,586,172
11,585,172
11,585,173
11,584,173
11,584,174
11,583,174
11,582,174
11,582,175
11,581,175
11,581,176
11,580,176
11,580,177
11,579,177
11,579,178
11,578,178
11,578,179
11,577,179
11,577,180
11,576,180
11,576,181
11,575,181
11,575,182
11,574,182
11,574,183
11,573,183
11,573,184
11,572,184
11,572,185
11,571,185
11,571,186
11,570,186
11,570,187
11,569,187
11,569,188
11,568,188
11,568,189
11,567,189
11,567,190
11,566,190
11,566,191
11,565,191
11,565,192
11,564,192
11,564,193
11,563,193
11,563,194
11,562,194
11,562,195
11,561,195
11,560,195
11,559,195
11,558,195
11,558,194
11,558,193
11,558,192
11,557,192
11,557,191
11,557,190
11,557,189
11,557,188
11,556,188
11,556,187
11,556,186
11,556,185
11,555,185
11,555,184
11,555,183
11,555,182
11,555,181
11,555,180
11,555,179
11,556,179
11,556,178
11,557,178
11,557,177
11,558,177
11,558,176
11,559,176
11,559,175
11,560,175
11,560,174
11,561,174
11,561,173
11,562,173
11,562,172
11,563,172
11,563,171
11,564,171
11,564,170
11,565,170
11,565,169
11,566,169
11,566,168
11,567,168
11,567,167
11,568,167
11,568,166
11,569,166
11,569,165
11,570,165
11,570,164
11,571,164
11,571,163
11,572,163
11,572,162
11,573,162
11,573,161
11,574,161
11,574,160
11,575,160
11,575,159
11,576,159
11,576,158
11,577,158
11,577,157
11,578,157
11,578,156
11,579,156
11,580,156
11,581,156
11,582,156
11,582,157
11,582,158
11,582,159
11,583,159
11,583,160
11,583,161
11,583,162
11,583,163
11,584,163
11,584,164
11,584,165
11,584,166
11,584,167
11,585,167
11,585,168
11,585,169
13,585,172
13,585,171
13,585,170
13,585,169
13,584,169
13,584,168
13,584,167
13,584,166
13,583,166
13,583,165
13,583,164
13,583,163
13,583,162
13,582,162
13,582,161
13,582,160
13,582,159
13,582,158
13,581,158
13,581,157
13,580,157
13,579,157
13,578,157
13,577,157
13,576,157
13,576,158
13,575,158
13,575,159
13,574,159
13,574,160
13,573,160
13,573,161
13,572,161
13,572,162
13,571,162
13,571,163
13,570,163
13,570,164
13,569,164
13,569,165
13,568,165
13,568,166
13,567,166
13,567,167
13,566,167
13,566,168
13,565,168
13,565,169
13,564,169
13,564,170
13,563,170
13,563,171
13,562,171
13,562,172
13,561,172
13,561,173
13,560,173
13,560,174
13,559,174
13,559,175
13,558,175
13,558,176
13,558,177
13,558,178
13,557,178
13,557,179
13,557,180
13,557,181
13,557,182
13,557,183
13,557,184
13,557,185
13,557,186
13,557,187
13,557,188
13,557,189
13,558,189
13,558,190
13,558,191
13,558,192
13,559,192
13,559,193
13,560,193
13,560,194
13,561,194
13,562,194
13,563,194
13,564,194
13,564,193
13,565,193
13,565,192
13,566,192
13,566,191
13,567,191
13,567,190
13,568,190
13,568,189
13,569,189
13,569,188
13,570,188
13,570,187
13,571,187
13,571,186
13,572,186
13,572,185
13,573,185
13,573,184
13,574,184
13,574,183
13,575,183
13,575,182
13,576,182
13,576,181
13,577,181
13,577,180
13,578,180
13,578,179
13,579,179
13,579,178
13,580,178
13,580,177
13,581,177
13,581,176
13,582,176
19,550,265
19,550,264
19,550,263
19,549,263
19,549,262
19,549,261
19,548,261
19,547,261
19,546,261
19,545,261
19,544,261
19,543,261
19,543,262
19,542,262
19,542,263
19,542,264
19,542,265
19,542,266
19,542,267
19,542,268
19,542,269
19,542,270
19,542,271
19,543,271
19,544,271
19,545,271
19,546,271
19,547,271
19,547,270
19,548,270
23,540,265
5,538,264
5,537,264
5,537,263
5,537,262
5,536,262
5,536,261
5,536,260
5,535,260
5,535,259
5,535,258
5,535,257
5,534,257
5,534,256
5,534,255
5,533,255
5,533,254
5,533,253
5,532,253
5,531,253
5,530,253
5,529,253
5,528,253
5,528,254
5,527,254
5,527,255
5,526,255
5,526,256
5,525,256
5,524,256
5,523,256
5,522,256
5,522,255
5,522,254
5,521,254
5,521,253
5,521,252
5,520,252
5,520,251
5,520,250
5,520,249
5,519,249
5,519,248
5,519,247
5,519,246
5,518,246
5,518,245
5,518,244
5,517,244
5,517,243
5,517,242
5,517,241
5,516,241
5,516,240
5,516,239
5,515,239
5,515,238
5,515,237
5,514,237
5,513,237
5,512,237
5,511,237
5,510,237
5,510,238
5,509,238
5,509,239
5,508,239
5,508,240
5,507,240
5,506,240
5,505,240
5,504,240
5,504,239
5,504,238
5,503,238
5,503,237
5,503,236
5,502,236
5,502,235
5,502,234
5,502,233
5,501,233
5,501,232
5,501,231
5,501,230
5,500,230
5,500,229
5,500,228
5,499,228
5,499,227
5,499,226
5,499,225
5,498,225
5,498,224
5,498,223
5,498,222
5,497,222
5,497,221
5,497,220
5,497,219
5,496,219
5,496,218
5,496,217
5,496,216
5,495,216
5,495,215
5,495,214
5,495,213
5,494,213
5,494,212
5,494,211
5,494,210
5,493,210
5,493,209
5,493,208
5,493,207
5,492,207
5,492,206
5,492,205
5,492,204
5,491,204
5,491,203
5,491,202
5,491,201
5,490,201
5,490,200
5,490,199
5,490,198
5,489,198
5,489,197
5,489,196
5,489,195
5,488,195
5,488,194
5,488,193
5,488,192
5,488,191
5,487,191
5,487,190
5,487,189
5,487,188
5,486,188
5,486,187
5,486,186
5,486,185
5,485,185
5,485,184
5,485,183
5,485,182
5,485,181
5,484,181
5,484,180
5,484,179
5,484,178
5,484,177
5,483,177
5,483,176
5,483,175
5,483,174
5,482,174
5,482,173
5,482,172
5,482,171
5,482,170
5,481,170
5,481,169
5,481,168
5,481,167
5,481,166
5,480,166
5,480,165
5,480,164
5,480,163
5,480,162
5,479,162
5,479,161
5,479,160
5,479,159
5,479,158
5,478,158
5,478,157
5,478,156
5,478,155
5,478,154
5,477,154
5,477,153
5,477,152
5,477,151
5,477,150
5,477,149
5,476,149
5,476,148
5,476,147
5,476,146
5,476,145
5,476,144
5,475,144
5,475,143
5,475,142
5,475,141
5,475,140
5,474,140
5,474,139
5,474,138
5,474,137
5,474,136
5,474,135
5,473,135
5,473,134
5,473,133
5,473,132
5,473,131
5,473,130
5,473,129
5,472,129
5,472,128
5,472,127
5,472,126
5,472,125
5,472,124
5,472,123
5,471,123
5,471,122
5,471,121
5,471,120
5,471,119
5,471,118
5,472,118
5,472,117
5,472,116
5,473,116
5,473,115
5,474,115
5,474,114
5,475,114
5,475,113
5,476,113
5,476,112
5,477,112
5,477,111
5,477,110
5,478,110
5,478,109
5,478,108
5,479,108
5,479,107
5,479,106
5,479,105
5,479,104
5,479,103
5,479,102
5,479,101
5,479,100
5,479,99
5,479,98
5,479,97
5,479,96
5,479,95
5,479,94
5,479,93
5,479,92
5,479,91
5,479,90
5,478,90
5,478,89
5,478,88
5,478,87
5,478,86
5,478,85
5,478,84
5,478,83
5,478,82
5,478,81
5,477,81
5,477,80
5,477,79
5,477,78
5,477,77
5,477,76
5,477,75
5,477,74
5,477,73
5,477,72
5,477,71
5,477,70
5,477,69
5,477,68
5,478,68
5,478,67
5,479,67
5,479,66
5,479,65
5,480,65
5,480,64
5,481,64
5,481,63
5,482,63
5,482,62
5,483,62
5,483,61
5,483,60
5,484,60
5,484,59
5,484,58
5,485,58
5,485,57
5,485,56
5,485,55
5,485,54
5,485,53
5,485,52
5,485,51
5,485,50
5,485,49
5,484,49
5,483,49
5,482,49
5,482,50
5,482,51
5,481,51
5,481,52
5,480,52
5,480,53
5,479,53
5,479,54
5,478,55
5,478,56
5,477,56
5,477,57
5,476,57
5,476,58
5,475,58
5,475,59
5,475,60
5,474,60
5,474,61
5,473,61
5,473,62
5,472,62
5,472,63
5,471,63
5,471,64
5,471,65
5,470,65
5,470,66
5,469,66
5,469,67
5,469,68
5,469,69
5,468,69
5,468,70
5,468,71
5,468,72
5,468,73
5,468,74
5,468,75
5,468,76
5,468,77
5,468,78
5,468,79
5,468,80
5,468,81
5,468,82
5,468,83
5,468,84
5,468,85
5,468,86
5,468,87
5,468,88
5,468,89
5,468,90
5,469,90
5,469,91
5,469,92
5,469,93
5,469,94
5,469,95
5,469,96
5,469,97
5,469,98
5,469,99
5,470,99
5,470,100
5,470,101
5,470,102
5,470,103
5,470,104
5,470,105
5,470,106
5,470,107
5,470,108
5,469,108
5,469,109
5,468,109
5,468,110
5,468,111
5,467,111
5,467,112
5,466,112
5,466,113
5,465,113
5,465,114
5,464,114
5,464,115
5,464,116
5,463,116
5,463,117
5,463,118
5,462,118
5,462,119
5,462,120
5,462,121
5,462,122
5,462,123
5,462,124
5,462,125
5,462,126
5,462,127
5,462,128
5,462,129
5,462,130
5,462,131
5,462,132
5,463,132
5,463,133
5,463,134
5,463,135
5,463,136
5,463,137
5,464,137
5,464,138
5,464,139
5,464,140
5,464,141
5,464,142
5,465,142
5,465,143
5,465,144
5,465,145
5,465,146
5,465,147
5,466,147
5,466,148
5,466,149
5,466,150
5,466,151
5,466,152
5,467,152
5,467,153
5,467,154
5,467,155
5,467,156
5,468,156
5,468,157
5,468,158
5,468,159
5,468,160
5,469,160
5,469,161
5,469,162
5,469,163
5,469,164
5,469,165
5,470,165
5,470,166
5,470,167
5,470,168
5,470,169
5,471,169
5,471,170
5,471,171
5,471,172
5,471,173
5,472,173
5,472,174
5,472,175
5,472,176
5,473,176
5,473,177
5,473,178
5,473,179
5,473,180
5,474,180
5,474,181
5,474,182
5,474,183
5,474,184
5,475,184
5,475,185
5,475,186
5,475,187
5,476,187
5,476,188
5,476,189
5,476,190
5,476,191
5,477,191
5,477,192
5,477,193
5,477,194
5,478,194
5,478,195
5,478,196
5,478,197
5,479,197
5,479,198
5,479,199
5,479,200
5,479,201
5,480,201
5,480,202
5,480,203
5,480,204
5,481,204
5,481,205
5,481,206
5,481,207
5,482,207
5,482,208
5,482,209
5,482,210
5,483,210
5,483,211
5,483,212
5,483,213
5,484,213
5,484,214
5,484,215
5,484,216
5,485,216
5,485,217
5,485,218
5,485,219
5,486,219
5,486,220
5,486,221
5,486,222
5,487,222
5,487,223
5,487,224
5,487,225
5,488,225
5,488,226
5,488,227
5,489,227
5,489,228
5,489,229
5,489,230
5,490,230
5,490,231
5,490,232
5,490,233
5,491,233
5,491,234
5,491,235
5,491,236
5,492,236
5,492,237
5,492,238
5,493,238
5,493,239
5,493,240
5,493,241
5,494,241
5,494,242
5,494,243
5,494,244
5,495,244
5,495,245
5,495,246
5,496,246
5,496,247
5,496,248
5,496,249
5,497,249
5,497,250
5,497,251
5,498,251
5,498,252
5,498,253
5,498,254
5,499,254
5,499,255
5,499,256
5,500,256
5,500,257
5,501,257
5,502,257
5,503,257
5,503,256
5,504,256
5,504,255
5,505,255
5,505,254
5,506,254
5,507,254
5,507,253
5,508,253
5,509,253
5,510,253
5,510,254
5,511,254
5,511,255
5,511,256
5,512,256
5,512,257
5,512,258
5,513,258
5,513,259
5,513,260
5,513,261
5,514,261
5,514,262
5,514,263
5,515,263
5,515,264
5,515,265
5,515,266
5,516,266
5,516,267
5,516,268
5,517,268
5,517,269
5,517,270
5,518,270
5,518,271
5,518,272
5,519,272
5,520,272
5,521,272
5,522,272
5,522,271
5,523,271
5,523,270
5,524,270
5,524,269
5,525,269
5,525,268
5,526,268
5,527,268
5,528,268
5,528,269
5,529,269
5,529,270
5,529,271
5,530,271
5,530,272
5,531,272
5,532,272
5,533,272
5,533,271
5,534,271
5,534,270
5,535,270
5,535,269
5,535,268
3,529,274
3,529,273
3,529,272
3,529,271
3,528,271
3,528,270
3,528,269
3,527,269
3,526,269
3,525,269
3,524,269
3,524,270
3,523,270
3,523,271
3,522,271
3,522,272
3,521,272
3,521,273
3,520,273
3,519,273
3,518,273
3,517,273
3,517,272
3,517,271
3,517,270
3,516,270
3,516,269
3,516,268
3,515,268
3,515,267
3,515,266
3,514,266
3,514,265
3,514,264
3,514,263
3,513,263
3,513,262
3,513,261
3,512,261
3,512,260
3,512,259
3,511,259
3,511,258
3,511,257
3,511,256
3,510,256
3,510,255
3,510,254
3,509,254
3,508,254
3,507,254
3,506,254
3,505,254
3,505,255
3,504,255
3,504,256
3,503,256
3,503,257
3,502,257
3,502,258
3,501,258
3,500,258
3,499,258
3,499,257
3,499,256
3,498,256
3,498,255
3,498,254
3,497,254
3,497,253
3,497,252
3,496,252
3,496,251
3,496,250
3,496,249
3,495,249
3,495,248
3,495,247
3,494,247
3,494,246
3,494,245
3,494,244
3,493,244
3,493,243
3,493,242
3,493,241
3,492,241
3,492,240
3,492,239
3,491,239
3,491,238
3,491,237
3,491,236
3,490,236
3,490,235
3,490,234
3,490,233
3,489,233
3,489,232
3,489,231
3,488,231
3,488,230
3,488,229
3,488,228
3,487,228
3,487,227
3,487,226
3,487,225
3,486,225
3,486,224
3,486,223
3,485,223
3,485,222
3,485,221
3,485,220
3,484,220
3,484,219
3,484,218
3,484,217
3,483,217
3,483,216
3,483,215
3,483,214
3,482,214
3,482,213
3,482,212
3,482,211
3,481,211
3,481,210
3,481,209
3,481,208
3,480,208
3,480,207
3,480,206
3,480,205
3,479,205
3,479,204
3,479,203
3,479,202
3,478,202
3,478,201
3,478,200
3,478,199
3,478,198
3,477,198
3,477,197
3,477,196
3,477,195
3,476,195
3,476,194
3,476,193
3,476,192
3,475,192
3,475,191
3,475,190
3,475,189
3,475,188
3,474,188
3,474,187
3,474,186
3,474,185
3,473,185
3,473,184
3,473,183
3,473,182
3,472,182
3,472,181
3,472,180
3,472,179
3,472,178
3,471,178
3,471,177
3,471,176
3,471,175
3,471,174
3,470,174
3,470,173
3,470,172
3,470,171
3,470,170
3,469,170
3,469,169
3,469,168
3,469,167
3,468,167
3,468,166
3,468,165
3,468,164
3,468,163
3,468,162
3,467,162
3,467,161
3,467,160
3,467,159
3,467,158
3,466,158
3,466,157
3,466,156
3,466,155
3,466,154
3,465,154
3,465,153
3,465,152
3,465,151
3,465,150
3,465,149
3,464,149
3,464,148
3,464,147
3,464,146
3,464,145
3,463,145
3,463,144
3,463,143
3,463,142
3,463,141
3,463,140
3,462,140
3,462,139
3,462,138
3,462,137
3,462,136
3,462,135
3,461,135
3,461,134
3,461,133
3,461,132
3,461,131
3,461,130
3,461,129
3,460,129
3,460,128
3,460,127
3,460,126
3,460,125
3,460,124
3,460,123
3,460,122
3,460,121
3,460,120
3,461,120
3,461,119
3,462,119
3,462,118
3,462,117
3,463,117
3,463,116
3,464,116
3,464,115
3,465,115
3,465,114
3,466,114
3,466,113
3,467,113
3,467,112
3,467,111
3,467,110
3,467,109
3,467,108
3,467,107
3,467,106
3,467,105
3,467,104
3,467,103
3,467,102
3,467,101
3,467,100
3,467,99
3,467,98
3,467,97
3,467,96
3,467,95
3,467,94
3,467,93
3,467,92
3,467,91
3,467,90
3,467,89
3,467,88
3,467,87
3,467,86
3,466,86
3,466,85
3,466,84
3,466,83
3,466,82
3,466,81
3,466,80
3,466,79
3,466,78
3,466,77
3,466,76
3,466,75
3,465,75
3,464,75
3,463,75
3,462,75
3,462,76
3,461,76
3,461,77
3,460,77
3,460,78
3,460,79
3,459,79
3,459,80
3,458,80
3,458,81
3,457,81
3,456,81
3,455,81
3,454,81
3,454,80
3,454,79
3,453,79
3,452,79
3,451,79
3,451,80
3,450,80
3,450,81
3,449,81
3,449,82
3,449,83
3,448,83
3,448,84
3,447,84
3,447,85
3,446,85
3,446,86
3,445,86
3,445,87
3,445,88
3,444,88
3,444,89
3,443,89
3,443,90
3,442,90
3,442,91
3,441,91
3,441,92
3,441,93
3,440,93
3,440,94
3,439,94
3,439,95
3,438,95
3,438,96
3,438,97
3,437,97
3,437,98
3,436,98
3,436,99
3,435,99
3,435,100
3,434,100
3,433,100
3,432,100
3,431,100
3,431,99
3,431,98
3,430,98
3,429,98
3,428,98
3,428,99
3,427,100
3,427,101
3,426,101
3,426,102
3,425,102
3,425,103
3,424,103
3,424,104
3,423,104
3,423,105
3,422,105
3,422,106
3,421,106
3,420,106
3,419,106
3,419,105
3,418,105
3,417,105
3,416,105
3,415,105
3,415,106
3,415,107
3,414,107
3,414,108
3,413,108
3,413,109
3,412,109
3,412,110
3,412,111
3,411,111
3,411,112
3,410,112
3,410,113
3,409,113
3,409,114
3,408,114
3,408,115
3,408,116
3,407,116
3,407,117
3,406,117
3,406,118
3,405,118
3,405,119
3,405,120
3,404,120
3,404,121
3,403,121
3,403,122
3,402,122
3,402,123
3,401,123
3,401,124
3,400,124
3,400,125
3,399,125
3,399,126
3,398,126
3,397,126
3,396,126
3,395,126
3,395,125
3,394,125
3,393,125
3,392,125
3,392,126
3,391,126
3,391,127
3,391,128
3,390,128
3,390,129
3,389,129
3,389,130
3,388,130
3,388,131
3,387,131
3,387,132
3,387,133
3,386,133
3,386,134
3,385,134
3,385,135
3,384,135
3,384,136
3,383,137
3,383,138
3,382,138
3,382,139
3,381,139
3,381,140
3,380,140
3,380,141
3,380,142
3,379,142
3,379,143
3,378,143
3,378,144
3,377,144
3,377,145
3,376,145
3,376,146
3,376,147
3,375,147
3,375,148
3,374,148
3,373,148
3,372,148
3,371,148
3,370,148
3,369,148
3,368,148
3,367,148
3,367,149
3,366,149
3,366,150
3,365,151
3,365,152
3,364,152
3,364,153
3,363,153
3,363,154
3,362,155
3,361,156
3,360,157
3,360,158
3,359,158
3,359,159
3,358,159
3,358,160
3,358,161
3,357,161
3,357,162
3,356,162
3,356,163
3,355,163
3,355,164
3,354,165
3,353,166
3,353,167
3,352,167
3,352,168
3,351,168
3,351,169
3,350,170
3,350,171
3,349,171
3,349,172
3,348,172
3,348,173
3,347,173
3,347,174
3,346,175
3,346,176
3,345,176
3,345,177
3,344,177
3,344,178
3,343,178
3,343,179
3,342,179
3,342,180
3,341,181
3,341,182
3,340,182
3,340,183
3,339,183
3,339,184
3,338,185
3,338,186
3,337,186
3,337,187
3,336,187
3,336,188
3,335,188
3,335,189
3,334,189
3,334,190
3,334,191
3,333,191
3,333,192
3,332,192
3,332,193
3,331,193
3,331,194
3,330,194
3,330,195
3,329,196
3,328,197
3,328,198
3,327,198
3,327,199
3,326,199
3,326,200
3,326,201
3,325,201
3,325,202
3,325,203
3,325,204
3,324,204
3,324,205
3,324,206
3,324,207
3,324,208
3,324,209
3,324,210
3,324,211
3,324,212
3,323,212
3,323,213
3,322,213
3,322,214
3,321,214
3,321,215
3,320,215
3,320,216
3,319,216
3,319,217
3,319,218
3,318,218
3,318,219
3,317,219
3,317,220
3,316,220
3,316,221
3,316,222
3,315,222
3,315,223
3,315,224
3,314,224
3,314,225
3,314,226
3,314,227
3,314,228
3,314,229
3,314,230
3,314,231
3,314,232
3,315,232
3,315,233
3,315,234
3,316,234
3,316,235
3,316,236
3,317,236
3,317,237
3,317,238
3,318,238
3,318,239
3,318,240
3,319,240
3,319,241
3,320,241
3,321,241
3,322,241
3,322,240
3,322,239
3,323,239
3,323,238
3,324,238
3,324,237
3,325,237
3,325,236
3,326,236
3,326,235
3,327,235
3,327,234
3,327,233
3,328,233
3,329,233
3,330,233
3,331,233
3,332,233
3,333,233
3,334,233
3,335,233
3,336,233
3,336,232
3,336,231
3,337,231
3,337,230
3,338,230
3,338,229
3,339,229
3,339,228
3,340,228
3,340,227
3,341,227
3,341,226
3,342,226
3,342,225
3,343,225
3,344,225
3,345,225
3,346,225
3,347,225
3,348,225
3,349,225
3,350,225
3,350,224
3,351,224
3,351,223
3,352,223
3,352,222
3,353,222
3,353,221
3,354,221
3,354,220
3,354,219
3,355,219
3,355,218
3,356,218
3,356,217
3,357,217
3,357,216
3,358,216
3,358,215
3,359,215
3,359,214
3,359,213
3,360,213
3,360,212
3,361,212
3,361,211
3,362,211
3,362,210
3,363,210
3,363,209
3,364,209
3,364,208
3,365,207
3,365,206
3,366,206
3,366,205
3,367,205
3,367,204
3,368,204
3,369,204
3,370,204
3,371,204
3,371,205
3,372,205
3,373,205
3,374,205
3,375,205
3,375,204
3,375,203
3,376,203
3,376,202
3,377,202
3,377,201
3,378,201
3,378,200
3,379,200
3,379,199
3,379,198
3,380,198
3,380,197
3,381,197
3,382,197
3,383,197
3,384,197
3,384,198
3,384,199
3,385,199
3,386,199
3,387,199
3,387,198
3,388,198
3,388,197
3,389,197
3,389,196
3,390,196
3,390,195
3,391,195
3,391,194
3,391,193
3,392,193
3,392,192
3,393,192
3,394,192
3,395,192
3,396,192
3,397,192
3,397,193
3,397,194
3,397,195
3,397,196
3,397,197
3,396,197
3,396,198
3,395,198
3,395,199
3,394,199
3,394,200
3,394,201
3,393,201
3,393,202
3,392,202
3,392,203
3,391,203
3,391,204
3,390,204
3,390,205
3,389,205
3,388,205
3,387,205
3,386,205
3,385,205
3,384,205
3,383,205
3,382,205
3,381,205
3,381,206
3,381,207
3,380,207
3,380,208
3,379,208
3,379,209
3,378,209
3,378,210
3,377,210
3,377,211
3,377,212
3,376,212
3,376,213
3,375,213
3,375,214
3,374,214
3,374,215
3,373,215
3,373,216
3,372,216
3,372,217
3,372,218
3,371,218
3,371,219
3,370,219
3,370,220
3,369,220
3,369,221
3,368,221
3,368,222
3,367,222
3,367,223
3,367,224
3,366,224
3,366,225
3,365,225
3,365,226
3,364,226
3,364,227
3,363,227
3,363,228
3,363,229
3,362,229
3,362,230
3,361,230
3,361,231
3,360,231
3,360,232
3,359,232
3,359,233
3,358,233
3,358,234
3,358,235
3,357,235
3,357,236
3,356,236
3,356,237
3,355,237
3,355,238
3,354,238
3,354,239
3,353,239
3,353,240
3,353,241
3,352,241
3,352,242
3,351,242
3,351,243
3,350,243
3,350,244
3,349,244
3,349,245
3,348,245
3,348,246
3,348,247
3,347,247
3,347,248
3,346,248
3,346,249
3,345,249
3,345,250
3,344,250
3,344,251
3,344,252
3,343,252
3,343,253
3,342,253
3,342,254
3,341,254
3,341,255
3,340,255
3,340,256
3,339,256
3,339,257
3,338,258
3,338,259
3,337,259
3,337,260
3,336,260
3,336,261
3,335,261
3,335,262
3,334,262
3,334,263
3,334,264
3,333,264
3,333,265
3,332,265
3,332,266
3,331,266
3,331,267
3,330,267
3,330,268
3,329,268
3,329,269
3,329,270
3,328,270
3,328,271
3,327,271
3,327,272
3,326,272
3,326,273
3,325,273
3,325,274
3,324,274
3,324,275
3,324,276
3,323,276
3,323,277
3,322,277
3,322,278
3,321,278
3,321,279
3,320,279
3,320,280
3,320,281
3,319,281
3,319,282
3,318,282
3,318,283
3,317,283
3,317,284
3,316,284
3,316,285
3,315,285
3,315,286
3,315,287
3,314,287
3,314,288
3,313,289
3,313,290
3,313,291
3,313,292
3,313,293
3,313,294
3,313,295
3,314,295
3,314,296
3,314,297
3,315,297
3,315,298
3,316,298
3,316,299
3,316,300
3,317,300
3,317,301
3,318,301
3,318,302
3,318,303
3,319,303
3,319,304
3,320,304
3,320,305
3,320,306
3,321,306
3,321,307
3,322,307
3,322,308
3,322,309
3,323,309
3,323,310
3,324,310
3,324,311
3,324,312
3,325,312
3,325,313
3,326,313
3,326,314
3,326,315
3,327,315
3,327,316
3,328,316
3,328,317
3,329,317
3,329,318
3,329,319
3,330,319
3,330,320
3,331,320
3,331,321
3,331,322
3,332,322
3,332,323
3,333,323
3,333,324
3,333,325
3,334,325
3,334,326
3,335,326
3,335,327
3,336,327
3,336,328
3,336,329
3,337,329
3,337,330
3,338,330
3,338,331
3,338,332
3,339,332
3,339,333
3,340,333
3,340,334
3,340,335
3,341,335
3,341,336
3,342,336
3,342,337
3,343,337
3,343,338
3,343,339
3,344,339
3,344,340
3,345,340
3,345,341
3,345,342
3,346,342
3,346,343
3,347,343
3,347,344
3,348,344
3,348,345
3,348,346
3,349,346
3,349,347
3,350,347
3,350,348
3,350,349
3,351,349
3,351,350
3,352,350
3,352,351
3,353,351
3,353,352
3,353,353
3,354,353
3,354,354
3,355,354
3,355,355
3,355,356
3,356,356
3,356,357
3,357,357
3,357,358
3,358,358
3,358,359
3,358,360
3,359,360
3,359,361
3,360,361
3,360,362
3,361,362
3,361,363
3,361,364
3,362,364
3,362,365
3,363,365
3,363,366
3,363,367
3,364,367
3,364,368
3,365,368
3,365,369
3,366,369
3,366,370
3,366,371
3,367,371
3,367,372
3,368,372
3,368,373
3,369,373
3,369,374
3,369,375
3,370,375
3,370,376
3,371,376
3,371,377
3,372,377
3,372,378
3,372,379
3,373,379
3,373,380
3,374,380
3,374,381
3,374,382
3,375,382
3,375,383
3,376,383
3,376,384
3,377,384
3,377,385
3,377,386
3,378,386
3,378,387
3,379,387
3,379,388
3,380,388
3,380,389
3,380,390
3,381,390
3,381,391
3,382,391
3,382,392
3,383,392
3,383,393
3,383,394
3,384,394
3,384,395
3,385,395
3,385,396
3,386,396
3,386,397
3,386,398
3,387,398
3,387,399
3,388,399
3,388,400
3,389,400
3,389,401
3,389,402
3,390,402
3,390,403
3,391,403
3,391,404
3,391,405
3,392,405
3,393,405
3,394,405
3,395,405
3,395,404
3,396,404
3,396,403
3,397,403
3,397,402
3,397,401
3,398,401
3,398,400
3,399,400
3,399,399
3,400,399
3,400,398
3,401,398
3,401,397
3,402,397
3,402,396
3,402,395
3,403,395
3,403,394
3,404,394
3,404,393
3,405,393
3,405,392
3,406,392
3,406,391
3,406,390
3,407,390
3,407,389
3,408,389
3,408,388
3,409,388
3,409,387
3,410,387
3,410,386
3,411,386
3,411,385
3,411,384
3,412,384
3,412,383
3,413,383
3,413,382
3,414,382
3,414,381
3,415,381
3,415,380
3,416,380
3,416,379
3,416,378
3,417,378
3,417,377
3,418,377
3,418,376
3,419,376
3,419,375
3,420,375
3,420,374
3,421,374
3,421,373
3,422,373
3,422,372
3,422,371
3,423,371
3,423,370
3,424,370
3,424,369
3,425,369
3,425,368
3,426,368
3,426,367
3,427,367
3,427,366
3,427,365
3,428,365
3,428,364
3,429,364
3,429,363
3,430,363
3,430,362
3,431,362
3,431,361
3,432,361
3,432,360
3,433,360
3,433,359
3,433,358
3,434,358
3,434,357
3,435,357
3,435,356
3,436,356
3,436,355
3,437,355
3,437,354
3,438,354
3,438,353
3,439,353
3,439,352
3,440,352
3,441,352
3,442,352
3,443,352
3,443,353
3,444,353
3,444,354
3,445,354
3,445,355
3,445,356
3,445,357
3,444,357
3,444,358
3,444,359
3,443,359
3,443,360
3,442,360
3,442,361
3,441,361
3,441,362
3,440,362
3,440,363
3,440,364
3,440,365
3,440,366
3,440,367
3,440,368
3,440,369
3,440,370
3,441,370
3,441,371
3,441,372
3,441,373
3,441,374
3,440,374
3,440,375
3,439,375
3,439,376
3,438,376
3,438,377
3,438,378
3,437,378
3,437,379
3,436,379
3,436,380
3,436,381
3,436,382
3,436,383
3,436,384
3,436,385
3,437,385
3,437,386
3,437,387
3,437,388
3,437,389
3,437,390
3,437,391
3,437,392
3,436,392
3,436,393
3,435,393
3,435,394
3,434,394
3,434,395
3,433,395
3,433,396
3,433,397
3,433,398
3,433,399
3,433,400
3,433,401
3,433,402
3,433,403
3,434,403
3,434,404
3,434,405
3,434,406
3,434,407
3,434,408
3,433,408
3,433,409
3,432,409
3,432,410
3,431,410
3,431,411
3,430,411
3,430,412
3,430,413
3,430,414
3,430,415
3,430,416
3,430,417
3,430,418
3,431,418
3,431,419
3,431,420
3,432,420
3,432,421
3,433,421
3,433,422
3,433,423
3,434,423
3,434,424
3,435,424
3,435,425
3,436,425
3,436,426
3,436,427
3,437,427
3,437,428
3,438,428
3,438,429
3,438,430
3,439,430
3,439,431
3,440,431
3,440,432
3,441,432
3,441,433
3,442,433
3,443,433
3,444,433
3,445,433
3,445,432
3,446,432
3,446,431
3,446,430
3,447,430
3,447,429
3,448,429
3,449,429
3,450,429
3,451,429
3,452,429
3,452,430
3,453,430
3,454,430
3,455,430
3,456,430
3,457,430
3,458,430
3,458,429
3,459,429
3,459,428
3,460,428
3,460,427
3,461,427
3,461,426
3,461,425
3,462,425
3,462,424
3,463,424
3,463,423
3,464,423
3,464,422
3,465,422
3,465,421
3,466,421
3,466,420
3,466,419
3,467,419
3,467,418
3,468,418
3,468,417
3,469,417
3,469,416
3,470,416
3,470,415
3,471,415
3,471,414
3,472,414
3,472,413
3,472,412
3,473,412
3,473,411
3,474,411
3,474,410
3,475,410
3,475,409
3,476,409
3,476,408
3,477,408
3,477,407
3,478,407
3,478,406
3,479,406
3,479,405
3,479,404
3,480,404
3,480,403
3,481,403
3,481,402
3,481,401
3,481,400
3,482,400
3,482,399
3,482,398
3,482,397
3,482,396
3,482,395
3,481,395
3,481,394
3,481,393
3,481,392
3,481,391
3,481,390
3,481,389
3,482,389
3,482,388
3,483,388
3,483,387
3,484,387
3,484,386
3,485,386
3,485,385
3,486,385
3,486,384
3,487,384
3,487,383
3,488,383
3,488,382
3,489,382
3,489,381
3,489,380
3,490,380
3,490,379
3,491,379
3,491,378
3,492,378
3,492,377
3,492,376
3,492,375
3,493,375
3,493,374
3,493,373
3,493,372
3,493,371
3,493,370
3,492,370
3,492,369
3,492,368
3,492,367
3,492,366
3,492,365
3,492,364
3,493,364
3,493,363
3,494,363
3,494,362
3,495,362
3,495,361
3,495,360
3,496,360
3,496,359
3,496,358
3,496,357
3,496,356
3,496,355
3,496,354
3,496,353
3,495,353
3,495,352
3,495,351
3,495,350
3,495,349
3,495,348
3,496,348
3,496,347
3,497,347
3,497,346
3,498,346
3,498,345
3,499,345
3,499,344
3,500,344
3,500,343
3,501,343
3,501,342
3,502,342
3,502,341
3,503,341
3,503,340
3,504,340
3,504,339
3,504,338
3,505,338
3,505,337
3,506,337
3,506,336
3,507,336
3,507,335
3,507,334
3,507,333
3,507,332
3,507,331
3,507,330
3,507,329
3,507,328
3,507,327
3,507,326
3,507,325
3,507,324
3,507,323
3,508,323
3,508,322
3,509,322
3,509,321
3,510,321
3,510,320
3,511,320
3,511,319
3,512,319
3,512,318
3,513,318
3,513,317
3,514,317
3,514,316
3,515,316
3,515,315
3,516,315
3,516,314
3,517,314
3,517,313
3,518,313
3,518,312
3,518,311
3,519,311
3,519,310
3,519,309
3,520,309
3,520,308
3,520,307
3,520,306
3,520,305
3,520,304
3,520,303
3,519,303
3,519,302
3,519,301
3,519,300
3,519,299
3,520,299
3,520,298
3,521,298
3,521,297
3,521,296
3,522,296
3,522,295
3,523,295
3,523,294
3,524,294
3,524,293
3,524,292
3,524,291
3,524,290
3,524,289
3,524,288
3,524,287
3,524,286
3,523,286
3,523,285
3,523,284
3,523,283
3,523,282
3,524,282
3,524,281
3,525,281
3,525,280
3,526,280
3,526,279
3,527,279
3,527,278
20,533,283
20,533,282
20,533,281
20,533,280
20,532,280
20,532,279
20,532,278
20,531,278
20,530,278
20,529,278
20,528,278
20,527,278
20,526,278
20,526,279
20,526,280
20,525,280
20,525,281
20,525,282
20,525,283
20,525,284
20,525,285
20,525,286
20,525,287
20,525,288
20,526,288
20,527,288
20,528,288
20,529,288
20,530,288
20,530,287
20,531,287
22,529,299
22,529,298
22,529,297
22,528,297
22,528,296
22,528,295
22,527,295
22,527,294
22,526,294
22,525,294
22,524,294
22,523,294
22,523,295
22,522,295
22,522,296
22,521,296
22,521,297
22,520,297
22,520,298
22,520,299
22,520,300
22,520,301
22,520,302
22,520,303
22,521,303
22,521,304
22,522,304
22,523,304
22,524,304
22,525,304
22,526,304
22,526,303
22,527,303
16,525,315
16,525,314
16,524,314
16,524,313
16,524,312
16,523,312
16,523,311
16,522,311
16,521,311
16,520,311
16,519,311
16,518,311
16,518,312
16,517,312
16,517,313
16,516,313
16,516,314
16,515,314
16,515,315
16,514,315
16,514,316
16,513,316
16,513,317
16,513,318
16,512,318
16,512,319
16,511,319
16,511,320
16,510,320
16,510,321
16,509,321
16,509,322
16,508,322
16,508,323
16,508,324
16,508,325
16,508,326
16,508,327
16,508,328
16,508,329
16,509,329
16,509,330
16,510,330
16,511,330
16,512,330
16,513,330
16,513,329
16,514,329
16,514,328
16,515,328
16,515,327
16,516,327
16,516,326
16,517,326
16,517,325
16,517,324
16,518,324
16,518,323
16,519,323
16,519,322
16,520,322
16,520,321
16,521,321
16,521,320
16,522,320
16,522,319
16,523,319
14,513,341
14,513,340
14,513,339
14,512,339
14,512,338
14,512,337
14,511,337
14,511,336
14,511,335
14,510,335
14,509,335
14,508,335
14,507,335
14,507,336
14,506,336
14,506,337
14,505,337
14,505,338
14,504,338
14,504,339
14,503,339
14,503,340
14,502,340
14,502,341
14,502,342
14,501,342
14,501,343
14,500,343
14,500,344
14,499,344
14,499,345
14,498,345
14,498,346
14,497,346
14,497,347
14,497,348
14,497,349
14,497,350
14,497,351
14,497,352
14,497,353
14,497,354
14,497,355
14,498,355
14,498,356
14,498,357
14,498,358
14,497,358
14,497,359
14,496,359
14,496,360
14,495,360
14,495,361
14,495,362
14,494,362
14,494,363
14,493,363
14,493,364
14,493,365
14,493,366
14,493,367
14,493,368
14,493,369
14,493,370
14,494,370
14,494,371
14,495,371
14,496,371
14,497,371
14,498,371
14,498,370
14,499,370
14,499,369
14,500,369
14,500,368
14,501,368
14,501,367
14,502,367
14,502,366
14,503,366
14,503,365
14,504,365
14,504,364
14,505,364
14,505,363
14,506,363
14,506,362
14,507,362
14,507,361
14,507,360
14,508,360
14,508,359
14,508,358
14,508,357
14,508,356
14,508,355
14,508,354
14,508,353
14,508,352
14,507,352
14,507,351
14,507,350
14,507,349
14,507,348
14,507,347
14,508,347
14,508,346
14,509,346
14,509,345
14,510,345
14,510,344
14,511,344
17,498,381
17,498,380
17,498,379
17,498,378
17,497,378
17,497,377
17,496,377
17,495,377
17,494,377
17,493,377
17,492,377
17,492,378
17,491,378
17,491,379
17,490,379
17,490,380
17,489,380
17,489,381
17,489,382
17,488,382
17,488,383
17,487,383
17,487,384
17,486,384
17,486,385
17,485,385
17,485,386
17,484,386
17,484,387
17,483,387
17,483,388
17,483,389
17,482,389
17,482,390
17,482,391
17,482,392
17,482,393
17,482,394
17,482,395
17,483,395
17,484,395
17,485,395
17,486,395
17,487,395
17,488,395
17,488,394
17,489,394
17,489,393
17,490,393
17,490,392
17,491,392
17,491,391
17,492,391
17,492,390
17,493,390
17,493,389
17,494,389
17,494,388
17,494,387
17,495,387
17,495,386
17,496,386
17,496,385
17,497,385
24,485,399
12,566,87
12,566,86
12,566,85
12,566,84
12,566,83
12,566,82
12,566,81
12,566,80
12,566,79
12,566,78
12,565,78
12,565,77
12,565,76
12,565,75
12,565,74
12,565,73
12,565,72
12,565,71
12,564,71
12,564,70
12,563,70
12,562,70
12,561,70
12,560,70
12,560,71
12,559,71
12,559,72
12,558,72
12,558,73
12,557,73
12,557,74
12,557,75
12,556,75
12,556,76
12,555,76
12,555,77
12,554,77
12,554,78
12,553,78
12,553,79
12,552,79
12,552,80
12,551,80
12,551,81
12,550,81
12,550,82
12,549,82
12,549,83
12,548,83
12,548,84
12,547,84
12,547,85
12,546,85
12,546,86
12,546,87
12,545,87
12,545,88
12,544,88
12,544,89
12,543,89
12,543,90
12,542,90
12,542,91
12,541,91
12,541,92
12,540,92
12,540,93
12,539,93
12,539,94
12,539,95
12,539,96
12,539,97
12,539,98
12,539,99
12,539,100
12,539,101
12,539,102
12,539,103
12,539,104
12,539,105
12,539,106
12,539,107
12,539,108
12,539,109
12,539,110
12,539,111
12,539,112
12,540,112
12,541,112
12,542,112
12,543,112
12,544,112
12,544,111
12,545,111
12,545,110
12,546,110
12,546,109
12,547,109
12,547,108
12,548,108
12,548,107
12,549,107
12,549,106
12,550,106
12,550,105
12,550,104
12,551,104
12,551,103
12,552,103
12,552,102
12,553,102
12,553,101
12,554,101
12,554,100
12,555,100
12,555,99
12,556,99
12,556,98
12,557,98
12,557,97
12,558,97
12,558,96
12,559,96
12,559,95
12,560,95
12,560,94
12,561,94
12,561,93
12,562,93
12,562,92
12,563,92
12,563,91
12,564,91
10,567,87
10,566,87
10,565,87
10,565,88
10,565,89
10,564,89
10,564,90
10,563,90
10,563,91
10,562,91
10,562,92
10,561,92
10,561,93
10,560,93
10,560,94
10,559,94
10,559,95
10,558,95
10,558,96
10,557,96
10,557,97
10,556,97
10,556,98
10,555,98
10,555,99
10,554,99
10,554,100
10,553,100
10,553,101
10,552,101
10,552,102
10,551,102
10,551,103
10,550,103
10,550,104
10,550,105
10,549,105
10,549,106
10,548,106
10,548,107
10,547,107
10,547,108
10,546,108
10,546,109
10,545,109
10,545,110
10,544,110
10,544,111
10,543,111
10,543,112
10,542,112
10,542,113
10,541,113
10,540,113
10,539,113
10,538,113
10,538,112
10,538,111
10,538,110
10,538,109
10,538,108
10,537,108
10,537,107
10,537,106
10,537,105
10,537,104
10,537,103
10,537,102
10,536,102
10,536,101
10,536,100
10,536,99
10,536,98
10,536,97
10,537,97
10,537,96
10,538,96
10,538,95
10,539,95
10,539,94
10,540,94
10,540,93
10,541,93
10,541,92
10,542,92
10,542,91
10,543,91
10,543,90
10,544,90
10,544,89
10,545,89
10,545,88
10,545,87
10,546,87
10,546,86
10,547,86
10,547,85
10,548,85
10,548,84
10,549,84
10,549,83
10,550,83
10,550,82
10,551,82
10,551,81
10,552,81
10,552,80
10,553,80
10,553,79
10,554,79
10,554,78
10,555,78
10,555,77
10,556,77
10,556,76
10,557,76
10,557,75
10,558,75
10,558,74
10,558,73
10,559,73
10,559,72
10,560,72
10,560,71
10,561,71
10,561,70
10,562,70
10,562,69
10,563,69
10,564,69
10,565,69
10,565,70
10,565,71
10,566,71
10,566,72
10,566,73
10,566,74
10,566,75
10,566,76
10,566,77
10,566,78
10,566,79
10,567,79
10,567,80
10,567,81
10,567,82
10,567,83
8,671,-67
8,671,-68
8,671,-69
8,671,-70
8,671,-71
8,671,-72
8,671,-73
8,671,-74
8,671,-75
8,671,-76
8,671,-77
8,671,-78
8,671,-79
8,671,-80
8,671,-81
8,671,-82
8,671,-83
8,671,-84
8,671,-85
8,671,-86
8,671,-87
8,671,-88
8,671,-89
8,671,-90
8,671,-91
8,671,-92
8,671,-93
8,671,-94
8,671,-95
8,671,-96
8,671,-97
8,671,-98
8,671,-99
8,670,-99
8,670,-100
8,669,-100
8,668,-100
8,667,-100
8,666,-100
8,665,-100
8,665,-99
8,664,-99
8,663,-99
8,662,-99
8,661,-99
8,661,-100
8,661,-101
8,661,-102
8,661,-103
8,661,-104
8,661,-105
8,660,-105
8,659,-105
8,658,-105
8,657,-105
8,656,-105
8,656,-104
8,655,-104
8,655,-103
8,654,-103
8,653,-103
8,652,-103
8,652,-104
8,652,-105
8,652,-106
8,652,-107
8,652,-108
8,652,-109
8,651,-109
8,650,-109
8,649,-109
8,648,-109
8,647,-109
8,647,-108
8,646,-108
8,646,-107
8,646,-106
8,645,-106
8,645,-105
8,645,-104
8,645,-103
8,645,-102
8,645,-101
8,645,-100
8,645,-99
8,645,-98
8,645,-97
8,645,-96
8,645,-95
8,645,-94
8,645,-93
8,645,-92
8,645,-91
8,645,-90
8,645,-89
8,645,-88
8,645,-87
8,645,-86
8,645,-85
8,645,-84
8,645,-83
8,645,-82
8,645,-81
8,645,-80
8,645,-79
8,645,-78
8,645,-77
8,645,-76
8,645,-75
8,645,-74
8,645,-73
8,645,-72
8,645,-71
8,645,-70
8,645,-69
8,646,-69
8,647,-69
8,648,-69
8,649,-69
8,650,-69
8,650,-70
8,651,-70
8,651,-71
8,652,-71
8,653,-71
8,653,-70
8,653,-69
8,653,-68
8,653,-67
8,653,-66
8,653,-65
8,653,-64
8,653,-63
8,653,-62
8,653,-61
8,653,-60
8,653,-59
8,653,-58
8,653,-57
8,653,-56
8,653,-55
8,653,-54
8,654,-54
8,654,-53
8,654,-52
8,654,-51
8,654,-50
8,654,-49
8,654,-48
8,654,-47
8,654,-46
8,654,-45
8,654,-44
8,654,-43
8,654,-42
8,654,-41
8,655,-41
8,656,-41
8,657,-41
8,658,-41
8,659,-41
8,660,-41
8,660,-42
8,661,-42
8,661,-43
8,661,-44
8,661,-45
8,661,-46
8,661,-47
8,661,-48
8,661,-49
8,661,-50
8,661,-51
8,661,-52
8,661,-53
8,661,-54
8,661,-55
8,662,-55
8,662,-56
8,663,-56
8,663,-57
8,664,-57
8,664,-58
8,665,-58
8,665,-59
8,666,-59
8,666,-60
8,667,-60
8,667,-61
8,668,-61
8,668,-62
6,672,-67
6,672,-66
6,671,-66
6,671,-65
6,670,-65
6,669,-65
6,669,-64
6,668,-64
6,668,-63
6,667,-63
6,667,-62
6,666,-62
6,666,-61
6,665,-61
6,665,-60
6,665,-59
6,665,-58
6,664,-58
6,664,-57
6,664,-56
6,664,-55
6,664,-54
6,664,-53
6,664,-52
6,664,-51
6,664,-50
6,664,-49
6,664,-48
6,664,-47
6,663,-47
6,663,-46
6,663,-45
6,662,-45
6,662,-44
6,661,-44
6,661,-43
6,660,-43
6,660,-42
6,659,-42
6,659,-41
6,658,-41
6,658,-40
6,657,-40
6,656,-40
6,656,-39
6,655,-39
6,654,-39
6,654,-40
6,654,-41
6,653,-41
6,653,-42
6,653,-43
6,653,-44
6,653,-45
6,653,-46
6,653,-47
6,653,-48
6,653,-49
6,653,-50
6,653,-51
6,653,-52
6,653,-53
6,653,-54
6,653,-55
6,653,-56
6,653,-57
6,653,-58
6,653,-59
6,653,-60
6,653,-61
6,653,-62
6,653,-63
6,653,-64
6,653,-65
6,653,-66
6,653,-67
6,653,-68
6,653,-69
6,653,-70
6,652,-70
6,651,-70
6,650,-70
6,649,-70
6,648,-70
6,648,-69
6,647,-69
6,647,-68
6,646,-68
6,645,-68
6,644,-68
6,643,-68
6,643,-69
6,643,-70
6,643,-71
6,643,-72
6,643,-73
6,643,-74
6,643,-75
6,643,-76
6,643,-77
6,643,-78
6,643,-79
6,643,-80
6,643,-81
6,643,-82
6,643,-83
6,643,-84
6,643,-85
6,643,-86
6,643,-87
6,643,-88
6,643,-89
6,643,-90
6,643,-91
6,643,-92
6,643,-93
6,643,-94
6,643,-95
6,643,-96
6,643,-97
6,643,-98
6,643,-99
6,643,-100
6,643,-101
6,643,-102
6,643,-103
6,644,-103
6,644,-104
6,645,-104
6,645,-105
6,646,-105
6,646,-106
6,647,-106
6,647,-107
6,648,-107
6,648,-108
6,649,-108
6,649,-109
6,650,-109
6,650,-110
6,651,-110
6,651,-111
6,652,-111
6,653,-111
6,653,-110
6,653,-109
6,653,-108
6,653,-107
6,653,-106
6,653,-105
6,654,-105
6,655,-105
6,656,-105
6,657,-105
6,658,-105
6,659,-105
6,660,-105
6,660,-106
6,661,-106
6,662,-106
6,662,-105
6,662,-104
6,662,-103
6,662,-102
6,662,-101
6,662,-100
6,663,-100
6,664,-100
6,665,-100
6,666,-100
6,667,-100
6,668,-100
6,668,-101
6,669,-101
6,670,-101
6,671,-101
6,671,-100
6,671,-99
6,671,-98
6,671,-97
6,671,-96
6,671,-95
6,671,-94
6,671,-93
6,671,-92
6,671,-91
6,671,-90
6,671,-89
6,671,-88
6,671,-87
6,671,-86
6,671,-85
6,671,-84
6,671,-83
6,671,-82
6,671,-81
6,671,-80
6,671,-79
6,671,-78
6,671,-77
6,671,-76
6,671,-75
6,672,-75
6,672,-74
6,672,-73
6,672,-72
6,672,-71
21,465,71
21,465,70
21,465,69
21,465,68
21,465,67
21,465,66
21,464,66
21,463,66
21,462,66
21,461,66
21,461,67
21,460,67
21,460,68
21,459,68
21,459,69
21,459,70
21,458,70
21,458,71
21,458,72
21,457,72
21,457,73
21,457,74
21,457,75
21,457,76
21,457,77
21,457,78
21,457,79
21,457,80
21,458,80
21,459,80
21,459,79
21,460,79
21,460,78
21,461,78
21,461,77
21,462,77
15,454,75
15,454,74
15,454,73
15,454,72
15,454,71
15,453,71
15,453,70
15,452,70
15,451,70
15,450,70
15,450,71
15,449,71
15,449,72
15,449,73
15,448,73
15,448,74
15,447,74
15,447,75
15,446,75
15,446,76
15,445,76
15,444,76
15,443,76
15,442,76
15,442,75
15,441,75
15,440,75
15,439,75
15,439,76
15,438,76
15,438,77
15,437,77
15,437,78
15,436,78
15,436,79
15,435,79
15,435,80
15,435,81
15,434,81
15,434,82
15,433,82
15,433,83
15,432,83
15,432,84
15,432,85
15,431,85
15,431,86
15,430,86
15,430,87
15,429,87
15,429,88
15,428,89
15,428,90
15,427,90
15,427,91
15,426,91
15,426,92
15,425,92
15,425,93
15,425,94
15,424,94
15,424,95
15,424,96
15,423,96
15,423,97
15,422,97
15,422,98
15,422,99
15,422,100
15,422,101
15,422,102
15,422,103
15,422,104
15,423,104
15,424,104
15,425,104
15,425,103
15,426,103
15,426,102
15,426,101
15,427,101
15,427,100
15,428,100
15,428,99
15,429,99
15,429,98
15,430,98
15,431,98
15,432,98
15,433,98
15,433,99
15,434,99
15,435,99
15,436,99
15,436,98
15,437,98
15,437,97
15,438,97
15,438,96
15,439,96
15,439,95
15,440,95
15,440,94
15,440,93
15,441,93
15,441,92
15,442,92
15,442,91
15,443,91
15,443,90
15,444,90
15,444,89
15,445,88
15,445,87
15,446,87
15,446,86
15,447,86
15,447,85
15,447,84
15,448,84
15,448,83
15,449,83
15,449,82
15,450,82
15,450,81
25,420,100
18,396,195
18,396,194
18,396,193
18,395,193
18,395,192
18,394,192
18,393,192
18,392,192
18,392,193
18,391,193
18,391,194
18,391,195
18,390,195
18,390,196
18,389,196
18,389,197
18,389,198
18,388,198
18,388,199
18,388,200
18,387,200
18,387,201
18,387,202
18,387,203
18,387,204
18,387,205
18,388,205
18,389,205
18,390,205
18,390,204
18,391,204
18,391,203
18,392,203
18,392,202
18,393,202
18,393,201
18,394,201
18,394,200
18,394,199
